# This file uses centimeters as units for non-parametric coordinates.

mtllib Upload Perbaikan.mtl
g default
v 0.711978 -5.210682 12.199014
v 0.711978 -5.210682 10.492902
v 0.711978 -5.189923 10.281715
v 0.711978 -5.189923 11.987828
v 0.711978 -3.461679 11.987828
v 0.711978 -3.461679 10.281715
v 0.711978 -3.463416 10.400519
v 0.711978 -3.463415 12.106632
v 0.711978 -3.159660 12.106632
v 0.711978 -3.159661 10.400519
v 0.711978 -3.161397 10.281715
v 0.711978 -3.140457 10.492902
v 0.711978 -3.140457 12.199014
v 0.711978 -2.842954 12.199014
v 0.711978 -2.842954 10.492902
v 0.711978 -2.869886 10.281715
v 0.711978 -2.869886 10.101725
v 0.711978 -5.490206 10.101725
v 0.711978 -5.490206 10.281715
v 0.711978 -5.517138 10.492902
v 0.711978 -5.517138 12.199014
v -0.718998 -2.869886 10.101725
v -0.718998 -5.490206 10.101725
v -0.718998 -5.517138 12.199014
v -0.718998 -5.517138 10.492902
v -0.718998 -5.490206 10.281715
v -0.718998 -2.869886 10.281715
v -0.718998 -2.842954 10.492902
v -0.718998 -2.842954 12.199014
v -0.718998 -3.140457 12.199014
v -0.718998 -3.140457 10.492902
v -0.718998 -3.161397 10.281715
v -0.718998 -3.159661 10.400519
v -0.718998 -3.159660 12.106632
v -0.718998 -3.463415 12.106632
v -0.718998 -3.463416 10.400519
v -0.718998 -3.461679 10.281715
v -0.718998 -3.461679 11.987828
v -0.718998 -5.189923 11.987828
v -0.718998 -5.189923 10.281715
v -0.718998 -5.210682 10.492902
v -0.718998 -5.210682 12.199014
v 3.235383 -5.517138 12.199014
v 3.235383 -5.210682 12.199014
v 3.235383 -5.517138 10.492902
v 3.235383 -5.210682 10.492902
v 2.965036 -5.189923 10.281715
v 2.965035 -5.189923 11.987828
v 2.965035 -3.461679 11.987828
v 2.965035 -3.461679 10.281715
v 3.205457 -3.463416 10.400519
v 3.205457 -3.463415 12.106632
v 3.205457 -3.159660 12.106632
v 3.205457 -3.159661 10.400519
v 3.233360 -3.161397 10.281715
v 3.235383 -3.140457 10.492902
v 3.235383 -3.140457 12.199014
v 3.235383 -2.842954 12.199014
v 3.235383 -2.842954 10.492902
v 3.233329 -2.869886 10.281715
v 3.233477 -5.490206 10.281715
v -3.264885 -2.842954 10.492902
v -3.264885 -2.842954 12.199014
v -3.264885 -3.140457 12.199014
v -3.264885 -3.140457 10.492902
v -3.237538 -3.159661 10.400519
v -3.237538 -3.159660 12.106632
v -3.237538 -3.463415 12.106632
v -3.237538 -3.463415 10.400519
v -3.000047 -3.461679 10.281715
v -3.000047 -3.461679 11.987828
v -3.000047 -5.189923 11.987828
v -3.000047 -5.189923 10.281715
v -3.264885 -5.517138 12.199014
v -3.264885 -5.517138 10.492902
v -3.264885 -5.210682 10.492902
v -3.264885 -5.210682 12.199014
v 9.739752 -3.161397 10.281715
v 11.067361 -3.140457 10.492902
v 10.969435 -3.159661 10.400519
v 10.969435 -3.463415 10.400519
v 10.843501 -3.461679 10.281715
v 10.843501 -5.189923 10.281715
v 11.067361 -5.210682 10.492902
v 11.067361 -5.517138 10.492902
v 10.650389 -5.490206 10.281715
v 10.650389 -2.869886 10.281715
v 11.067361 -2.842954 10.492902
v -3.268371 -3.161397 10.281715
v -3.268488 -5.490206 10.281715
v -3.268340 -2.869886 10.281715
v -9.833134 -3.161397 10.281715
v -9.833134 -3.161397 -10.265482
v -11.062817 -3.159661 -12.192491
v -11.062817 -3.159661 10.400519
v -10.936883 -3.461679 -12.073686
v -10.936883 -3.461679 10.281715
v -11.062817 -3.463415 10.400519
v -11.062817 -3.463415 -12.192491
v 9.739752 -3.161397 -10.265482
v 10.969435 -3.159661 -12.192491
v 10.969435 -3.463415 -12.192491
v 10.843501 -3.461679 -12.073686
v -10.743771 -2.869886 10.281715
v -10.743771 -2.869886 -11.751275
v -11.160743 -2.842954 -12.284871
v -11.160743 -2.842954 10.492902
v -11.160743 -3.140457 10.492902
v -11.160743 -3.140457 -12.284871
v 10.650389 -2.869886 -11.751275
v 11.067361 -2.842954 -12.284871
v 11.067361 -3.140457 -12.284871
v -10.743771 -5.490206 -11.751275
v -10.743771 -5.490206 10.281715
v -11.160743 -5.517138 10.492902
v -11.160743 -5.517138 -12.284871
v -10.936883 -5.189923 10.281715
v -10.936883 -5.189923 -12.073686
v -11.160743 -5.210682 -12.284871
v -11.160743 -5.210682 10.492902
v 10.650389 -5.490206 -11.751275
v 11.067361 -5.517138 -12.284871
v 10.843501 -5.189923 -12.073686
v 11.067361 -5.210682 -12.284871
v 0.711978 -2.869886 10.590454
v 0.711978 -5.490206 10.590454
v -0.718998 -2.869886 10.590454
v -0.718998 -5.490206 10.590454
v -0.718998 -4.990139 10.101725
v -0.718998 -4.990139 10.590454
v 0.711978 -4.990139 10.590454
v 0.711978 -4.990139 10.101725
v -0.718998 -4.619193 10.101725
v -0.718998 -5.001854 10.590454
v 0.711978 -5.001854 10.590454
v 0.711978 -4.619193 10.101725
v -0.718998 -4.268622 10.101725
v -0.718998 -4.569949 10.590454
v 0.711978 -4.569949 10.590454
v 0.711978 -4.268622 10.101725
v -0.718998 -3.900221 10.101725
v -0.718998 -4.084365 10.590454
v 0.711978 -4.084365 10.590454
v 0.711978 -3.900221 10.101725
v -0.718998 -3.602657 10.101725
v -0.718998 -3.585917 10.590454
v 0.711978 -3.585917 10.590454
v 0.711978 -3.602658 10.101725
v -0.718998 -3.347867 10.101725
v -0.718998 -3.138612 10.590454
v 0.711978 -3.138613 10.590454
v 0.711978 -3.347867 10.101725
v 0.711978 -5.001855 12.074973
v 0.711978 -4.990140 12.074973
v -0.718998 -5.001855 12.074973
v -0.718998 -4.990140 12.074973
v -0.718998 -5.490207 12.074973
v 0.711978 -5.490207 12.074973
v 0.711978 -4.569949 11.810061
v 0.711978 -5.001854 11.810061
v -0.718998 -4.569949 11.810061
v -0.718998 -5.001854 11.810061
v 0.711978 -4.084365 11.513656
v 0.711978 -4.569949 11.513658
v -0.718998 -4.084365 11.513656
v -0.718998 -4.569949 11.513658
v 0.711978 -3.585917 11.232871
v 0.711978 -4.084365 11.232871
v -0.718998 -3.585917 11.232871
v -0.718998 -4.084365 11.232871
v 0.711978 -3.138613 10.936317
v 0.711978 -3.585918 10.936319
v -0.718998 -3.138613 10.936317
v -0.718998 -3.585917 10.936319
v -6.118142 0.164329 4.996013
v -6.118142 0.965866 4.996014
v -6.057684 0.962587 -0.770967
v -6.057099 0.959308 -0.826882
v -6.057098 0.130619 -0.826882
v -6.057684 0.129173 -0.770967
v -6.116895 0.127727 4.877056
v -6.116895 0.164329 4.877056
v 6.227217 0.129146 4.877056
v 6.191384 0.129146 4.877056
v 6.191384 0.164329 4.877056
v 6.288718 0.164329 4.877056
v 6.288718 0.047010 4.877056
v 6.227217 0.047010 4.877056
v 6.191384 0.164329 5.025191
v 6.288718 0.164329 5.025191
v 6.191384 0.164329 5.125887
v 6.291912 0.164329 5.125887
v 6.191384 0.164329 4.996013
v 6.291912 0.164329 4.996013
v 5.586634 1.225803 4.996013
v 5.586634 1.484156 4.996013
v 6.291912 1.484156 4.996013
v 6.191384 0.967284 4.996013
v 6.226271 0.967284 4.996013
v 6.226271 1.028283 4.996013
v 6.269484 1.028283 4.996013
v 6.269484 1.134305 4.996013
v 6.226271 1.134305 4.996013
v 6.226271 1.225803 4.996013
v 5.586634 1.225803 5.125887
v 5.586634 1.484156 5.125887
v 2.677848 1.484156 6.024331
v -2.732734 1.484156 6.024331
v -2.732734 1.484156 6.154205
v 2.677848 1.484156 6.154205
v 2.677848 0.164329 6.024331
v 2.677848 0.164329 6.154205
v -2.732734 0.164329 6.024331
v -2.732734 0.164329 6.154205
v 2.677848 0.164329 5.125887
v -2.732734 0.164329 5.125887
v -2.732734 0.164329 4.996013
v 2.677848 0.164329 4.996013
v 2.677848 1.484156 5.125887
v 2.677848 1.484156 4.996013
v -2.732734 1.484156 5.125887
v -2.732734 1.484156 4.996013
v 6.291912 1.484156 6.024331
v 5.586634 1.484156 6.024331
v 5.586634 1.484156 6.154205
v 6.291912 1.484156 6.154205
v 6.291912 0.164329 6.024331
v 6.291912 0.164329 6.154205
v 5.586634 0.164329 6.024331
v 5.586634 0.164329 6.154205
v 5.614371 0.164329 5.125887
v 5.586634 0.164329 5.125887
v 5.586634 0.164329 4.996013
v 5.614371 0.164329 4.996013
v 6.291912 1.484156 5.125887
v 5.586634 0.967284 4.996013
v 5.586634 0.967284 5.125887
v -6.298918 0.164329 5.125887
v -6.298918 1.484156 5.125887
v -6.298918 1.484156 4.996013
v -6.298918 0.164329 4.996013
v -6.119503 0.164329 5.125887
v -6.118448 0.164329 5.025191
v -5.636060 1.224384 4.996013
v -5.636060 1.484156 4.996013
v -5.636060 1.484156 5.125887
v -5.636060 1.224384 5.125887
v -6.298918 1.484156 6.024331
v -6.298918 0.164329 6.024331
v -6.298918 0.164329 6.154205
v -6.298918 1.484156 6.154205
v -5.636060 1.484156 6.024331
v -5.636060 1.484156 6.154205
v -5.636060 0.164329 6.024331
v -5.636060 0.164329 6.154205
v 2.676487 1.601474 6.125027
v -2.731350 1.601474 6.125027
v -2.731350 1.601474 6.273162
v 2.676487 1.601474 6.273162
v 2.676487 1.484156 6.125027
v 2.676487 1.484156 6.273162
v -2.731350 1.484156 6.125027
v -2.731350 1.484156 6.273162
v 2.676487 0.047010 6.125027
v 2.676487 0.164329 6.125027
v 2.676487 0.164329 6.273162
v 2.676487 0.047010 6.273162
v -2.731350 0.047010 6.125027
v -2.731350 0.047010 6.273162
v -2.731350 0.164329 6.125027
v -2.731350 0.164329 6.273162
v 2.720153 -0.073892 6.196819
v 2.720153 0.047010 6.196819
v 2.720153 0.047010 6.364294
v 2.720153 -0.073892 6.364294
v -2.775796 -0.073892 6.196819
v -2.775796 -0.073892 6.364294
v -2.775796 0.047010 6.196819
v -2.775796 0.047010 6.364294
v 2.676487 -0.153727 6.125027
v 2.676487 -0.073892 6.125027
v 2.676487 -0.073892 6.273162
v 2.676487 -0.153727 6.273162
v -2.731350 -0.153727 6.125027
v -2.731350 -0.153727 6.273162
v -2.731350 -0.073892 6.125027
v -2.731350 -0.073892 6.273162
v 2.676487 1.802211 6.125027
v -2.731350 1.802211 6.125027
v -2.731350 1.802211 6.273162
v 2.676487 1.802211 6.273162
v 2.676487 1.722377 6.125027
v 2.676487 1.722377 6.273162
v -2.731350 1.722377 6.125027
v -2.731350 1.722377 6.273162
v -2.775796 1.722377 6.196819
v -2.775796 1.601474 6.196819
v -2.775796 1.601474 6.364294
v -2.775796 1.722377 6.364294
v 2.720153 1.722377 6.196819
v 2.720153 1.722377 6.364294
v 2.720153 1.601474 6.196819
v 2.720153 1.601474 6.364294
v 6.288718 1.601474 6.125027
v 5.583797 1.601474 6.125027
v 5.583797 1.601474 6.273162
v 6.288718 1.601474 6.273162
v 6.288718 1.484156 6.125027
v 6.288718 1.484156 6.273162
v 5.583797 1.484156 6.125027
v 5.583797 1.484156 6.273162
v 6.288718 0.047010 6.125027
v 6.288718 0.164329 6.125027
v 6.288718 0.164329 6.273162
v 6.288718 0.047010 6.273162
v 5.583797 0.047010 6.125027
v 5.583797 0.047010 6.273162
v 5.583797 0.164329 6.125027
v 5.583797 0.164329 6.273162
v 6.391238 -0.073892 6.196819
v 6.391238 0.047010 6.196819
v 6.391238 0.047010 6.364294
v 6.391238 -0.073892 6.364294
v 5.674833 -0.073892 6.196819
v 5.674833 -0.073892 6.364294
v 5.674833 0.047010 6.196819
v 5.674833 0.047010 6.364294
v 6.288718 -0.153727 6.125027
v 6.288718 -0.073892 6.125027
v 6.288718 -0.073892 6.273162
v 6.288718 -0.153727 6.273162
v 5.583797 -0.153727 6.125027
v 5.583797 -0.153727 6.273162
v 5.583797 -0.073892 6.125027
v 5.583797 -0.073892 6.273162
v 6.288718 -0.153727 5.025191
v 5.583797 -0.153727 5.025191
v 5.583797 -0.153727 4.877056
v 6.288718 -0.153727 4.877056
v 6.288718 -0.073892 5.025191
v 6.288718 -0.073892 4.877056
v 6.227217 -0.073892 5.025191
v 6.227217 -0.073892 4.877056
v 5.583797 -0.129373 4.877056
v 5.583797 -0.129372 5.025191
v 6.227217 -0.071133 4.785924
v 6.391238 -0.073892 4.785924
v 6.391238 -0.073892 4.953399
v 6.227217 -0.073892 4.953399
v 6.391238 0.047010 4.953399
v 6.391238 0.047010 4.785924
v 6.227217 0.047010 4.953399
v 6.227217 0.042329 4.785924
v 6.288718 0.047010 5.025191
v 6.227217 0.047010 5.025191
v 5.614371 0.164329 4.877056
v 5.583797 0.164329 4.877056
v 5.583797 0.164329 5.025191
v 5.614371 0.164329 5.025191
v 5.583797 0.129146 5.025191
v 5.583797 0.129146 4.877056
v 6.288718 1.601474 5.025191
v 6.288718 1.484156 5.025191
v 6.288718 1.484156 4.877056
v 6.288718 1.601474 4.877056
v 5.583797 1.601474 5.025191
v 5.583797 1.601474 4.877056
v 5.583797 1.484156 5.025191
v 5.583797 1.484156 4.877056
v 6.391238 1.722377 4.953399
v 6.391238 1.601474 4.953399
v 6.391238 1.601474 4.785924
v 6.391238 1.722377 4.785924
v 5.674833 1.722377 4.953399
v 5.674833 1.722377 4.785924
v 5.674833 1.601474 4.953399
v 5.674833 1.601474 4.785924
v 6.288718 1.802211 5.025191
v 6.288718 1.722377 5.025191
v 6.288718 1.722377 4.877056
v 6.288718 1.802211 4.877056
v 5.583797 1.802211 5.025191
v 5.583797 1.802211 4.877056
v 5.583797 1.722377 5.025191
v 5.583797 1.722377 4.877056
v 6.288718 1.802211 6.125027
v 5.583797 1.802211 6.125027
v 5.583797 1.802211 6.273162
v 6.288718 1.802211 6.273162
v 6.288718 1.722377 6.125027
v 6.288718 1.722377 6.273162
v 5.583797 1.722377 6.125027
v 5.583797 1.722377 6.273162
v 5.674833 1.722377 6.196819
v 5.674833 1.601474 6.196819
v 5.674833 1.601474 6.364294
v 5.674833 1.722377 6.364294
v 6.391238 1.722377 6.196819
v 6.391238 1.722377 6.364294
v 6.391238 1.601474 6.196819
v 6.391238 1.601474 6.364294
v -5.633203 1.802211 5.025191
v -5.633203 1.722377 5.025191
v -5.633203 1.722377 4.877056
v -5.633203 1.802211 4.877056
v -6.295724 1.802211 5.025191
v -6.295724 1.802211 4.877056
v -6.295724 1.722377 5.025191
v -6.295724 1.722377 4.877056
v -6.295724 1.802211 6.125027
v -6.295724 1.722377 6.125027
v -6.295724 1.722377 6.273162
v -6.295724 1.802211 6.273162
v -5.633203 1.802211 6.125027
v -5.633203 1.802211 6.273162
v -5.633203 1.722377 6.125027
v -5.633203 1.722377 6.273162
v -5.633203 -0.153726 6.125027
v -5.633203 -0.073892 6.125027
v -5.633203 -0.073892 6.273162
v -5.633203 -0.153726 6.273162
v -6.295724 -0.153727 6.125027
v -6.295724 -0.153727 6.273162
v -6.295724 -0.073892 6.125027
v -6.295724 -0.073892 6.273162
v -6.295724 -0.153727 5.025191
v -6.295724 -0.073892 5.025191
v -6.295724 -0.073892 4.877056
v -6.295724 -0.153727 4.877056
v -5.633203 -0.153726 5.025191
v -5.633203 -0.153726 4.877056
v -5.633203 -0.130791 5.025191
v -5.633203 -0.130791 4.877056
v -6.209288 -0.073892 4.877056
v -6.210840 -0.073892 5.025191
v -6.210087 -0.073892 4.953399
v -5.724927 1.722377 4.953399
v -5.724927 1.601474 4.953399
v -5.724927 1.601474 4.785924
v -5.724927 1.722377 4.785924
v -6.398244 1.722377 4.953399
v -6.398244 1.722377 4.785924
v -6.398244 1.601474 4.953399
v -6.398244 1.601474 4.785924
v -6.398244 1.722377 6.196819
v -6.398244 1.601474 6.196819
v -6.398244 1.601474 6.364294
v -6.398244 1.722377 6.364294
v -5.724927 1.722377 6.196819
v -5.724927 1.722377 6.364294
v -5.724927 1.601474 6.196819
v -5.724927 1.601474 6.364294
v -5.724927 -0.073892 6.196819
v -5.724927 0.047010 6.196819
v -5.724927 0.047010 6.364294
v -5.724927 -0.073892 6.364294
v -6.398244 -0.073892 6.196819
v -6.398244 -0.073892 6.364294
v -6.398244 0.047010 6.196819
v -6.398244 0.047010 6.364294
v -6.398244 -0.073892 4.953399
v -6.398244 0.047010 4.953399
v -6.398244 0.047010 4.785924
v -6.398244 -0.073892 4.785924
v -6.208332 -0.071842 4.785924
v -6.208332 0.047010 4.785924
v -6.210088 0.047010 4.953399
v -6.209288 0.047010 4.877056
v -5.633203 1.601474 5.025191
v -5.633203 1.484156 5.025191
v -5.633203 1.484156 4.877056
v -5.633203 1.601474 4.877056
v -6.295724 1.601474 5.025191
v -6.295724 1.601474 4.877056
v -6.295724 1.484156 5.025191
v -6.295724 1.484156 4.877056
v -6.295724 1.601474 6.125027
v -6.295724 1.484156 6.125027
v -6.295724 1.484156 6.273162
v -6.295724 1.601474 6.273162
v -5.633203 1.601474 6.125027
v -5.633203 1.601474 6.273162
v -5.633203 1.484156 6.125027
v -5.633203 1.484156 6.273162
v -5.633203 0.047010 6.125027
v -5.633203 0.164329 6.125027
v -5.633203 0.164329 6.273162
v -5.633203 0.047010 6.273162
v -6.295724 0.047010 6.125027
v -6.295724 0.047010 6.273162
v -6.295724 0.164329 6.125027
v -6.295724 0.164329 6.273162
v -6.295724 0.047010 5.025191
v -6.295724 0.164329 5.025191
v -6.295724 0.164329 4.877056
v -6.295724 0.047010 4.877056
v -6.210841 0.047010 5.025191
v -5.636060 -0.153726 6.024331
v -2.732734 -0.153727 6.024331
v -5.636060 -0.153726 5.125887
v -2.732734 -0.153727 5.125887
v -2.731350 -0.153727 5.025191
v -5.505565 -0.073892 5.025191
v -2.731350 -0.073892 5.025191
v -5.505564 -0.130791 5.025191
v -5.504812 -0.071842 4.953399
v -2.775796 -0.073892 4.953399
v -5.504812 0.036229 4.953399
v -5.504811 0.047010 4.953399
v -2.775796 0.047010 4.953399
v -5.461596 -0.069793 4.953399
v -5.461596 0.036229 4.953399
v -5.505564 0.047010 5.025191
v -2.731350 0.047010 5.025191
v -5.505564 0.127727 5.025192
v -5.541399 0.127727 5.025191
v -5.541399 0.164329 5.025191
v -2.731350 0.164329 5.025191
v -5.542455 0.164329 5.125887
v -5.542455 0.965866 5.125887
v -5.507565 0.965866 5.125887
v -5.507565 1.026865 5.125887
v -5.464350 1.026864 5.125887
v -5.464350 1.132886 5.125887
v -5.507565 1.132886 5.125887
v -5.507565 1.224384 5.125887
v -2.731350 1.484156 5.025191
v -2.731350 1.601474 5.025191
v -2.775796 1.601474 4.953399
v -2.775796 1.722377 4.953399
v -2.731350 1.722377 5.025191
v -2.731350 1.802211 5.025191
v -5.636060 1.802211 5.125887
v -2.732734 1.802211 5.125887
v -5.636060 1.802211 6.024331
v -2.732734 1.802211 6.024331
v 2.677848 -0.153727 6.024331
v 2.677848 -0.153727 5.125887
v 2.676487 -0.153727 5.025191
v 2.676487 -0.073892 5.025191
v 2.720153 -0.073892 4.953399
v 2.720153 0.047010 4.953399
v 2.676487 0.047010 5.025191
v 2.676487 0.164329 5.025191
v 2.676487 1.484156 5.025191
v 2.676487 1.601474 5.025191
v 2.720153 1.601474 4.953399
v 2.720153 1.722377 4.953399
v 2.676487 1.722377 5.025191
v 2.676487 1.802211 5.025191
v 2.677848 1.802211 5.125887
v 2.677848 1.802211 6.024331
v 5.586634 -0.153727 6.024331
v 5.586634 -0.153727 5.125887
v 5.521986 -0.073892 5.025191
v 5.521985 -0.129372 5.025191
v 5.521985 -0.071133 4.953399
v 5.521985 0.042329 4.953399
v 5.478768 0.034727 4.953399
v 5.478769 -0.068136 4.953399
v 5.521986 0.047010 5.025191
v 5.521985 0.129146 5.025191
v 5.521039 1.225803 5.125887
v 5.521039 1.134305 5.125887
v 5.477826 1.134305 5.125887
v 5.477826 1.028283 5.125887
v 5.521039 1.028283 5.125886
v 5.521039 0.967284 5.125887
v 5.586634 1.802211 5.125887
v 5.586634 1.802211 6.024331
v 6.291912 -0.153727 6.024331
v 6.291912 -0.153727 5.125887
v 6.227217 -0.129372 4.877056
v 6.270430 -0.068374 4.785924
v 6.270430 0.037648 4.785924
v 5.614371 0.129146 4.877056
v 5.614371 0.967284 4.996013
v 6.291912 1.802211 5.125887
v 6.291912 1.802211 6.024331
v -6.298918 1.802211 6.024331
v -6.298918 1.802211 5.125887
v -6.298918 -0.153727 5.125887
v -6.298918 -0.153727 6.024331
v -6.209289 -0.130791 4.877056
v -6.251548 -0.069793 4.785924
v -6.208333 0.036229 4.785924
v -6.251548 0.036229 4.785924
v -6.209289 0.127727 4.877056
v -6.211482 1.224384 4.996013
v -6.211482 1.132886 4.996013
v -6.254697 1.132886 4.996014
v -6.254697 1.026864 4.996013
v -6.211482 1.026864 4.996013
v -6.211482 0.965866 4.996013
v -6.150572 0.038191 -0.723686
v -6.193788 0.036229 -0.723687
v -6.150077 0.127727 -0.770967
v -6.151023 0.965866 -0.770967
v -6.194734 1.026864 -0.723686
v -6.151519 1.023242 -0.723686
v -5.344099 1.132886 -6.344661
v -5.387315 1.132886 -6.344664
v 6.269484 1.134305 -1.055276
v 6.397739 1.134305 -1.052619
v 6.397739 1.134305 -1.724210
v 6.269484 1.134305 -1.724210
v 6.269484 1.134305 -6.352727
v 6.226271 1.134305 -6.352727
v 6.226271 1.134305 -1.724210
v 6.226271 1.134305 -1.711784
v 6.269484 1.134305 -1.711784
v 6.372692 1.134305 -1.711784
v 6.372692 1.134305 -1.057933
v 6.226271 1.134305 -1.055276
v 5.614371 0.129146 -6.413056
v 5.531024 0.129146 -6.413056
v 5.528011 0.129769 -6.690094
v 5.521039 0.969420 -6.728602
v 5.574607 0.967284 -6.728602
v 5.574607 0.967284 -6.490606
v 5.614371 0.967284 -6.490605
v 6.226271 1.028283 -1.055276
v 6.269484 1.028283 -1.055276
v 6.372692 1.028283 -1.057933
v 6.372692 1.028283 -1.711784
v 6.269484 1.028283 -1.711784
v 6.226271 1.028283 -1.711784
v 6.226271 1.028283 -1.724210
v 6.226271 1.028283 -6.413056
v 6.269484 1.028283 -6.413056
v 6.269484 1.028283 -1.724210
v 6.397739 1.028283 -1.724210
v 6.397739 1.028283 -1.052619
v 6.270430 0.037648 -1.055276
v 6.397192 0.037648 -1.052619
v 6.397192 0.037648 -1.724210
v 6.270430 0.037648 -1.724210
v 6.270430 0.037648 -6.352727
v 6.227217 0.037648 -6.352727
v 6.227217 0.037648 -1.724210
v 6.227217 0.037648 -1.711784
v 6.270430 0.037648 -1.711784
v 6.372144 0.037648 -1.711784
v 6.372144 0.037648 -1.057933
v 6.227217 0.037648 -1.055276
v 6.227217 -0.068374 -1.055276
v 6.270430 -0.068374 -1.055276
v 6.372144 -0.068374 -1.057933
v 6.372144 -0.068374 -1.711784
v 6.270430 -0.068374 -1.711784
v 6.227217 -0.068374 -1.711784
v 6.227218 -0.068374 -1.724210
v 6.227217 -0.068374 -6.413056
v 6.270430 -0.068374 -6.413056
v 6.270430 -0.068374 -1.724210
v 6.397192 -0.068374 -1.724210
v 6.397192 -0.068374 -1.052619
v -6.193293 -0.067233 -0.770967
v -6.150077 -0.069792 -0.770967
v 5.478695 -0.062408 -7.494444
v 5.478772 -0.057745 -7.618978
v 5.478772 -0.067722 -7.448004
v 5.478772 -0.068374 -7.618978
v 5.478772 -0.067722 -6.690093
v 5.478695 -0.062408 -6.643652
v 5.478619 -0.057745 -6.352727
v 5.478772 0.037648 -6.352727
v -5.376912 0.968711 -7.348716
v -5.375737 0.974735 -7.449020
v -5.376431 0.965866 -7.463923
v -5.376431 0.977913 -7.463923
v -5.377283 0.139774 -7.348716
v -5.377283 0.139774 -7.522679
v -5.377283 0.977913 -7.522679
v -0.522728 0.039115 -7.494444
v -5.281141 0.039255 -7.494444
v -0.522729 0.039255 -7.448004
v -5.281141 0.043766 -7.448004
v -0.470802 0.130744 -7.448004
v -5.333698 0.131015 -7.448004
v -0.470802 0.131015 -7.348716
v -5.333698 0.135395 -7.348716
v 5.478466 0.043766 -7.448004
v 5.478466 0.039255 -7.494444
v 0.337348 0.039255 -7.448004
v 0.337348 0.039115 -7.494444
v 5.531024 0.135395 -7.348716
v 5.528011 0.129769 -7.448004
v 0.278950 0.131015 -7.348716
v 0.278950 0.130744 -7.448004
v -0.470802 0.130472 -7.513858
v -0.522728 0.130472 -7.448004
v -0.522728 0.130472 -7.613145
v 0.337348 0.130472 -7.448004
v 0.278950 0.130472 -7.513858
v 0.337348 0.130472 -7.613145
v 6.269484 1.038911 -7.618978
v 6.269484 1.038912 -7.595431
v 6.269484 1.028283 -7.595431
v 6.269484 1.028283 -7.618978
v 5.479617 1.038912 -7.618978
v 5.477826 1.028283 -7.618978
v 5.478722 1.134305 -7.618978
v 5.479020 1.135888 -7.495461
v 5.477826 1.030506 -7.449020
v 5.477826 1.032729 -7.495461
v 5.521039 1.028283 -7.449020
v 5.532176 1.028283 -7.595431
v 5.532176 1.028283 -7.513666
v 5.521039 1.028283 -7.513666
v 5.521039 0.969420 -7.348716
v 5.521039 0.971556 -7.449020
v 5.521039 0.967284 -7.513666
v 5.574607 0.967285 -7.508875
v 5.574607 0.967284 -7.348716
v 6.226271 0.967284 -7.511271
v 5.532176 0.977913 -7.513666
v 6.226271 0.977913 -7.511271
v 6.269484 1.038912 -6.413056
v 6.269484 1.038912 -6.352727
v 5.477826 1.030506 -6.691110
v 5.521039 1.028283 -6.691110
v 6.226271 0.977913 -6.413056
v 6.226271 0.967284 -1.706649
v 6.226271 0.967284 -6.490606
v 6.226271 0.977913 -6.490606
v 6.191384 0.967284 -1.059753
v 6.226271 0.967284 -1.059753
v 6.318592 0.967284 -1.061574
v 6.318592 0.967284 -1.701513
v 6.191384 0.967284 -1.706649
v 6.191384 0.967284 -6.490606
v 6.372692 0.967284 -1.711784
v 6.372692 0.967284 -1.057933
v 6.191383 0.139774 -6.490606
v 6.191384 0.129146 -1.706649
v 6.191384 0.129146 -6.413056
v 6.191383 0.139774 -6.413056
v 6.227217 0.129146 -1.059753
v 6.372144 0.129146 -1.057933
v 6.372144 0.129146 -1.711784
v 6.227217 0.129146 -1.706649
v 6.227217 0.129146 -6.413056
v 6.318592 0.129146 -1.701513
v 6.318592 0.129146 -1.061574
v 6.191384 0.129146 -1.059753
v 6.227217 0.048277 -6.352727
v 6.227217 0.048277 -6.413056
v 5.521985 0.037648 -6.352727
v 6.270430 -0.057745 -6.413056
v 6.270430 -0.057745 -6.352727
v 5.521985 -0.068374 -6.690093
v 6.227216 -0.118744 -6.413056
v 6.227217 -0.129372 -1.711784
v 6.227217 -0.129372 -7.513666
v 6.227217 -0.118744 -7.513666
v 5.531024 -0.118744 -7.513666
v 5.521985 -0.129372 -7.513666
v 5.526505 -0.068374 -7.513666
v 5.521985 -0.068374 -7.448004
v 6.270430 -0.068374 -7.618978
v 6.270430 -0.068374 -7.595431
v 5.531024 -0.068374 -7.595431
v 6.270430 -0.057746 -7.618978
v 6.270430 -0.057745 -7.595431
v 5.521985 -0.128244 -6.690093
v 5.521985 -0.128244 -7.448004
v 5.521985 0.048277 -6.690093
v 5.521985 0.048277 -6.352727
v 5.614371 0.139774 -6.490606
v 5.614371 0.139774 -6.413056
v 5.521039 0.971556 -6.691110
v 5.479020 1.135888 -6.644669
v 5.477826 1.032729 -6.644669
v 5.521039 1.134305 -6.352727
v 5.479617 1.134305 -6.352727
v 5.521039 1.225803 -6.691110
v 5.521039 1.144933 -6.691110
v 5.521039 1.144933 -6.352727
v 6.226271 1.225803 -1.057933
v 6.372692 1.225803 -1.057933
v 6.372692 1.225803 -1.711784
v 6.226271 1.225803 -1.711784
v 6.226271 1.225803 -6.413056
v 5.532176 1.225803 -6.413056
v 5.532176 1.228309 -6.691110
v 6.226270 1.144933 -6.352727
v 6.226271 1.144933 -6.413056
v 6.227217 -0.129372 -1.057933
v 6.372144 -0.129372 -1.057933
v 6.372144 -0.129372 -1.711784
v 5.532176 1.144933 -7.513666
v 5.521039 1.144933 -7.513666
v 5.521039 1.225803 -7.513666
v 5.532176 1.225803 -7.513666
v 5.532176 1.228309 -7.449020
v 5.521039 1.225803 -7.449020
v 5.521039 1.144933 -7.449020
v -6.134861 0.036229 -6.344661
v -6.134861 -0.057745 -6.344661
v -6.134092 -0.057745 -6.417853
v -6.134093 -0.069793 -6.417853
v -6.185285 -0.067233 -1.534778
v -6.184876 -0.064674 -1.573750
v -6.184876 0.036229 -1.573750
v -6.091645 0.036229 -6.344661
v -6.141660 0.038191 -1.573750
v -6.090878 0.048277 -6.417853
v -6.091644 0.048277 -6.344661
v -6.142069 0.040153 -1.534777
v -6.142069 0.127727 -1.534777
v -6.090878 0.127727 -6.417854
v -5.998486 0.127727 -6.417853
v -6.049677 0.129173 -1.534778
v -5.997577 0.139774 -6.504410
v -5.998485 0.139774 -6.417853
v -6.050202 0.130619 -1.484681
v -6.050202 0.959308 -1.484681
v -6.049677 0.962587 -1.534778
v -5.997578 0.965866 -6.504410
v -6.079927 0.965866 -7.472441
v -6.079086 0.965867 -6.504410
v -6.143016 0.965866 -1.534778
v -6.091824 1.026865 -6.417853
v -6.091824 0.977913 -6.417853
v -6.079927 0.977913 -7.472441
v -6.143016 1.019619 -1.534777
v -6.142607 1.023242 -1.573750
v -6.135039 1.026864 -6.417853
v -6.185823 1.026864 -1.573749
v -6.135807 1.132886 -6.344662
v -6.135807 1.038912 -6.344662
v -6.135039 1.038912 -6.417853
v -6.185823 1.124445 -1.573750
v -6.186232 1.128666 -1.534778
v -6.092591 1.132886 -6.344662
v -6.143016 1.132886 -1.534778
v -6.091824 1.224384 -6.417853
v -6.091824 1.144933 -6.417853
v -6.092591 1.144933 -6.344662
v -6.143016 1.214911 -1.534777
v -6.151023 1.214911 -0.770967
v -6.151023 1.132886 -0.770967
v -5.386547 1.224384 -6.417854
v -5.387315 1.144933 -6.344662
v -5.386547 1.144933 -6.417853
v -6.194239 1.128666 -0.770967
v -5.343333 1.026864 -6.417853
v -5.339091 1.038912 -6.417853
v -5.344100 1.038912 -6.344662
v -5.386547 1.026864 -6.417852
v -5.385640 0.965866 -6.504410
v -5.381461 0.977914 -6.504410
v -5.386547 0.977913 -6.417853
v -5.420528 0.965866 -6.504410
v -5.421436 0.127727 -6.417852
v -5.421436 0.139774 -6.417853
v -5.420528 0.139774 -6.504410
v -5.385602 0.127727 -6.417854
v -5.386369 0.036229 -6.344664
v -5.386369 0.048277 -6.344661
v -5.385602 0.048277 -6.417853
v -5.343153 0.036229 -6.344661
v -5.342385 -0.069793 -6.417853
v -5.338042 -0.057745 -6.417853
v -5.343153 -0.057745 -6.344661
v -5.385602 -0.069793 -6.417853
v -5.374635 -0.130791 -7.463902
v -5.374635 -0.118744 -7.463902
v -5.374802 -0.123494 -7.448003
v -5.382747 -0.123494 -6.690093
v -5.385602 -0.118744 -6.417853
v -6.079822 -0.118744 -7.472440
v -6.079822 -0.130791 -7.472440
v -6.150077 -0.124984 -0.770967
v -6.142069 -0.124984 -1.534777
v -6.142069 -0.069792 -1.534777
v -6.090878 -0.069792 -6.417853
v -6.090878 -0.118744 -6.417853
v -6.232021 -0.124984 -1.534777
v -6.232021 -0.064673 -1.534777
v -6.193788 -0.064674 -0.723686
v -6.275234 -0.064674 -0.723686
v -6.275234 -0.064674 -1.573750
v -6.232021 -0.064674 -0.770967
v -6.275234 0.040153 -1.573750
v -6.275234 0.040153 -0.723686
v -6.150077 0.040153 -0.770967
v -6.232021 0.040153 -0.770967
v -6.232021 0.040153 -1.534777
v -6.232021 0.130619 -1.534777
v -6.232021 0.130619 -0.770967
v -6.139635 0.130619 -0.826882
v -6.139635 0.130619 -1.484680
v -6.139635 0.959308 -1.484680
v -6.232968 0.959308 -0.770967
v -6.232968 0.959308 -1.534777
v -6.139635 0.959308 -0.826882
v -6.232968 1.019619 -1.534777
v -6.151023 1.019619 -0.770967
v -6.276180 1.019619 -0.723686
v -6.276180 1.019619 -1.573750
v -6.232968 1.019619 -0.770967
v -6.276180 1.124445 -1.573750
v -6.276180 1.124445 -0.723686
v -6.194734 1.124445 -0.723686
v -6.232968 1.124445 -0.770967
v -6.232968 1.124445 -1.534777
v -6.232968 1.214911 -1.534777
v -6.232968 1.214911 -0.770967
v -6.232021 -0.124984 -0.770967
v -5.332290 -0.068885 -7.448004
v -5.332009 -0.069793 -7.568703
v -5.332009 -0.057745 -7.568703
v -5.331099 -0.062408 -7.494444
v -5.333059 1.038912 -7.568716
v -5.332036 1.035820 -7.495461
v -5.333298 1.028819 -7.449020
v -5.333059 1.026864 -7.568716
v 5.526505 0.048277 -7.513666
v 5.521985 0.048277 -7.448004
v 5.526505 0.129146 -7.513666
v -0.522728 0.971556 -7.449020
v -0.522728 0.970083 -7.348716
v -0.470802 0.968611 -7.348716
v -0.581435 1.031169 -7.449020
v -0.522728 1.029609 -7.449020
v -5.334850 0.977913 -7.449020
v -0.522729 1.137343 -7.495461
v -5.282292 1.139055 -7.495461
v -5.282292 1.141994 -7.449020
v -0.522728 1.139055 -7.449020
v -5.282292 1.038912 -7.495461
v -0.581435 1.135631 -7.495461
v -0.581435 1.032729 -7.495461
v -5.333698 0.048277 -7.448004
v -0.581435 -0.067048 -7.494444
v -0.522728 -0.067059 -7.494444
v -0.522729 -0.067071 -7.448004
v -6.079086 0.977913 -7.522679
v -6.079086 0.139774 -7.522679
v -6.079086 0.139774 -6.504410
v -5.333698 -0.118744 -6.690093
v -5.333698 -0.118744 -6.417853
v -6.191452 -0.057745 -7.600228
v -5.333698 -0.057745 -7.600228
v -5.333698 -0.118744 -7.600228
v -6.191452 -0.118744 -7.600228
v -5.333698 -0.067070 -6.690093
v -5.333698 -0.062408 -6.643652
v -6.191452 -0.057745 -6.417853
v -6.191452 -0.118744 -6.417853
v -5.333698 0.048277 -6.417853
v -5.333698 0.139774 -6.417853
v -5.333698 0.139774 -7.600228
v -6.191452 0.139774 -7.600228
v -6.191452 0.139774 -6.417853
v -5.333698 0.048277 -7.600228
v -6.191452 0.048277 -7.600228
v -5.333698 0.135395 -6.728602
v -5.333698 0.048277 -6.690093
v -5.333699 0.131015 -6.690093
v -6.191452 0.048277 -6.417853
v -5.281141 -0.057745 -6.643652
v -5.281141 -0.057745 -6.344661
v -5.281141 0.048277 -6.344661
v -5.281141 0.043766 -6.690093
v -6.244012 0.048277 -7.660557
v -5.281141 0.048277 -7.660557
v -5.281141 -0.057745 -7.660557
v -6.244012 -0.057745 -7.660557
v -5.281140 0.039255 -6.643652
v -6.244012 -0.057745 -6.344661
v -6.244012 0.048277 -6.344661
v -5.377283 0.974735 -6.691110
v -5.334850 0.977913 -6.691110
v -5.334850 0.977913 -6.417853
v -6.192604 1.038912 -6.417853
v -6.192604 0.977913 -6.417853
v -6.192604 1.038912 -7.600228
v -5.334850 1.038912 -7.600228
v -5.334850 0.977913 -7.600228
v -6.192604 0.977913 -7.600228
v -5.334850 1.032730 -6.691110
v -5.334850 1.035821 -6.644668
v -5.334850 1.144933 -6.417853
v -5.334850 1.236431 -6.417853
v -6.192604 1.236431 -6.417853
v -6.192604 1.144933 -6.417853
v -5.334850 1.236431 -7.600228
v -6.192604 1.236431 -7.600228
v -5.334850 1.144933 -7.600228
v -6.192604 1.144933 -7.600228
v -5.334850 1.144933 -6.691110
v -5.334849 1.230815 -6.691110
v -5.334850 1.230815 -7.449020
v -5.334850 1.144933 -7.449020
v -6.245162 1.038912 -6.344662
v -6.245162 1.038912 -7.660557
v -5.282292 1.038912 -7.660557
v -6.245162 1.144933 -6.344662
v -5.282292 1.144933 -6.344662
v -5.282292 1.141994 -6.691110
v -6.245162 1.144933 -7.660557
v -5.282292 1.144933 -7.660557
v -5.282292 1.038912 -6.344662
v -5.282292 1.038912 -6.644669
v -5.282291 1.139055 -6.644669
v 6.276412 0.977913 -6.490606
v 6.276412 0.139774 -6.490606
v 6.276412 0.139774 -7.508875
v 6.276412 0.977913 -7.508875
v 5.574607 0.139774 -6.728602
v 5.574607 0.139774 -6.490606
v 5.574607 0.139774 -7.508875
v 5.531024 -0.118744 -7.595431
v 6.388777 -0.118744 -7.595431
v 6.388777 -0.118744 -6.413056
v 6.388777 -0.057745 -7.595431
v 6.388777 -0.057745 -6.413056
v 6.388777 0.048277 -7.595431
v 5.531024 0.048277 -7.595431
v 5.531024 0.139774 -7.595431
v 6.388777 0.139774 -7.595431
v 6.388777 0.139774 -6.413056
v 5.574607 0.139774 -7.348716
v 5.531024 0.139774 -6.413056
v 6.388777 0.048277 -6.413056
v 6.441337 -0.057745 -7.668622
v 5.478466 -0.057745 -7.668622
v 5.478466 0.048277 -7.668622
v 6.441337 0.048277 -7.668622
v 5.478466 0.043766 -6.690093
v 5.478466 0.048277 -6.352727
v 6.441337 0.048277 -6.352727
v 6.441337 -0.057745 -6.352727
v 5.532176 0.977913 -7.595431
v 6.389928 0.977913 -7.595431
v 6.389928 0.977913 -6.413056
v 6.389928 1.038912 -7.595431
v 6.389928 1.038912 -6.413056
v 6.389928 1.144933 -7.595431
v 5.532176 1.144933 -7.595431
v 5.532176 1.236431 -7.595431
v 6.389928 1.236431 -7.595431
v 5.532176 1.236431 -6.413056
v 6.389928 1.236431 -6.413056
v 6.389928 1.144933 -6.413056
v 5.479617 1.038912 -7.668622
v 6.442487 1.038912 -7.668622
v 6.442487 1.038912 -6.352727
v 5.479617 1.144933 -7.668622
v 6.442487 1.144933 -7.668622
v 5.479617 1.141994 -6.691110
v 5.479617 1.144933 -6.352727
v 5.479617 1.141994 -7.449020
v 6.442487 1.144933 -6.352727
v -5.333698 -0.118744 -7.448003
v -5.377283 0.139774 -6.504410
v -5.377283 0.139774 -6.728602
v -5.377283 0.971556 -6.728602
v 5.478466 0.039255 -6.643652
v 5.531024 0.135395 -6.728602
v -5.281141 -0.057745 -7.494444
v 0.278950 0.968611 -7.348716
v 0.337348 0.970083 -7.348716
v -0.522728 -0.128046 -7.448004
v 0.337348 -0.128046 -7.448004
v 0.337348 -0.067071 -7.448004
v 0.337348 0.971556 -7.449020
v 0.337348 1.029610 -7.449020
v 0.386699 1.031169 -7.449020
v 0.337349 1.139055 -7.449020
v 0.337348 1.227129 -7.449020
v -0.522728 1.227129 -7.449020
v 0.386699 1.032729 -7.495461
v 0.386699 1.135631 -7.495461
v 0.337348 1.137343 -7.495461
v 0.337348 -0.067059 -7.494444
v 0.386699 -0.067048 -7.494444
v 0.386699 0.038974 -7.659585
v 0.386699 -0.067048 -7.659585
v -0.581435 -0.067048 -7.659585
v -0.581435 0.038974 -7.659585
v 0.386699 0.038974 -7.494444
v -0.581435 0.038974 -7.494444
v 0.337348 -0.067047 -7.613145
v -0.522728 -0.067048 -7.613145
v 0.337348 0.038974 -7.613145
v -0.522728 0.038974 -7.613145
v 0.337348 -0.128046 -7.613145
v -0.522728 -0.128046 -7.613145
v 0.386699 1.135631 -7.660602
v 0.386699 1.029609 -7.660602
v -0.581435 1.029609 -7.660602
v -0.581435 1.135631 -7.660602
v -0.522728 1.135631 -7.614163
v 0.337348 1.135631 -7.614163
v 0.337348 1.029610 -7.614163
v -0.522728 1.029609 -7.614163
v -0.522728 1.227129 -7.614163
v 0.337348 1.227129 -7.614163
v 0.337348 0.968611 -7.614163
v -0.522728 0.968611 -7.614163
v 0.278950 0.968611 -7.513858
v -0.470802 0.968611 -7.513858
v -0.638889 1.601474 6.364294
v -0.638889 1.601474 6.196819
v -0.628702 1.601474 6.125027
v -0.628702 1.601474 6.273162
v -0.628702 1.484156 6.273162
v -0.628702 1.484156 6.125027
v -0.629019 1.484156 6.024331
v -0.629019 1.484156 6.154205
v -0.629019 0.164329 6.154205
v -0.629019 0.164329 6.024331
v -0.628702 0.164329 6.125027
v -0.628702 0.164329 6.273162
v -0.628702 0.047010 6.273162
v -0.628702 0.047010 6.125027
v -0.638889 0.047010 6.196819
v -0.638889 0.047010 6.364294
v -0.638889 -0.073892 6.364294
v -0.638889 -0.073892 6.196819
v -0.628702 -0.073892 6.125027
v -0.628702 -0.073892 6.273162
v -0.628702 -0.153727 6.273162
v -0.628702 -0.153727 6.125027
v -0.629019 -0.153727 6.024331
v -0.629019 -0.153727 5.125887
v -0.628702 -0.153727 5.025191
v -0.628702 -0.073892 5.025191
v -0.638889 -0.073892 4.953399
v -0.638889 0.047010 4.953399
v -0.628702 0.047010 5.025191
v -0.628702 0.164329 5.025191
v -0.629019 0.164329 5.125887
v -0.629019 0.164329 4.996013
v -0.629019 1.484156 4.996013
v -0.629019 1.484156 5.125887
v -0.628702 1.484156 5.025191
v -0.628702 1.601474 5.025191
v -0.638889 1.601474 4.953399
v -0.638889 1.722377 4.953399
v -0.628702 1.722377 5.025191
v -0.628702 1.802211 5.025191
v -0.629019 1.802211 5.125887
v -0.629019 1.802211 6.024331
v -0.628702 1.802211 6.125027
v -0.628702 1.802211 6.273162
v -0.628702 1.722377 6.273162
v -0.628702 1.722377 6.125027
v -0.638889 1.722377 6.196819
v -0.638889 1.722377 6.364294
v 0.638270 1.601474 6.364294
v 0.638270 1.601474 6.196819
v 0.627981 1.601474 6.125027
v 0.627981 1.601474 6.273162
v 0.627981 1.484156 6.273162
v 0.627981 1.484156 6.125027
v 0.628302 1.484156 6.024331
v 0.628302 1.484156 6.154205
v 0.628302 0.164329 6.154205
v 0.628302 0.164329 6.024331
v 0.627981 0.164329 6.125027
v 0.627981 0.164329 6.273162
v 0.627981 0.047010 6.273162
v 0.627981 0.047010 6.125027
v 0.638270 0.047010 6.196819
v 0.638270 0.047010 6.364294
v 0.638270 -0.073892 6.364294
v 0.638270 -0.073892 6.196819
v 0.627981 -0.073892 6.125027
v 0.627981 -0.073892 6.273162
v 0.627981 -0.153727 6.273162
v 0.627981 -0.153727 6.125027
v 0.628302 -0.153727 6.024331
v 0.628302 -0.153727 5.125887
v 0.627981 -0.153727 5.025191
v 0.627981 -0.073892 5.025191
v 0.638270 -0.073892 4.953399
v 0.638270 0.047010 4.953399
v 0.627981 0.047010 5.025191
v 0.627981 0.164329 5.025191
v 0.628302 0.164329 5.125887
v 0.628302 0.164329 4.996013
v 0.628302 1.484156 4.996013
v 0.628302 1.484156 5.125887
v 0.627981 1.484156 5.025191
v 0.627981 1.601474 5.025191
v 0.638270 1.601474 4.953399
v 0.638270 1.722377 4.953399
v 0.627981 1.722377 5.025191
v 0.627981 1.802211 5.025191
v 0.628302 1.802211 5.125887
v 0.628302 1.802211 6.024331
v 0.627981 1.802211 6.125027
v 0.627981 1.802211 6.273162
v 0.627981 1.722377 6.273162
v 0.627981 1.722377 6.125027
v 0.638270 1.722377 6.196819
v 0.638270 1.722377 6.364294
v 0.598695 -0.136838 5.894384
v 0.675956 -2.803043 5.881363
v 0.675956 -2.803043 8.806511
v 0.598695 -0.136838 6.156174
v -0.714544 -2.803043 5.881363
v -0.714544 -2.803043 8.806511
v -0.637284 -0.136838 6.156174
v -0.637284 -0.136838 5.894384
v -8.196224 -2.904491 8.907355
v -8.196224 -2.904491 -10.082798
v -8.196224 -3.358496 -10.046017
v -8.196224 -3.358496 8.923031
v 8.194336 -2.904491 8.907355
v 8.194336 -3.358496 8.923031
v 8.194336 -2.904491 -10.082798
v 8.194336 -3.358496 -10.046017
v -6.279613 -0.136838 -7.331616
v -6.279613 -0.136838 6.156174
v 6.277724 -0.136838 -7.331616
v 6.277724 -0.136838 6.156174
v -0.675914 -1.773132 5.887874
v 0.637326 -1.773132 5.887874
v -0.656599 -0.916486 5.891129
v -0.695229 -2.415330 5.884619
v 0.656641 -2.415330 5.884619
v 0.618010 -0.916486 5.891129
v -0.685571 -1.992968 5.886246
v 0.627668 -1.347189 5.889502
v -0.646941 -0.516238 5.892756
v -0.666256 -1.347189 5.889502
v -0.704887 -2.582984 5.882991
v 0.666298 -2.582984 5.882991
v 0.646983 -1.992968 5.886246
v 0.608353 -0.516238 5.892756
v 0.613831 -0.710469 5.891833
v -0.652419 -0.710469 5.891833
v 0.632775 -1.556806 5.888641
v -0.671363 -1.556806 5.888641
v 0.652677 -2.229576 5.885286
v -0.691266 -2.229576 5.885286
v 0.604280 -0.315493 5.893443
v -0.642868 -0.315493 5.893443
v 0.622354 -1.100980 5.890397
v -0.660942 -1.100980 5.890397
v 0.627668 -1.347189 5.889502
v -0.666256 -1.347189 5.889502
v 0.622354 -1.100980 5.890397
v -0.660942 -1.100980 5.890397
v -0.704887 -2.582984 5.882991
v 0.666298 -2.582984 5.882991
v -0.714544 -2.803043 5.881363
v 0.675956 -2.803043 5.881363
v 0.656641 -2.415330 5.884619
v -0.695229 -2.415330 5.884619
v 0.646983 -1.992968 5.886246
v -0.685571 -1.992968 5.886246
v 0.637326 -1.773132 5.887874
v -0.675914 -1.773132 5.887874
v 0.652677 -2.229576 5.885286
v -0.691266 -2.229576 5.885286
v 0.608353 -0.516238 5.892756
v -0.646941 -0.516238 5.892756
v 0.604280 -0.315493 5.893443
v -0.642868 -0.315493 5.893443
v -0.656599 -0.916486 5.891129
v 0.618010 -0.916486 5.891129
v 0.613831 -0.710469 5.891833
v -0.652419 -0.710469 5.891833
v 0.632775 -1.556806 5.888641
v -0.671363 -1.556806 5.888641
v 0.598695 -0.136838 5.894384
v -0.637284 -0.136838 5.894384
v -0.704887 -2.582984 8.817394
v 0.666298 -2.582984 8.817394
v -0.714544 -2.803043 8.815766
v 0.675956 -2.803043 8.815766
v 0.656641 -2.438892 8.614565
v 0.666298 -2.606547 8.612937
v -0.695229 -2.438892 8.614565
v -0.704887 -2.606547 8.612937
v 0.656641 -2.423340 8.443365
v -0.695229 -2.423340 8.443365
v 0.652677 -2.237586 8.444033
v -0.691266 -2.237586 8.444033
v -0.691266 -2.237781 8.219785
v -0.685571 -2.001174 8.220745
v 0.652677 -2.237781 8.219785
v 0.646983 -2.001174 8.220745
v 0.646369 -2.010074 8.027200
v -0.686158 -2.002728 8.022813
v 0.637920 -1.790184 8.028044
v -0.675292 -1.782944 8.023721
v 0.637326 -1.778674 7.791056
v -0.675914 -1.778674 7.791056
v 0.632775 -1.562347 7.791823
v -0.671363 -1.562347 7.791823
v -0.671363 -1.562198 7.564796
v -0.666256 -1.352582 7.565657
v 0.632775 -1.562198 7.564796
v 0.627668 -1.352582 7.565657
v 0.627668 -1.350861 7.374849
v -0.666256 -1.350861 7.374849
v 0.622354 -1.104652 7.375745
v -0.660942 -1.104652 7.375745
v -0.660942 -1.103866 7.186443
v -0.656599 -0.919372 7.187176
v 0.622354 -1.103866 7.186443
v 0.618010 -0.919372 7.187176
v -0.656599 -0.917798 6.969254
v 0.618010 -0.917798 6.969254
v 0.613831 -0.711780 6.969958
v -0.652419 -0.711780 6.969958
v -0.652419 -0.711379 6.803210
v -0.646941 -0.517148 6.804133
v 0.613831 -0.711379 6.803210
v 0.608353 -0.517148 6.804133
v 0.608353 -0.516425 6.615678
v -0.646941 -0.516425 6.615678
v 0.604280 -0.315680 6.616364
v -0.642868 -0.315680 6.616364
v 0.598695 -0.139152 6.333659
v 0.604280 -0.317808 6.332718
v -0.637284 -0.139152 6.333659
v -0.642868 -0.317808 6.332718
v 0.546404 1.667692 6.258061
v 0.546404 1.667692 5.227563
v 0.585700 0.311614 6.101808
v 0.546404 1.667692 6.654297
v -0.584993 1.667692 6.654297
v -0.584993 1.667692 6.258061
v -0.584993 1.667692 5.227564
v -0.631464 0.063991 7.688179
v -0.682523 -1.698017 8.824121
v -0.681304 -1.655953 8.892326
v -0.681165 -1.651149 8.974554
v -0.682177 -1.686065 9.046870
v -0.684068 -1.751345 9.089896
v -0.686333 -1.829498 9.092104
v -0.688364 -1.899582 9.052901
v -0.689617 -1.942819 8.982794
v -0.689756 -1.947623 8.900566
v -0.688744 -1.912708 8.828250
v -0.688551 -1.906032 8.823850
v -0.688551 -1.906032 8.766465
v -0.691535 -2.009029 8.762677
v -0.691535 -2.009029 9.190469
v -0.700697 -2.325178 9.190469
v -0.700697 -2.325178 8.980742
v -0.714544 -2.803043 8.980742
v -0.714544 -2.803043 8.018534
v -0.714544 -2.803043 7.302786
v -0.700697 -2.325178 7.302786
v -0.700697 -2.325178 7.093059
v -0.691535 -2.009029 7.093059
v -0.691535 -2.009029 7.397388
v -0.688551 -1.906032 7.397388
v -0.682523 -1.698017 7.397388
v -0.624289 0.311614 6.101808
v -2.412274 -1.769275 8.783016
v -2.429056 -1.769275 8.783016
v -2.429056 -1.699190 8.822219
v -2.412274 -1.699190 8.822219
v -2.412274 -1.847428 8.785224
v -2.429056 -1.847428 8.785224
v 2.403056 -1.942819 8.982794
v 2.403056 -1.947623 8.900566
v 2.403056 -1.799386 8.937560
v 2.403056 -1.899582 9.052901
v 2.403056 -1.829498 9.092104
v 2.403056 -1.751345 9.089896
v 2.403056 -1.686065 9.046870
v 2.403056 -1.651149 8.974554
v 2.403056 -1.655953 8.892326
v 2.403056 -1.699190 8.822219
v 2.403056 -1.769275 8.783016
v 2.403056 -1.847428 8.785224
v 2.403056 -1.912708 8.828250
v -2.429056 -1.947623 8.900566
v -2.429056 -1.942819 8.982794
v -2.429056 -1.799386 8.937560
v -2.429056 -1.899582 9.052901
v -2.429056 -1.829498 9.092104
v -2.429056 -1.751345 9.089896
v -2.429056 -1.686065 9.046870
v -2.429056 -1.651149 8.974554
v -2.429056 -1.655953 8.892326
v -2.429056 -1.912708 8.828250
v 0.649776 -1.899582 9.052901
v 0.651029 -1.942819 8.982794
v 0.647745 -1.829498 9.092104
v -2.412274 -1.698017 8.824121
v 2.387779 -1.699190 8.822219
v 2.387779 -1.769275 8.783016
v 2.387779 -1.847428 8.785224
v -2.412274 -1.906032 8.823850
v -2.412274 -1.906032 8.766465
v -2.412274 -1.698017 7.397388
v -2.412274 -1.906032 7.397388
v -1.932269 1.908817 6.620992
v 1.907773 1.908817 6.620992
v 1.907773 1.908817 5.194259
v -1.932269 1.908817 5.194259
v 2.387779 -1.698017 8.824121
v 2.387779 -1.906032 8.823850
v 2.387779 -1.906032 8.766465
v 2.387779 -1.906032 7.397388
v 2.387779 -1.698017 7.397388
v -2.412274 -2.009029 7.397388
v -2.412274 -2.009029 8.762677
v 2.387779 -2.009029 8.762677
v 2.387779 -2.009029 7.397388
v 2.688624 -2.009029 9.190469
v 2.688624 -2.009029 7.093059
v 2.548024 -2.325178 8.980742
v 2.548024 -2.325178 7.302786
v 2.688624 -2.325178 7.093059
v 2.688624 -2.325178 9.190469
v -2.572519 -2.325178 7.302786
v -2.713120 -2.325178 7.093059
v -2.713120 -2.009029 7.093059
v -2.713120 -2.009029 9.190469
v -2.572519 -2.325178 8.980742
v -2.713120 -2.325178 9.190469
v -2.572519 -2.941774 7.302786
v -2.572519 -2.941774 8.980742
v 2.548024 -2.941774 7.302786
v 2.548024 -2.941774 8.980742
v 0.675956 -2.803043 7.302786
v 0.662108 -2.325178 7.302786
v 0.675956 -2.803043 8.980742
v 0.662109 -2.325178 8.980742
v 0.592876 0.063991 7.688180
v 0.643935 -1.698017 8.824121
v 1.907773 1.719352 6.620992
v -1.932269 1.719352 6.620992
v 1.907773 1.719352 5.194259
v -1.932269 1.719352 5.194259
v 0.643935 -1.698017 7.397388
v 0.645480 -1.751345 9.089896
v 0.651168 -1.947623 8.900566
v 0.650156 -1.912708 8.828250
v 0.649962 -1.906032 7.397388
v 0.642716 -1.655953 8.892326
v 0.662108 -2.325178 9.190469
v 0.662109 -2.325178 7.093059
v 0.652947 -2.009029 9.190469
v 0.652947 -2.009029 8.762677
v 0.652947 -2.009029 7.093059
v 0.652947 -2.009029 7.397388
v 0.649963 -1.906032 8.766465
v 0.649963 -1.906032 8.823850
v 0.642576 -1.651149 8.974554
v 0.643588 -1.686065 9.046870
v 0.675956 -2.803043 8.018534
v -0.041571 4.356187 5.415362
v -0.041572 4.356187 5.415359
v -0.041573 4.356187 5.415356
v -0.041575 4.356187 5.415354
v -0.041578 4.356187 5.415352
v -0.041581 4.356187 5.415352
v -0.041584 4.356187 5.415352
v -0.041587 4.356187 5.415354
v -0.041589 4.356187 5.415356
v -0.041591 4.356187 5.415359
v -0.041591 4.356187 5.415362
v -0.041591 4.356187 5.415365
v -0.041589 4.356187 5.415368
v -0.041587 4.356187 5.415370
v -0.041584 4.356187 5.415371
v -0.041581 4.356187 5.415372
v -0.041578 4.356187 5.415371
v -0.041575 4.356187 5.415370
v -0.041573 4.356187 5.415368
v -0.041572 4.356187 5.415365
v -0.041571 4.784082 5.415362
v -0.041572 4.784082 5.415359
v -0.041573 4.784082 5.415356
v -0.041575 4.784082 5.415354
v -0.041578 4.784082 5.415352
v -0.041581 4.784082 5.415352
v -0.041584 4.784082 5.415352
v -0.041587 4.784082 5.415354
v -0.041589 4.784082 5.415356
v -0.041591 4.784082 5.415359
v -0.041591 4.784082 5.415362
v -0.041591 4.784082 5.415365
v -0.041589 4.784082 5.415368
v -0.041587 4.784082 5.415370
v -0.041584 4.784082 5.415371
v -0.041581 4.784082 5.415372
v -0.041578 4.784082 5.415371
v -0.041575 4.784082 5.415370
v -0.041573 4.784082 5.415368
v -0.041572 4.784082 5.415365
v 0.037366 4.784082 5.415362
v 0.033502 4.784082 5.390966
v 0.022288 4.784082 5.368958
v 0.004823 4.784082 5.351493
v -0.017185 4.784082 5.340279
v -0.041581 4.784082 5.336415
v -0.065977 4.784082 5.340279
v -0.087985 4.784082 5.351493
v -0.105450 4.784082 5.368958
v -0.116664 4.784082 5.390966
v -0.120528 4.784082 5.415362
v -0.116664 4.784082 5.439758
v -0.105450 4.784082 5.461766
v -0.087985 4.784082 5.479231
v -0.065977 4.784082 5.490445
v -0.041581 4.784082 5.494308
v -0.017185 4.784082 5.490445
v 0.004823 4.784082 5.479231
v 0.022288 4.784082 5.461766
v 0.033502 4.784082 5.439758
v 0.037366 4.356187 5.415362
v 0.033502 4.356187 5.390966
v 0.022288 4.356187 5.368958
v 0.004823 4.356187 5.351493
v -0.017185 4.356187 5.340279
v -0.041581 4.356187 5.336415
v -0.065977 4.356187 5.340279
v -0.087985 4.356187 5.351493
v -0.105450 4.356187 5.368958
v -0.116664 4.356187 5.390966
v -0.120528 4.356187 5.415362
v -0.116664 4.356187 5.439758
v -0.105450 4.356187 5.461766
v -0.087985 4.356187 5.479231
v -0.065977 4.356187 5.490445
v -0.041581 4.356187 5.494308
v -0.017185 4.356187 5.490445
v 0.004823 4.356187 5.479231
v 0.022288 4.356187 5.461766
v 0.033502 4.356187 5.439758
v -0.027376 4.667592 5.409553
v -0.029553 4.667592 5.405281
v -0.032943 4.667592 5.401891
v -0.037215 4.667592 5.399714
v -0.041951 4.667592 5.398964
v -0.046686 4.667592 5.399714
v -0.050958 4.667592 5.401891
v -0.054348 4.667592 5.405281
v -0.056525 4.667592 5.409553
v -0.057275 4.667592 5.414289
v -0.056525 4.667592 5.419024
v -0.054348 4.667592 5.423296
v -0.050958 4.667592 5.426686
v -0.046686 4.667592 5.428863
v -0.041951 4.667592 5.429613
v -0.037215 4.667592 5.428863
v -0.032943 4.667592 5.426686
v -0.029553 4.667592 5.423296
v -0.027376 4.667592 5.419024
v -0.026626 4.667592 5.414289
v -0.013161 4.671180 5.404934
v -0.017461 4.671180 5.396496
v -0.024158 4.671180 5.389799
v -0.032596 4.671180 5.385499
v -0.041951 4.671180 5.384017
v -0.051305 4.671180 5.385499
v -0.059743 4.671180 5.389799
v -0.066440 4.671180 5.396496
v -0.070740 4.671180 5.404934
v -0.072222 4.671180 5.414289
v -0.070740 4.671180 5.423643
v -0.066440 4.671180 5.432081
v -0.059743 4.671180 5.438778
v -0.051305 4.671180 5.443078
v -0.041951 4.671180 5.444560
v -0.032596 4.671180 5.443078
v -0.024158 4.671180 5.438778
v -0.017461 4.671180 5.432081
v -0.013161 4.671180 5.423643
v -0.011680 4.671180 5.414289
v 0.000345 4.677063 5.400546
v -0.005972 4.677063 5.388148
v -0.015810 4.677063 5.378310
v -0.028208 4.677063 5.371993
v -0.041951 4.677063 5.369816
v -0.055693 4.677063 5.371993
v -0.068091 4.677063 5.378310
v -0.077930 4.677063 5.388148
v -0.084246 4.677063 5.400546
v -0.086423 4.677063 5.414289
v -0.084246 4.677063 5.428031
v -0.077930 4.677063 5.440429
v -0.068091 4.677063 5.450267
v -0.055693 4.677063 5.456584
v -0.041951 4.677063 5.458761
v -0.028208 4.677063 5.456584
v -0.015810 4.677063 5.450267
v -0.005972 4.677063 5.440429
v 0.000345 4.677063 5.428031
v 0.002522 4.677063 5.414289
v 0.012810 4.685094 5.396496
v 0.004632 4.685094 5.380445
v -0.008107 4.685094 5.367706
v -0.024158 4.685094 5.359528
v -0.041951 4.685094 5.356709
v -0.059743 4.685094 5.359528
v -0.075795 4.685094 5.367706
v -0.088533 4.685094 5.380445
v -0.096711 4.685094 5.396496
v -0.099529 4.685094 5.414289
v -0.096711 4.685094 5.432081
v -0.088533 4.685094 5.448133
v -0.075795 4.685094 5.460871
v -0.059743 4.685094 5.469049
v -0.041951 4.685094 5.471868
v -0.024158 4.685094 5.469049
v -0.008107 4.685094 5.460871
v 0.004632 4.685094 5.448133
v 0.012810 4.685094 5.432081
v 0.015628 4.685094 5.414289
v 0.023927 4.695077 5.392884
v 0.014088 4.695077 5.373574
v -0.001236 4.695077 5.358250
v -0.020546 4.695077 5.348411
v -0.041951 4.695077 5.345021
v -0.063355 4.695077 5.348411
v -0.082665 4.695077 5.358250
v -0.097989 4.695077 5.373574
v -0.107828 4.695077 5.392884
v -0.111218 4.695077 5.414289
v -0.107828 4.695077 5.435693
v -0.097989 4.695077 5.455003
v -0.082665 4.695077 5.470327
v -0.063355 4.695077 5.480166
v -0.041951 4.695077 5.483556
v -0.020546 4.695077 5.480166
v -0.001236 4.695077 5.470327
v 0.014088 4.695077 5.455003
v 0.023927 4.695077 5.435693
v 0.027317 4.695077 5.414289
v 0.033421 4.706766 5.389799
v 0.022164 4.706766 5.367706
v 0.004632 4.706766 5.350173
v -0.017461 4.706766 5.338917
v -0.041951 4.706766 5.335038
v -0.066440 4.706766 5.338917
v -0.088533 4.706766 5.350173
v -0.106066 4.706766 5.367706
v -0.117322 4.706766 5.389799
v -0.121201 4.706766 5.414289
v -0.117322 4.706766 5.438778
v -0.106066 4.706766 5.460871
v -0.088533 4.706766 5.478404
v -0.066440 4.706766 5.489660
v -0.041951 4.706766 5.493539
v -0.017461 4.706766 5.489660
v 0.004632 4.706766 5.478404
v 0.022164 4.706766 5.460871
v 0.033421 4.706766 5.438778
v 0.037300 4.706766 5.414289
v 0.041060 4.719872 5.387317
v 0.028662 4.719872 5.362986
v 0.009353 4.719872 5.343676
v -0.014979 4.719872 5.331278
v -0.041951 4.719872 5.327006
v -0.068922 4.719872 5.331278
v -0.093254 4.719872 5.343676
v -0.112563 4.719872 5.362986
v -0.124961 4.719872 5.387317
v -0.129233 4.719872 5.414289
v -0.124961 4.719872 5.441260
v -0.112563 4.719872 5.465591
v -0.093254 4.719872 5.484901
v -0.068922 4.719872 5.497299
v -0.041951 4.719872 5.501571
v -0.014979 4.719872 5.497299
v 0.009352 4.719872 5.484901
v 0.028662 4.719872 5.465591
v 0.041060 4.719872 5.441260
v 0.045331 4.719872 5.414289
v 0.046654 4.734074 5.385499
v 0.033421 4.734074 5.359528
v 0.012810 4.734074 5.338917
v -0.013161 4.734074 5.325684
v -0.041951 4.734074 5.321124
v -0.070740 4.734074 5.325684
v -0.096711 4.734074 5.338917
v -0.117322 4.734074 5.359528
v -0.130555 4.734074 5.385499
v -0.135115 4.734074 5.414289
v -0.130555 4.734074 5.443078
v -0.117322 4.734074 5.469049
v -0.096711 4.734074 5.489660
v -0.070740 4.734074 5.502893
v -0.041951 4.734074 5.507453
v -0.013161 4.734074 5.502893
v 0.012810 4.734074 5.489660
v 0.033421 4.734074 5.469049
v 0.046654 4.734074 5.443078
v 0.051214 4.734074 5.414289
v 0.050067 4.749021 5.384390
v 0.036324 4.749021 5.357419
v 0.014919 4.749021 5.336014
v -0.012052 4.749021 5.322271
v -0.041951 4.749021 5.317535
v -0.071849 4.749021 5.322271
v -0.098821 4.749021 5.336014
v -0.120225 4.749021 5.357419
v -0.133968 4.749021 5.384390
v -0.138703 4.749021 5.414289
v -0.133968 4.749021 5.444187
v -0.120225 4.749021 5.471159
v -0.098821 4.749021 5.492563
v -0.071849 4.749021 5.506306
v -0.041951 4.749021 5.511041
v -0.012052 4.749021 5.506306
v 0.014919 4.749021 5.492563
v 0.036324 4.749021 5.471159
v 0.050067 4.749021 5.444187
v 0.054802 4.749021 5.414289
v 0.051214 4.764345 5.384017
v 0.037300 4.764345 5.356709
v 0.015628 4.764345 5.335038
v -0.011680 4.764345 5.321124
v -0.041951 4.764345 5.316329
v -0.072222 4.764345 5.321124
v -0.099529 4.764345 5.335038
v -0.121201 4.764345 5.356709
v -0.135115 4.764345 5.384017
v -0.139910 4.764345 5.414289
v -0.135115 4.764345 5.444560
v -0.121201 4.764345 5.471868
v -0.099529 4.764345 5.493539
v -0.072222 4.764345 5.507453
v -0.041951 4.764345 5.512248
v -0.011680 4.764345 5.507453
v 0.015628 4.764345 5.493539
v 0.037300 4.764345 5.471868
v 0.051214 4.764345 5.444560
v 0.056008 4.764345 5.414289
v 0.050067 4.779669 5.384390
v 0.036324 4.779669 5.357419
v 0.014919 4.779669 5.336014
v -0.012052 4.779669 5.322271
v -0.041951 4.779669 5.317535
v -0.071849 4.779669 5.322271
v -0.098821 4.779669 5.336014
v -0.120225 4.779669 5.357419
v -0.133968 4.779669 5.384390
v -0.138703 4.779669 5.414289
v -0.133968 4.779669 5.444187
v -0.120225 4.779669 5.471159
v -0.098821 4.779669 5.492563
v -0.071849 4.779669 5.506306
v -0.041951 4.779669 5.511041
v -0.012052 4.779669 5.506306
v 0.014919 4.779669 5.492563
v 0.036324 4.779669 5.471159
v 0.050067 4.779669 5.444187
v 0.054802 4.779669 5.414289
v 0.046654 4.794616 5.385499
v 0.033421 4.794616 5.359528
v 0.012810 4.794616 5.338917
v -0.013161 4.794616 5.325684
v -0.041951 4.794616 5.321124
v -0.070740 4.794616 5.325684
v -0.096711 4.794616 5.338917
v -0.117322 4.794616 5.359528
v -0.130555 4.794616 5.385499
v -0.135115 4.794616 5.414289
v -0.130555 4.794616 5.443078
v -0.117322 4.794616 5.469049
v -0.096711 4.794616 5.489660
v -0.070740 4.794616 5.502893
v -0.041951 4.794616 5.507453
v -0.013161 4.794616 5.502893
v 0.012810 4.794616 5.489660
v 0.033421 4.794616 5.469049
v 0.046654 4.794616 5.443078
v 0.051214 4.794616 5.414289
v 0.041060 4.808817 5.387317
v 0.028662 4.808817 5.362986
v 0.009353 4.808817 5.343676
v -0.014979 4.808817 5.331278
v -0.041951 4.808817 5.327006
v -0.068922 4.808817 5.331278
v -0.093254 4.808817 5.343676
v -0.112563 4.808817 5.362986
v -0.124961 4.808817 5.387317
v -0.129233 4.808817 5.414289
v -0.124961 4.808817 5.441260
v -0.112563 4.808817 5.465591
v -0.093254 4.808817 5.484901
v -0.068922 4.808817 5.497299
v -0.041951 4.808817 5.501571
v -0.014979 4.808817 5.497299
v 0.009352 4.808817 5.484901
v 0.028662 4.808817 5.465591
v 0.041060 4.808817 5.441260
v 0.045331 4.808817 5.414289
v 0.033421 4.821923 5.389799
v 0.022164 4.821923 5.367706
v 0.004632 4.821923 5.350173
v -0.017461 4.821923 5.338917
v -0.041951 4.821923 5.335038
v -0.066440 4.821923 5.338917
v -0.088533 4.821923 5.350173
v -0.106066 4.821923 5.367706
v -0.117322 4.821923 5.389799
v -0.121201 4.821923 5.414289
v -0.117322 4.821923 5.438778
v -0.106066 4.821923 5.460871
v -0.088533 4.821923 5.478404
v -0.066440 4.821923 5.489660
v -0.041951 4.821923 5.493539
v -0.017461 4.821923 5.489660
v 0.004632 4.821923 5.478404
v 0.022164 4.821923 5.460871
v 0.033421 4.821923 5.438778
v 0.037300 4.821923 5.414289
v 0.023927 4.833612 5.392884
v 0.014088 4.833612 5.373574
v -0.001236 4.833612 5.358250
v -0.020546 4.833612 5.348411
v -0.041951 4.833612 5.345021
v -0.063355 4.833612 5.348411
v -0.082665 4.833612 5.358250
v -0.097989 4.833612 5.373574
v -0.107828 4.833612 5.392884
v -0.111218 4.833612 5.414289
v -0.107828 4.833612 5.435693
v -0.097989 4.833612 5.455003
v -0.082665 4.833612 5.470327
v -0.063355 4.833612 5.480166
v -0.041951 4.833612 5.483556
v -0.020546 4.833612 5.480166
v -0.001236 4.833612 5.470327
v 0.014088 4.833612 5.455003
v 0.023927 4.833612 5.435693
v 0.027317 4.833612 5.414289
v 0.012810 4.843595 5.396496
v 0.004632 4.843595 5.380445
v -0.008107 4.843595 5.367706
v -0.024158 4.843595 5.359528
v -0.041951 4.843595 5.356709
v -0.059743 4.843595 5.359528
v -0.075795 4.843595 5.367706
v -0.088533 4.843595 5.380445
v -0.096711 4.843595 5.396496
v -0.099529 4.843595 5.414289
v -0.096711 4.843595 5.432081
v -0.088533 4.843595 5.448133
v -0.075795 4.843595 5.460871
v -0.059743 4.843595 5.469049
v -0.041951 4.843595 5.471868
v -0.024158 4.843595 5.469049
v -0.008107 4.843595 5.460871
v 0.004632 4.843595 5.448133
v 0.012810 4.843595 5.432081
v 0.015628 4.843595 5.414289
v 0.000345 4.851627 5.400546
v -0.005972 4.851627 5.388148
v -0.015810 4.851627 5.378310
v -0.028208 4.851627 5.371993
v -0.041951 4.851627 5.369816
v -0.055693 4.851627 5.371993
v -0.068091 4.851627 5.378310
v -0.077930 4.851627 5.388148
v -0.084246 4.851627 5.400546
v -0.086423 4.851627 5.414289
v -0.084246 4.851627 5.428031
v -0.077930 4.851627 5.440429
v -0.068091 4.851627 5.450267
v -0.055693 4.851627 5.456584
v -0.041951 4.851627 5.458761
v -0.028208 4.851627 5.456584
v -0.015810 4.851627 5.450267
v -0.005972 4.851627 5.440429
v 0.000345 4.851627 5.428031
v 0.002522 4.851627 5.414289
v -0.013161 4.857509 5.404934
v -0.017461 4.857509 5.396496
v -0.024158 4.857509 5.389799
v -0.032596 4.857509 5.385499
v -0.041951 4.857509 5.384017
v -0.051305 4.857509 5.385499
v -0.059743 4.857509 5.389799
v -0.066440 4.857509 5.396496
v -0.070740 4.857509 5.404934
v -0.072222 4.857509 5.414289
v -0.070740 4.857509 5.423643
v -0.066440 4.857509 5.432081
v -0.059743 4.857509 5.438778
v -0.051305 4.857509 5.443078
v -0.041951 4.857509 5.444560
v -0.032596 4.857509 5.443078
v -0.024158 4.857509 5.438778
v -0.017461 4.857509 5.432081
v -0.013161 4.857509 5.423643
v -0.011680 4.857509 5.414289
v -0.027376 4.861097 5.409553
v -0.029553 4.861097 5.405281
v -0.032943 4.861097 5.401891
v -0.037215 4.861097 5.399714
v -0.041951 4.861097 5.398964
v -0.046686 4.861097 5.399714
v -0.050958 4.861097 5.401891
v -0.054348 4.861097 5.405281
v -0.056525 4.861097 5.409553
v -0.057275 4.861097 5.414289
v -0.056525 4.861097 5.419024
v -0.054348 4.861097 5.423296
v -0.050958 4.861097 5.426686
v -0.046686 4.861097 5.428863
v -0.041951 4.861097 5.429613
v -0.037215 4.861097 5.428863
v -0.032943 4.861097 5.426686
v -0.029553 4.861097 5.423296
v -0.027376 4.861097 5.419024
v -0.026626 4.861097 5.414289
v -0.041951 4.666386 5.414289
v -0.041951 4.862304 5.414289
v -0.275719 4.129475 5.192804
v -0.275719 4.129475 5.636964
v -0.195440 4.540130 5.561156
v -0.195440 4.540130 5.268611
v 0.194637 4.129475 5.192804
v 0.114358 4.540130 5.268611
v 0.194637 4.129475 5.636964
v 0.114358 4.540130 5.561156
v -0.457831 4.028556 5.058281
v -0.457831 4.028556 5.771487
v 0.376749 4.028556 5.058281
v 0.376749 4.028556 5.771487
v -0.767558 3.771412 4.831353
v -0.767558 3.771412 5.998415
v -0.457831 3.771412 5.771487
v -0.457831 3.771412 5.058281
v 0.686476 3.771412 5.998415
v 0.686476 3.771412 4.831353
v 0.376749 3.771412 5.058281
v 0.376749 3.771412 5.771487
v -1.213478 3.528592 4.656841
v -1.213478 3.528592 6.172927
v -0.767558 3.514266 5.998415
v -0.767558 3.514266 4.831353
v 1.132396 3.528592 6.172927
v 1.132396 3.528592 4.656841
v 0.686476 3.514266 4.831353
v 0.686476 3.514266 5.998415
v -1.397357 3.264462 4.446392
v -1.397357 3.264462 6.383376
v -1.213478 3.242796 6.172927
v -1.213478 3.242796 4.656841
v 1.316275 3.264462 6.383376
v 1.316275 3.264462 4.446392
v 1.132396 3.242796 4.656841
v 1.132396 3.242796 6.172927
v -1.688070 3.007100 4.116019
v -1.688070 3.007100 6.713749
v -1.397357 2.992636 6.383376
v -1.397357 2.992636 4.446392
v 1.606989 3.007100 6.713749
v 1.606989 3.007100 4.116019
v 1.316275 2.992636 4.446392
v 1.316275 2.992636 6.383376
v -1.992864 2.750046 3.719586
v -1.992864 2.750046 7.110182
v -1.688070 2.735711 6.713749
v -1.688070 2.735711 4.116019
v 1.911782 2.750046 7.110182
v 1.911782 2.750046 3.719586
v 1.606989 2.735711 4.116019
v 1.606989 2.735711 6.713749
v -1.992864 2.478476 7.110182
v -1.992864 2.478476 3.719586
v -2.480732 2.515519 3.344412
v -2.480732 2.515519 7.485356
v -2.021198 2.228545 3.809643
v -2.021198 2.228545 7.020125
v -2.480732 2.198714 7.485356
v -2.480732 2.198715 3.344412
v 1.940116 2.228545 7.020125
v 1.940116 2.228545 3.809643
v 2.399650 2.198715 3.344412
v 2.399650 2.198714 7.485356
v 1.911782 2.478476 3.719586
v 1.911782 2.478476 7.110182
v 2.399650 2.515519 7.485356
v 2.399650 2.515519 3.344412
v -2.270400 2.244722 3.607675
v -2.270400 2.244722 7.222094
v -2.021198 1.971401 3.809643
v -2.021198 1.971401 7.020125
v -2.270400 1.955226 7.222094
v -2.270400 1.955226 3.607675
v 1.940116 1.971401 7.020125
v 1.940116 1.971401 3.809643
v 2.189318 1.955226 3.607675
v 2.189318 1.955226 7.222094
v 2.189318 2.244722 7.222094
v 2.189318 2.244722 3.607675
v -2.021198 1.714258 3.809643
v -2.021198 1.714258 7.020125
v 1.940116 1.714258 3.809643
v 1.940116 1.714258 7.020125
v -0.134001 4.540130 5.497904
v -0.134001 4.540130 5.560617
v -0.194883 4.540130 5.560617
v -0.194883 4.540130 5.497904
v -0.134001 4.540130 5.273540
v -0.134001 4.540130 5.336254
v -0.194883 4.540130 5.336254
v -0.194883 4.540130 5.273540
v 0.053386 4.540130 5.560617
v 0.053386 4.540130 5.497904
v 0.114269 4.540130 5.497904
v 0.114269 4.540130 5.560617
v 0.053386 4.540130 5.336254
v 0.053386 4.540130 5.273540
v 0.114269 4.540130 5.273540
v 0.114269 4.540130 5.336254
v 0.058117 4.581533 5.331381
v 0.058117 4.581533 5.278412
v 0.109538 4.581533 5.278412
v 0.109538 4.581533 5.331381
v 0.058117 4.581533 5.555745
v 0.058117 4.581533 5.502776
v 0.109538 4.581533 5.502776
v 0.109538 4.581533 5.555745
v -0.190153 4.581533 5.331381
v -0.190153 4.581533 5.278412
v -0.138731 4.581533 5.278412
v -0.138731 4.581533 5.331381
v -0.190153 4.581533 5.555745
v -0.190153 4.581533 5.502776
v -0.138731 4.581533 5.502776
v -0.138731 4.581533 5.555745
v 0.119051 4.301762 5.560663
v 0.119051 4.301762 5.269106
v -0.200133 4.301762 5.269106
v -0.200133 4.301762 5.560663
v 0.124514 4.287464 5.565653
v 0.124514 4.287464 5.264116
v -0.205596 4.287464 5.264116
v -0.205596 4.287464 5.565653
v 0.016221 5.025388 -3.209548
v 0.016220 5.025388 -3.209551
v 0.016219 5.025388 -3.209553
v 0.016218 5.025388 -3.209555
v 0.016215 5.025388 -3.209556
v 0.016213 5.025388 -3.209557
v 0.016210 5.025388 -3.209556
v 0.016208 5.025388 -3.209555
v 0.016206 5.025388 -3.209553
v 0.016205 5.025388 -3.209551
v 0.016204 5.025388 -3.209548
v 0.016205 5.025388 -3.209546
v 0.016206 5.025388 -3.209544
v 0.016208 5.025388 -3.209542
v 0.016210 5.025388 -3.209541
v 0.016213 5.025388 -3.209540
v 0.016215 5.025388 -3.209541
v 0.016218 5.025388 -3.209542
v 0.016219 5.025388 -3.209544
v 0.016220 5.025388 -3.209546
v 0.016221 5.733817 -3.209548
v 0.016220 5.733817 -3.209551
v 0.016219 5.733817 -3.209553
v 0.016218 5.733817 -3.209555
v 0.016215 5.733817 -3.209556
v 0.016213 5.733817 -3.209557
v 0.016210 5.733817 -3.209556
v 0.016208 5.733817 -3.209555
v 0.016206 5.733817 -3.209553
v 0.016205 5.733817 -3.209551
v 0.016204 5.733817 -3.209548
v 0.016205 5.733817 -3.209546
v 0.016206 5.733817 -3.209544
v 0.016208 5.733817 -3.209542
v 0.016210 5.733817 -3.209541
v 0.016213 5.733817 -3.209540
v 0.016215 5.733817 -3.209541
v 0.016218 5.733817 -3.209542
v 0.016219 5.733817 -3.209544
v 0.016220 5.733817 -3.209546
v 0.094095 5.733817 -3.209548
v 0.090284 5.733817 -3.233615
v 0.079221 5.733817 -3.255327
v 0.061991 5.733817 -3.272557
v 0.040280 5.733817 -3.283619
v 0.016213 5.733817 -3.287431
v -0.007854 5.733817 -3.283619
v -0.029566 5.733817 -3.272557
v -0.046796 5.733817 -3.255327
v -0.057858 5.733817 -3.233615
v -0.061670 5.733817 -3.209548
v -0.057858 5.733817 -3.185482
v -0.046796 5.733817 -3.163770
v -0.029566 5.733817 -3.146540
v -0.007854 5.733817 -3.135478
v 0.016213 5.733817 -3.131666
v 0.040280 5.733817 -3.135478
v 0.061991 5.733817 -3.146540
v 0.079221 5.733817 -3.163770
v 0.090284 5.733817 -3.185482
v 0.094095 5.025388 -3.209548
v 0.090284 5.025388 -3.233615
v 0.079221 5.025388 -3.255327
v 0.061991 5.025388 -3.272557
v 0.040280 5.025388 -3.283619
v 0.016213 5.025388 -3.287431
v -0.007854 5.025388 -3.283619
v -0.029566 5.025388 -3.272557
v -0.046796 5.025388 -3.255327
v -0.057858 5.025388 -3.233615
v -0.061670 5.025388 -3.209548
v -0.057858 5.025388 -3.185482
v -0.046796 5.025388 -3.163770
v -0.029566 5.025388 -3.146540
v -0.007854 5.025388 -3.135478
v 0.016213 5.025388 -3.131666
v 0.040280 5.025388 -3.135478
v 0.061991 5.025388 -3.146540
v 0.079221 5.025388 -3.163770
v 0.090284 5.025388 -3.185482
v 0.032497 5.668017 -3.214102
v 0.030404 5.668017 -3.218210
v 0.027144 5.668017 -3.221469
v 0.023036 5.668017 -3.223563
v 0.018482 5.668017 -3.224284
v 0.013929 5.668017 -3.223563
v 0.009821 5.668017 -3.221469
v 0.006561 5.668017 -3.218210
v 0.004468 5.668017 -3.214102
v 0.003747 5.668017 -3.209548
v 0.004468 5.668017 -3.204995
v 0.006561 5.668017 -3.200887
v 0.009821 5.668017 -3.197627
v 0.013929 5.668017 -3.195534
v 0.018482 5.668017 -3.194813
v 0.023036 5.668017 -3.195534
v 0.027144 5.668017 -3.197627
v 0.030404 5.668017 -3.200887
v 0.032497 5.668017 -3.204995
v 0.033218 5.668017 -3.209548
v 0.046166 5.671467 -3.218543
v 0.042031 5.671467 -3.226658
v 0.035592 5.671467 -3.233097
v 0.027477 5.671467 -3.237232
v 0.018482 5.671467 -3.238656
v 0.009488 5.671467 -3.237232
v 0.001373 5.671467 -3.233097
v -0.005066 5.671467 -3.226658
v -0.009201 5.671467 -3.218543
v -0.010625 5.671467 -3.209548
v -0.009201 5.671467 -3.200554
v -0.005066 5.671467 -3.192439
v 0.001373 5.671467 -3.185999
v 0.009488 5.671467 -3.181865
v 0.018482 5.671467 -3.180441
v 0.027477 5.671467 -3.181865
v 0.035592 5.671467 -3.185999
v 0.042031 5.671467 -3.192439
v 0.046166 5.671467 -3.200554
v 0.047590 5.671467 -3.209548
v 0.059153 5.677124 -3.222763
v 0.053079 5.677124 -3.234684
v 0.043618 5.677124 -3.244145
v 0.031697 5.677124 -3.250219
v 0.018482 5.677124 -3.252312
v 0.005268 5.677124 -3.250219
v -0.006653 5.677124 -3.244145
v -0.016114 5.677124 -3.234684
v -0.022188 5.677124 -3.222763
v -0.024281 5.677124 -3.209548
v -0.022188 5.677124 -3.196334
v -0.016114 5.677124 -3.184412
v -0.006653 5.677124 -3.174952
v 0.005268 5.677124 -3.168878
v 0.018482 5.677124 -3.166785
v 0.031697 5.677124 -3.168878
v 0.043618 5.677124 -3.174952
v 0.053079 5.677124 -3.184412
v 0.059153 5.677124 -3.196334
v 0.061246 5.677124 -3.209548
v 0.071139 5.684846 -3.226658
v 0.063275 5.684846 -3.242092
v 0.051026 5.684846 -3.254341
v 0.035592 5.684846 -3.262205
v 0.018482 5.684846 -3.264915
v 0.001373 5.684846 -3.262205
v -0.014061 5.684846 -3.254341
v -0.026310 5.684846 -3.242092
v -0.034174 5.684846 -3.226658
v -0.036884 5.684846 -3.209548
v -0.034174 5.684846 -3.192439
v -0.026310 5.684846 -3.177005
v -0.014061 5.684846 -3.164756
v 0.001373 5.684846 -3.156892
v 0.018482 5.684846 -3.154182
v 0.035592 5.684846 -3.156892
v 0.051026 5.684846 -3.164756
v 0.063275 5.684846 -3.177005
v 0.071139 5.684846 -3.192439
v 0.073849 5.684846 -3.209548
v 0.081828 5.694446 -3.230131
v 0.072368 5.694446 -3.248698
v 0.057632 5.694446 -3.263433
v 0.039065 5.694446 -3.272894
v 0.018482 5.694446 -3.276154
v -0.002100 5.694446 -3.272894
v -0.020667 5.694446 -3.263433
v -0.035403 5.694446 -3.248698
v -0.044863 5.694446 -3.230131
v -0.048123 5.694446 -3.209548
v -0.044863 5.694446 -3.188966
v -0.035403 5.694446 -3.170399
v -0.020667 5.694446 -3.155663
v -0.002100 5.694446 -3.146203
v 0.018482 5.694446 -3.142943
v 0.039065 5.694446 -3.146203
v 0.057632 5.694446 -3.155663
v 0.072368 5.694446 -3.170399
v 0.081828 5.694446 -3.188966
v 0.085088 5.694446 -3.209548
v 0.090958 5.705686 -3.233097
v 0.080134 5.705686 -3.254341
v 0.063275 5.705686 -3.271200
v 0.042031 5.705686 -3.282024
v 0.018482 5.705686 -3.285754
v -0.005066 5.705686 -3.282024
v -0.026310 5.705686 -3.271200
v -0.043169 5.705686 -3.254341
v -0.053993 5.705686 -3.233097
v -0.057723 5.705686 -3.209548
v -0.053993 5.705686 -3.185999
v -0.043169 5.705686 -3.164756
v -0.026310 5.705686 -3.147897
v -0.005066 5.705686 -3.137073
v 0.018482 5.705686 -3.133343
v 0.042031 5.705686 -3.137073
v 0.063275 5.705686 -3.147897
v 0.080134 5.705686 -3.164756
v 0.090958 5.705686 -3.185999
v 0.094688 5.705686 -3.209548
v 0.098303 5.718288 -3.235483
v 0.086382 5.718288 -3.258880
v 0.067814 5.718288 -3.277448
v 0.044418 5.718288 -3.289369
v 0.018482 5.718288 -3.293477
v -0.007453 5.718288 -3.289369
v -0.030849 5.718288 -3.277448
v -0.049417 5.718288 -3.258880
v -0.061338 5.718288 -3.235483
v -0.065446 5.718288 -3.209548
v -0.061338 5.718288 -3.183613
v -0.049417 5.718288 -3.160217
v -0.030849 5.718288 -3.141649
v -0.007453 5.718288 -3.129728
v 0.018482 5.718288 -3.125620
v 0.044418 5.718288 -3.129728
v 0.067814 5.718288 -3.141649
v 0.086382 5.718288 -3.160217
v 0.098303 5.718288 -3.183613
v 0.102411 5.718288 -3.209548
v 0.103683 5.731944 -3.237232
v 0.090958 5.731944 -3.262205
v 0.071139 5.731944 -3.282024
v 0.046166 5.731944 -3.294748
v 0.018482 5.731944 -3.299133
v -0.009201 5.731944 -3.294748
v -0.034174 5.731944 -3.282024
v -0.053993 5.731944 -3.262205
v -0.066718 5.731944 -3.237232
v -0.071102 5.731944 -3.209548
v -0.066718 5.731944 -3.181865
v -0.053993 5.731944 -3.156892
v -0.034174 5.731944 -3.137073
v -0.009201 5.731944 -3.124348
v 0.018482 5.731944 -3.119964
v 0.046166 5.731944 -3.124348
v 0.071139 5.731944 -3.137073
v 0.090958 5.731944 -3.156892
v 0.103683 5.731944 -3.181865
v 0.108067 5.731944 -3.209548
v 0.106964 5.746316 -3.238298
v 0.093750 5.746316 -3.264233
v 0.073167 5.746316 -3.284815
v 0.047232 5.746316 -3.298030
v 0.018482 5.746316 -3.302584
v -0.010267 5.746316 -3.298030
v -0.036202 5.746316 -3.284815
v -0.056785 5.746316 -3.264233
v -0.069999 5.746316 -3.238298
v -0.074553 5.746316 -3.209548
v -0.069999 5.746316 -3.180799
v -0.056785 5.746316 -3.154864
v -0.036202 5.746316 -3.134281
v -0.010267 5.746316 -3.121067
v 0.018482 5.746316 -3.116513
v 0.047232 5.746316 -3.121067
v 0.073167 5.746316 -3.134281
v 0.093750 5.746316 -3.154864
v 0.106964 5.746316 -3.180799
v 0.111518 5.746316 -3.209548
v 0.108067 5.761052 -3.238656
v 0.094688 5.761052 -3.264915
v 0.073849 5.761052 -3.285754
v 0.047590 5.761052 -3.299133
v 0.018482 5.761052 -3.303743
v -0.010625 5.761052 -3.299133
v -0.036884 5.761052 -3.285754
v -0.057723 5.761052 -3.264915
v -0.071102 5.761052 -3.238656
v -0.075712 5.761052 -3.209548
v -0.071102 5.761052 -3.180441
v -0.057723 5.761052 -3.154182
v -0.036884 5.761052 -3.133343
v -0.010625 5.761052 -3.119964
v 0.018482 5.761052 -3.115354
v 0.047590 5.761052 -3.119964
v 0.073849 5.761052 -3.133343
v 0.094688 5.761052 -3.154182
v 0.108067 5.761052 -3.180441
v 0.112677 5.761052 -3.209548
v 0.106964 5.775787 -3.238298
v 0.093750 5.775787 -3.264233
v 0.073167 5.775787 -3.284815
v 0.047232 5.775787 -3.298030
v 0.018482 5.775787 -3.302584
v -0.010267 5.775787 -3.298030
v -0.036202 5.775787 -3.284815
v -0.056785 5.775787 -3.264233
v -0.069999 5.775787 -3.238298
v -0.074553 5.775787 -3.209548
v -0.069999 5.775787 -3.180799
v -0.056785 5.775787 -3.154864
v -0.036202 5.775787 -3.134281
v -0.010267 5.775787 -3.121067
v 0.018482 5.775787 -3.116513
v 0.047232 5.775787 -3.121067
v 0.073167 5.775787 -3.134281
v 0.093750 5.775787 -3.154864
v 0.106964 5.775787 -3.180799
v 0.111518 5.775787 -3.209548
v 0.103683 5.790159 -3.237232
v 0.090958 5.790159 -3.262205
v 0.071139 5.790159 -3.282024
v 0.046166 5.790159 -3.294748
v 0.018482 5.790159 -3.299133
v -0.009201 5.790159 -3.294748
v -0.034174 5.790159 -3.282024
v -0.053993 5.790159 -3.262205
v -0.066718 5.790159 -3.237232
v -0.071102 5.790159 -3.209548
v -0.066718 5.790159 -3.181865
v -0.053993 5.790159 -3.156892
v -0.034174 5.790159 -3.137073
v -0.009201 5.790159 -3.124348
v 0.018482 5.790159 -3.119964
v 0.046166 5.790159 -3.124348
v 0.071139 5.790159 -3.137073
v 0.090958 5.790159 -3.156892
v 0.103683 5.790159 -3.181865
v 0.108067 5.790159 -3.209548
v 0.098303 5.803815 -3.235483
v 0.086382 5.803815 -3.258880
v 0.067814 5.803815 -3.277448
v 0.044418 5.803815 -3.289369
v 0.018482 5.803815 -3.293477
v -0.007453 5.803815 -3.289369
v -0.030849 5.803815 -3.277448
v -0.049417 5.803815 -3.258880
v -0.061338 5.803815 -3.235483
v -0.065446 5.803815 -3.209548
v -0.061338 5.803815 -3.183613
v -0.049417 5.803815 -3.160217
v -0.030849 5.803815 -3.141649
v -0.007453 5.803815 -3.129728
v 0.018482 5.803815 -3.125620
v 0.044418 5.803815 -3.129728
v 0.067814 5.803815 -3.141649
v 0.086382 5.803815 -3.160217
v 0.098303 5.803815 -3.183613
v 0.102411 5.803815 -3.209548
v 0.090958 5.816418 -3.233097
v 0.080134 5.816418 -3.254341
v 0.063275 5.816418 -3.271200
v 0.042031 5.816418 -3.282024
v 0.018482 5.816418 -3.285754
v -0.005066 5.816418 -3.282024
v -0.026310 5.816418 -3.271200
v -0.043169 5.816418 -3.254341
v -0.053993 5.816418 -3.233097
v -0.057723 5.816418 -3.209548
v -0.053993 5.816418 -3.185999
v -0.043169 5.816418 -3.164756
v -0.026310 5.816418 -3.147897
v -0.005066 5.816418 -3.137073
v 0.018482 5.816418 -3.133343
v 0.042031 5.816418 -3.137073
v 0.063275 5.816418 -3.147897
v 0.080134 5.816418 -3.164756
v 0.090958 5.816418 -3.185999
v 0.094688 5.816418 -3.209548
v 0.081828 5.827657 -3.230131
v 0.072368 5.827657 -3.248698
v 0.057632 5.827657 -3.263433
v 0.039065 5.827657 -3.272894
v 0.018482 5.827657 -3.276154
v -0.002100 5.827657 -3.272894
v -0.020667 5.827657 -3.263433
v -0.035403 5.827657 -3.248698
v -0.044863 5.827657 -3.230131
v -0.048123 5.827657 -3.209548
v -0.044863 5.827657 -3.188966
v -0.035403 5.827657 -3.170399
v -0.020667 5.827657 -3.155663
v -0.002100 5.827657 -3.146203
v 0.018482 5.827657 -3.142943
v 0.039065 5.827657 -3.146203
v 0.057632 5.827657 -3.155663
v 0.072368 5.827657 -3.170399
v 0.081828 5.827657 -3.188966
v 0.085088 5.827657 -3.209548
v 0.071139 5.837257 -3.226658
v 0.063275 5.837257 -3.242092
v 0.051026 5.837257 -3.254341
v 0.035592 5.837257 -3.262205
v 0.018482 5.837257 -3.264915
v 0.001373 5.837257 -3.262205
v -0.014061 5.837257 -3.254341
v -0.026310 5.837257 -3.242092
v -0.034174 5.837257 -3.226658
v -0.036884 5.837257 -3.209548
v -0.034174 5.837257 -3.192439
v -0.026310 5.837257 -3.177005
v -0.014061 5.837257 -3.164756
v 0.001373 5.837257 -3.156892
v 0.018482 5.837257 -3.154182
v 0.035592 5.837257 -3.156892
v 0.051026 5.837257 -3.164756
v 0.063275 5.837257 -3.177005
v 0.071139 5.837257 -3.192439
v 0.073849 5.837257 -3.209548
v 0.059153 5.844980 -3.222763
v 0.053079 5.844980 -3.234684
v 0.043618 5.844980 -3.244145
v 0.031697 5.844980 -3.250219
v 0.018482 5.844980 -3.252312
v 0.005268 5.844980 -3.250219
v -0.006653 5.844980 -3.244145
v -0.016114 5.844980 -3.234684
v -0.022188 5.844980 -3.222763
v -0.024281 5.844980 -3.209548
v -0.022188 5.844980 -3.196334
v -0.016114 5.844980 -3.184412
v -0.006653 5.844980 -3.174952
v 0.005268 5.844980 -3.168878
v 0.018482 5.844980 -3.166785
v 0.031697 5.844980 -3.168878
v 0.043618 5.844980 -3.174952
v 0.053079 5.844980 -3.184412
v 0.059153 5.844980 -3.196334
v 0.061246 5.844980 -3.209548
v 0.046166 5.850636 -3.218543
v 0.042031 5.850636 -3.226658
v 0.035592 5.850636 -3.233097
v 0.027477 5.850636 -3.237232
v 0.018482 5.850636 -3.238656
v 0.009488 5.850636 -3.237232
v 0.001373 5.850636 -3.233097
v -0.005066 5.850636 -3.226658
v -0.009201 5.850636 -3.218543
v -0.010625 5.850636 -3.209548
v -0.009201 5.850636 -3.200554
v -0.005066 5.850636 -3.192439
v 0.001373 5.850636 -3.185999
v 0.009488 5.850636 -3.181865
v 0.018482 5.850636 -3.180441
v 0.027477 5.850636 -3.181865
v 0.035592 5.850636 -3.185999
v 0.042031 5.850636 -3.192439
v 0.046166 5.850636 -3.200554
v 0.047590 5.850636 -3.209548
v 0.032497 5.854087 -3.214102
v 0.030404 5.854087 -3.218210
v 0.027144 5.854087 -3.221469
v 0.023036 5.854087 -3.223563
v 0.018482 5.854087 -3.224284
v 0.013929 5.854087 -3.223563
v 0.009821 5.854087 -3.221469
v 0.006561 5.854087 -3.218210
v 0.004468 5.854087 -3.214102
v 0.003747 5.854087 -3.209548
v 0.004468 5.854087 -3.204995
v 0.006561 5.854087 -3.200887
v 0.009821 5.854087 -3.197627
v 0.013929 5.854087 -3.195534
v 0.018482 5.854087 -3.194813
v 0.023036 5.854087 -3.195534
v 0.027144 5.854087 -3.197627
v 0.030404 5.854087 -3.200887
v 0.032497 5.854087 -3.204995
v 0.033218 5.854087 -3.209548
v 0.018482 5.666857 -3.209548
v 0.018482 5.855247 -3.209548
v -2.434925 -1.733055 -0.918786
v 2.471474 -1.733055 -0.918786
v -2.434925 1.105617 -0.918786
v 2.471474 1.105617 -0.918786
v -2.434925 1.105617 -5.503951
v 2.471474 1.105617 -5.503951
v -2.434925 -1.733055 -5.503951
v 2.471474 -1.733055 -5.503951
v -2.434925 1.490133 -0.918786
v 2.471474 1.490133 -0.918786
v 2.471474 1.490133 -5.503951
v -2.434925 1.490133 -5.503951
v -1.938509 1.490133 -1.382700
v 1.975058 1.490133 -1.382700
v 1.975058 1.490133 -5.040036
v -1.938509 1.490133 -5.040036
v -1.938509 1.726506 -1.382700
v 1.975058 1.726506 -1.382700
v 1.975058 1.726506 -5.040036
v -1.938509 1.726506 -5.040036
v -1.650596 1.726506 -1.651762
v 1.687146 1.726506 -1.651762
v 1.687146 1.726506 -4.770974
v -1.650596 1.726506 -4.770974
v -1.650596 1.981586 -1.651762
v 1.687146 1.981586 -1.651762
v 1.687146 1.981586 -4.770974
v -1.650596 1.981586 -4.770974
v -1.546626 1.981586 -1.748925
v 1.583175 1.981586 -1.748925
v 1.583175 1.981586 -4.673811
v -1.546626 1.981586 -4.673811
v -1.546626 4.702621 -1.748925
v 1.583175 4.702621 -1.748925
v 1.583175 4.702621 -4.673811
v -1.546626 4.702621 -4.673811
v -1.789160 4.854924 -1.522270
v 1.825710 4.854924 -1.522270
v 1.825710 4.854924 -4.900466
v -1.789160 4.854924 -4.900466
v -1.660886 4.696496 -1.642146
v 1.697436 4.696496 -1.642146
v 1.697436 4.876487 -1.642146
v -1.660886 4.876487 -1.642146
v 1.697436 4.696496 -4.780590
v 1.697436 4.876487 -4.780590
v -1.660886 4.696496 -4.780590
v -1.660886 4.876487 -4.780590
v -1.789160 5.009943 -1.522271
v 1.825710 5.009943 -1.522271
v 1.825710 5.009941 -4.900466
v -1.789160 5.009941 -4.900466
v -1.789160 5.206088 -1.522271
v 1.825710 5.206088 -1.522271
v 1.825710 5.206086 -4.900466
v -1.789160 5.206086 -4.900466
v -1.959897 5.000679 -1.362712
v 1.996447 5.000679 -1.362712
v 1.996447 5.215353 -1.362712
v -1.959897 5.215353 -1.362712
v 1.996447 5.000677 -5.060024
v 1.996447 5.215351 -5.060024
v -1.959897 5.000677 -5.060024
v -1.959897 5.215351 -5.060024
v -2.686633 1.184461 -0.683558
v 2.723182 1.184461 -0.683558
v 2.723182 1.411288 -0.683558
v -2.686633 1.411288 -0.683558
v 2.723182 1.184461 -5.739179
v 2.723182 1.411288 -5.739179
v -2.686633 1.184461 -5.739179
v -2.686633 1.411288 -5.739179
v -0.486908 5.217241 -2.739263
v 0.523457 5.217241 -2.739263
v 0.523457 5.217239 -3.683475
v -0.486908 5.217239 -3.683475
v -0.274881 5.387069 -2.937407
v 0.311431 5.387069 -2.937407
v 0.311431 5.387068 -3.485331
v -0.274881 5.387068 -3.485331
v -0.163788 5.519308 -3.041227
v 0.200338 5.519308 -3.041227
v 0.200338 5.519308 -3.381512
v -0.163788 5.519308 -3.381512
v 2.384364 2.363681 7.388224
v 2.390201 2.363680 7.320407
v 2.361348 2.363960 7.258759
v 2.305537 2.364447 7.219796
v 2.237723 2.365010 7.213959
v 2.176076 2.365498 7.242813
v 2.137114 2.365781 7.298625
v 2.131277 2.365782 7.366442
v 2.160130 2.365501 7.428092
v 2.215940 2.365014 7.467054
v 2.283755 2.364451 7.472891
v 2.345402 2.363963 7.444037
v 2.389049 2.932168 7.388618
v 2.394366 2.869106 7.320758
v 2.365009 2.808130 7.259067
v 2.308719 2.750458 7.220063
v 2.244048 2.718651 7.218256
v 2.182400 2.719139 7.247110
v 2.143439 2.719421 7.302923
v 2.134459 2.751792 7.366710
v 2.163791 2.809670 7.428400
v 2.220106 2.870440 7.467405
v 2.288440 2.932939 7.473285
v 2.350418 2.972528 7.444459
v 2.260739 2.364731 7.343425
v 2.264068 2.768652 7.343705
v -2.368833 2.363680 7.473388
v -2.300766 2.363679 7.473128
v -2.241949 2.363960 7.438870
v -2.208140 2.364447 7.379795
v -2.208400 2.365010 7.311730
v -2.242659 2.365498 7.252914
v -2.301736 2.365780 7.219108
v -2.369803 2.365782 7.219368
v -2.428621 2.365501 7.253625
v -2.462429 2.365014 7.312700
v -2.462169 2.364451 7.380765
v -2.427911 2.363963 7.439580
v -2.368806 2.932168 7.478090
v -2.300742 2.869106 7.477308
v -2.241927 2.808130 7.442544
v -2.208122 2.750458 7.382987
v -2.212114 2.718651 7.318414
v -2.246372 2.719139 7.259599
v -2.305450 2.719421 7.225791
v -2.369785 2.751792 7.222560
v -2.428600 2.809670 7.257298
v -2.462405 2.870440 7.316881
v -2.462142 2.932939 7.385467
v -2.427882 2.972528 7.444614
v -2.335285 2.364730 7.346248
v -2.335266 2.768652 7.349588
v -1.555552 2.811718 6.661664
v -1.487485 2.811717 6.661405
v -1.428667 2.811998 6.627147
v -1.394859 2.812485 6.568071
v -1.395119 2.813048 6.500007
v -1.429378 2.813536 6.441191
v -1.488455 2.813818 6.407384
v -1.556522 2.813819 6.407644
v -1.615340 2.813539 6.441902
v -1.649148 2.813052 6.500977
v -1.648888 2.812489 6.569042
v -1.614630 2.812001 6.627857
v -1.555525 3.380206 6.666367
v -1.487461 3.317144 6.665585
v -1.428646 3.256167 6.630821
v -1.394841 3.198496 6.571264
v -1.398833 3.166689 6.506691
v -1.433091 3.167177 6.447875
v -1.492169 3.167459 6.414068
v -1.556504 3.199830 6.410837
v -1.615319 3.257708 6.445575
v -1.649124 3.318478 6.505157
v -1.648861 3.380976 6.573744
v -1.614601 3.420566 6.632891
v -1.522004 2.812768 6.534524
v -1.521984 3.216690 6.537865
v 1.567321 2.811718 6.574093
v 1.573157 2.811717 6.506277
v 1.544305 2.811997 6.444628
v 1.488494 2.812485 6.405665
v 1.420680 2.813047 6.399828
v 1.359033 2.813535 6.428682
v 1.320071 2.813818 6.484495
v 1.314234 2.813819 6.552311
v 1.343087 2.813539 6.613961
v 1.398897 2.813051 6.652924
v 1.466712 2.812489 6.658760
v 1.528359 2.812001 6.629906
v 1.572006 3.380206 6.574488
v 1.577323 3.317144 6.506627
v 1.547966 3.256167 6.444936
v 1.491676 3.198495 6.405932
v 1.427005 3.166689 6.404126
v 1.365357 3.167177 6.432980
v 1.326395 3.167459 6.488792
v 1.317415 3.199830 6.552579
v 1.346747 3.257708 6.614269
v 1.403063 3.318478 6.653274
v 1.471397 3.380976 6.659154
v 1.533375 3.420566 6.630328
v 1.443696 2.812768 6.529294
v 1.447025 3.216690 6.529574
v 1.065580 3.398561 6.026865
v 1.071417 3.398560 5.959049
v 1.042564 3.398841 5.897400
v 0.986754 3.399328 5.858437
v 0.918939 3.399890 5.852601
v 0.857292 3.400378 5.881454
v 0.818330 3.400661 5.937267
v 0.812493 3.400662 6.005084
v 0.841346 3.400382 6.066733
v 0.897157 3.399894 6.105696
v 0.964971 3.399332 6.111532
v 1.026618 3.398844 6.082678
v 1.070265 3.967049 6.027260
v 1.075582 3.903987 5.959399
v 1.046225 3.843010 5.897708
v 0.989935 3.785338 5.858705
v 0.925264 3.753532 5.856898
v 0.863617 3.754020 5.885752
v 0.824655 3.754302 5.941565
v 0.815675 3.786673 6.005351
v 0.845007 3.844551 6.067040
v 0.901322 3.905321 6.106046
v 0.969656 3.967819 6.111926
v 1.031634 4.007409 6.083100
v 0.941955 3.399611 5.982066
v 0.945284 3.803533 5.982347
v -1.055992 3.398561 6.107676
v -0.987926 3.398560 6.107416
v -0.929108 3.398840 6.073159
v -0.895300 3.399327 6.014082
v -0.895560 3.399890 5.946019
v -0.929818 3.400378 5.887203
v -0.988896 3.400661 5.853396
v -1.056963 3.400662 5.853656
v -1.115780 3.400381 5.887913
v -1.149589 3.399894 5.946989
v -1.149329 3.399331 6.015053
v -1.115070 3.398843 6.073869
v -1.055966 3.967049 6.112378
v -0.987902 3.903986 6.111596
v -0.929087 3.843010 6.076832
v -0.895281 3.785338 6.017275
v -0.899273 3.753531 5.952702
v -0.933532 3.754019 5.893887
v -0.992610 3.754302 5.860079
v -1.056944 3.786673 5.856848
v -1.115759 3.844551 5.891587
v -1.149565 3.905321 5.951169
v -1.149302 3.967819 6.019755
v -1.115041 4.007408 6.078902
v -1.022444 3.399611 5.980536
v -1.022425 3.803532 5.983876
v -0.356608 2.250426 7.448291
v 0.348443 2.250426 7.448291
v -0.356608 2.575926 7.448291
v 0.348443 2.575926 7.448291
v -0.356608 2.575926 7.282213
v 0.348443 2.575926 7.282213
v -0.356608 2.250426 7.282213
v 0.348443 2.250426 7.282213
v -0.339752 2.580848 7.438672
v 0.331587 2.580848 7.438672
v 0.331587 2.580848 7.291832
v -0.339752 2.580848 7.291832
v -0.350124 2.595367 7.440940
v 0.341959 2.595367 7.440940
v 0.341959 2.595367 7.289564
v -0.350124 2.595367 7.289564
v -0.373921 2.620811 7.446145
v 0.365756 2.620811 7.446145
v 0.365756 2.620811 7.284359
v -0.373921 2.620811 7.284359
v -0.397673 2.647370 7.451340
v 0.389509 2.647370 7.451340
v 0.389509 2.647370 7.279164
v -0.397673 2.647370 7.279164
v -0.415446 2.681036 7.455227
v 0.407281 2.681036 7.455227
v 0.407281 2.681036 7.275277
v -0.415446 2.681036 7.275277
v -0.419870 2.721412 7.456195
v 0.411705 2.721412 7.456195
v 0.411705 2.721411 7.274310
v -0.419870 2.721411 7.274310
v -0.403693 2.770501 7.452657
v 0.395528 2.770501 7.452657
v 0.395528 2.770500 7.277848
v -0.403693 2.770500 7.277848
v -0.387581 2.821091 7.449132
v 0.379417 2.821091 7.449132
v 0.379417 2.821090 7.281372
v -0.387581 2.821090 7.281372
v -0.369050 2.867598 7.445079
v 0.360886 2.867598 7.445079
v 0.360886 2.867597 7.285425
v -0.369050 2.867597 7.285425
v -0.345153 2.923815 7.443391
v 0.336989 2.923815 7.443391
v 0.336989 2.923815 7.287115
v -0.345153 2.923815 7.287115
v -0.323085 2.964832 7.438335
v 0.314920 2.964832 7.438335
v 0.314920 2.964832 7.292171
v -0.323085 2.964832 7.292171
v -0.306860 2.994565 7.434618
v 0.298695 2.994565 7.434618
v 0.298695 2.994565 7.295888
v -0.306860 2.994565 7.295888
v -0.278804 3.031843 7.428191
v 0.270639 3.031843 7.428191
v 0.270639 3.031842 7.302316
v -0.278804 3.031842 7.302316
v -0.244349 3.066758 7.420297
v 0.236184 3.066758 7.420297
v 0.236184 3.066758 7.310209
v -0.244349 3.066758 7.310209
v -0.214250 3.092843 7.413402
v 0.206086 3.092843 7.413402
v 0.206086 3.092842 7.317105
v -0.214250 3.092842 7.317105
v -0.184194 3.114515 7.406516
v 0.176029 3.114515 7.406516
v 0.176029 3.114515 7.323991
v -0.184194 3.114515 7.323991
v -0.164891 3.132144 7.402094
v 0.156727 3.132144 7.402094
v 0.156727 3.132143 7.328413
v -0.164891 3.132143 7.328413
v -0.129799 3.155212 7.394054
v 0.121634 3.155212 7.394054
v 0.121634 3.155211 7.336452
v -0.129799 3.155211 7.336452
v -0.030862 3.208347 7.371389
v 0.022698 3.208347 7.371389
v 0.022698 3.208347 7.359118
v -0.030862 3.208347 7.359118
v -0.008293 3.228918 7.366219
v 0.000128 3.228918 7.366219
v 0.000128 3.228915 7.364289
v -0.008293 3.228915 7.364289
vt -1.352753 2.770526
vt -1.635976 2.770526
vt -1.671034 2.773973
vt -1.387811 2.773973
vt -1.387811 3.060869
vt -1.671034 3.060869
vt -1.651312 3.060581
vt -1.368089 3.060582
vt -1.368089 3.111006
vt -1.651312 3.111006
vt -1.671034 3.110718
vt -1.635976 3.114194
vt -1.352753 3.114194
vt -1.352753 3.163581
vt -1.635976 3.163581
vt -1.671034 3.159111
vt -1.700913 3.159111
vt -1.700913 3.079762
vt -1.700913 3.037467
vt -1.700913 2.988070
vt -1.700913 2.926913
vt -1.700913 2.868717
vt -1.700913 2.807138
vt -1.700913 2.724124
vt -1.671034 2.724124
vt -1.635976 2.719653
vt -1.352753 2.719653
vt -1.275830 2.719653
vt -0.992607 2.719653
vt -0.957549 2.724124
vt -0.927670 2.724124
vt -0.927670 2.807138
vt -0.927670 2.868717
vt -0.927670 2.926913
vt -0.927670 2.988070
vt -0.927670 3.037467
vt -0.927670 3.079762
vt -0.927670 3.159111
vt -0.957549 3.159111
vt -0.992607 3.163581
vt -1.275830 3.163581
vt -1.275830 3.114194
vt -0.992607 3.114194
vt -0.957549 3.110718
vt -0.977271 3.111006
vt -1.260493 3.111006
vt -1.260493 3.060582
vt -0.977271 3.060581
vt -0.957549 3.060869
vt -1.240772 3.060869
vt -1.240772 2.773973
vt -0.957549 2.773973
vt -0.992607 2.770526
vt -1.275830 2.770526
vt -0.531399 3.138552
vt -0.582272 3.138552
vt -0.582272 2.719653
vt -0.531399 2.719653
vt 4.274752 -1.405760
vt 4.274752 -1.688983
vt 4.693648 -1.688983
vt 4.693648 -1.405760
vt 4.274752 -1.724041
vt 4.693333 -1.724041
vt 4.274752 -1.753920
vt 4.037201 -1.753920
vt 4.037201 -1.724041
vt 3.613974 -1.724041
vt 2.373040 -1.724041
vt 2.373040 -5.381625
vt 5.924576 -5.381625
vt 5.924576 -1.724041
vt 5.993795 -1.688983
vt 4.037201 -1.688983
vt 3.614573 -1.688983
vt 2.303821 -1.688983
vt 2.303821 -5.470205
vt 5.993795 -5.470205
vt 4.037201 -1.405760
vt 3.614573 -1.405760
vt -3.267126 -5.151925
vt -3.267126 -5.186982
vt -2.848229 -5.186982
vt -2.893107 -5.151925
vt -3.267126 -5.470205
vt -2.848229 -5.470205
vt -1.585244 -5.151925
vt -1.548082 -5.186982
vt -1.585244 -1.440818
vt -1.548082 -1.405760
vt -5.238056 -1.405760
vt -5.200895 -1.440818
vt -5.200895 -5.151925
vt -5.238056 -5.186982
vt -3.883341 -5.151925
vt -3.927306 -5.186982
vt -3.504676 -5.186982
vt -3.504676 -5.151925
vt -3.504676 -5.470205
vt -3.927306 -5.470205
vt 1.311794 3.093671
vt 1.028571 3.093671
vt 1.028571 2.719653
vt 1.311794 2.719653
vt -2.708730 0.998903
vt -2.708731 1.390238
vt -3.218902 1.390238
vt -3.218901 0.998903
vt 2.027723 3.093673
vt 1.744500 3.093673
vt 1.744500 2.719653
vt 2.027723 2.719653
vt 0.732427 2.390610
vt 0.732427 2.370889
vt 1.106445 2.370889
vt 1.146356 2.390610
vt 2.414309 2.370889
vt 2.435215 2.390610
vt 0.732427 2.673833
vt 1.146356 2.673833
vt 2.414309 -1.340218
vt 2.435215 -1.359940
vt -1.201341 -1.340218
vt -1.222247 -1.359940
vt -1.201341 2.370889
vt -1.222247 2.390610
vt 0.116212 2.370889
vt 0.076788 2.390610
vt 0.494878 2.370889
vt 0.494878 2.390610
vt 0.494878 2.673833
vt 0.076788 2.673833
vt -0.129137 3.133583
vt -0.179561 3.133583
vt -0.179561 2.719653
vt -0.129137 2.719653
vt -2.995465 -1.076717
vt -2.995465 -1.359940
vt -2.581535 -1.359940
vt -2.581535 -1.076717
vt -2.995465 -1.056995
vt -2.576903 -1.056995
vt -1.496810 -1.056995
vt -1.292676 -1.076717
vt -1.496810 2.353941
vt -1.292676 2.673835
vt -4.950138 2.673835
vt -4.746005 2.353941
vt -4.746005 -1.056995
vt -4.950138 -1.076717
vt -3.656222 -1.056995
vt -3.651103 -1.076717
vt -3.233014 -1.076717
vt -3.233014 -1.056995
vt -3.233014 -1.359940
vt -3.651103 -1.359940
vt 4.476573 2.421280
vt 4.476573 2.386222
vt 4.895137 2.386222
vt 4.895472 2.421280
vt 5.975229 2.386222
vt 6.195618 2.421280
vt 4.476573 2.704504
vt 4.895472 2.704504
vt 5.975229 -1.024713
vt 6.195618 -1.359941
vt 2.726033 -1.024713
vt 2.505644 -1.359941
vt 2.726033 2.386222
vt 2.505644 2.421280
vt 3.815816 2.386222
vt 3.816395 2.421280
vt 4.239024 2.386222
vt 4.239024 2.421280
vt 4.239024 2.704504
vt 3.816395 2.704504
vt -0.398648 3.138552
vt -0.448035 3.138552
vt -0.448035 2.719653
vt -0.398648 2.719653
vt 0.493745 -5.186982
vt 0.493745 -5.470205
vt 0.912642 -5.470205
vt 0.912642 -5.186982
vt 0.493745 -5.151925
vt 0.912301 -5.151925
vt 2.143569 -5.151925
vt 2.212789 -5.186982
vt 0.493745 -5.122045
vt 2.143569 -1.494339
vt -1.407965 -1.494339
vt -1.407965 -5.151925
vt -0.167008 -5.151925
vt 0.256196 -5.151925
vt 0.256196 -5.122045
vt 2.212789 -1.405760
vt -1.477185 -1.405760
vt -1.477185 -5.186982
vt -0.166434 -5.186982
vt 0.256196 -5.186982
vt 0.256196 -5.470205
vt -0.166434 -5.470205
vt 4.116020 2.750324
vt 4.165406 2.750324
vt 4.165406 3.033546
vt 4.116020 3.033546
vt 4.299643 3.033546
vt 4.250257 3.033546
vt 4.250257 2.750324
vt 4.299643 2.750324
vt 4.384494 2.750324
vt 4.434919 2.750324
vt 4.434919 3.033546
vt 4.384494 3.033546
vt 4.569156 3.033546
vt 4.518731 3.033546
vt 4.518731 2.750324
vt 4.569156 2.750324
vt -0.045324 2.719655
vt 0.237899 2.719653
vt 0.237899 3.098319
vt -0.045324 3.098319
vt 3.683312 2.750324
vt 3.683312 3.037221
vt 3.400089 3.037221
vt 3.400089 2.750324
vt 0.312640 2.719653
vt 0.595864 2.719653
vt 0.595864 3.098319
vt 0.312640 3.098319
vt -2.785730 -1.844580
vt -3.177066 -1.844580
vt -3.177066 -2.230906
vt -2.785731 -2.230906
vt 4.652968 2.750324
vt 4.703841 2.750324
vt 4.703841 3.033546
vt 4.652968 3.033546
vt 4.838077 3.033546
vt 4.787206 3.033546
vt 4.787206 2.750324
vt 4.838077 2.750324
vt -1.784726 4.008512
vt -1.835150 4.008512
vt -1.835150 2.719653
vt -1.784726 2.719653
vt -1.434940 6.430954
vt -1.434940 6.822289
vt -3.218902 6.822289
vt -3.218902 6.430954
vt -2.186988 2.719653
vt -2.186988 4.019800
vt -2.237861 4.019800
vt -2.237861 2.719653
vt -2.054237 4.019800
vt -2.103624 4.019800
vt -2.103624 2.719653
vt -2.054237 2.719653
vt -0.850746 2.719653
vt -0.801360 2.719653
vt -0.801360 3.142284
vt -0.850746 3.142284
vt -0.313798 2.719653
vt -0.263374 2.719653
vt -0.263374 3.137744
vt -0.313798 3.137744
vt -3.218902 2.366786
vt -3.218902 1.975452
vt -2.702391 1.975452
vt -2.702391 2.366786
vt -0.716509 2.719653
vt -0.665636 2.719653
vt -0.665636 3.142283
vt -0.716509 3.142283
vt -5.069955 2.421282
vt -5.069955 -1.359940
vt -5.020568 -1.359940
vt -5.020568 2.421282
vt -3.933554 6.409628
vt -3.982942 6.409628
vt -3.982942 2.719653
vt -3.933554 2.719653
vt -5.189771 2.421282
vt -5.189771 -1.359940
vt -5.140384 -1.359940
vt -5.140384 2.421282
vt -2.864300 4.030406
vt -2.864300 2.719653
vt -2.814914 2.719653
vt -2.814914 4.030406
vt -4.967345 6.470205
vt -4.967345 2.719653
vt -4.916921 2.719653
vt -4.916921 6.470205
vt -3.664043 6.377115
vt -3.714468 6.377115
vt -3.714468 2.719653
vt -3.664043 2.719653
vt -4.833109 6.470204
vt -4.833109 2.719653
vt -4.782684 2.719653
vt -4.782684 6.470204
vt -1.969387 4.018688
vt -1.969387 2.719653
vt -1.918962 2.719653
vt -1.918962 4.018688
vt -5.187183 2.467103
vt -5.187183 6.248324
vt -5.238056 6.248324
vt -5.238056 2.467103
vt -2.679190 2.719653
vt -2.679190 4.030406
vt -2.730063 4.030406
vt -2.730063 2.719653
vt -5.050710 2.467102
vt -5.050710 6.248324
vt -5.101583 6.248324
vt -5.101583 2.467102
vt -3.797832 6.409628
vt -3.848704 6.409628
vt -3.848704 2.719653
vt -3.797832 2.719653
vt 1.843150 9.299566
vt 1.843150 9.690901
vt -3.218901 9.690901
vt -3.218902 9.299566
vt -3.218903 9.202627
vt -3.218901 8.811292
vt 1.843150 8.811293
vt 1.843150 9.202627
vt 1.712946 7.773709
vt 1.712946 8.165044
vt -3.218902 8.165043
vt -3.218902 7.773709
vt -1.421721 7.676769
vt -3.218902 7.676769
vt -3.218902 7.285434
vt -1.421721 7.285434
vt 2.336853 2.994223
vt 2.336853 3.073571
vt 2.255722 3.073571
vt 2.255722 3.028962
vt 2.336853 2.951928
vt 2.255722 2.954706
vt 2.198307 3.028962
vt 2.198307 2.954706
vt 2.336853 2.902531
vt 2.255722 2.871961
vt 2.149078 2.954706
vt 2.149078 2.871961
vt 2.336853 2.841374
vt 2.255722 2.791352
vt 2.102467 2.871961
vt 2.102467 2.791352
vt 2.336853 2.783177
vt 2.255722 2.719653
vt 2.415685 3.104241
vt 2.415685 3.024893
vt 2.496817 3.059631
vt 2.496817 3.104241
vt 2.415685 2.982598
vt 2.496817 2.985376
vt 2.415685 2.933201
vt 2.496817 2.902631
vt 2.554233 2.985376
vt 2.554232 3.059631
vt 2.415685 2.872044
vt 2.496817 2.822022
vt 2.603461 2.902631
vt 2.603461 2.985376
vt 2.415685 2.813848
vt 2.496817 2.750324
vt 2.699277 2.750324
vt 2.699277 2.822022
vt 2.773651 2.750324
vt 3.011200 2.750324
vt 3.011200 2.831456
vt 2.773651 2.831456
vt 3.011200 3.077892
vt 2.773651 3.077892
vt 3.169884 3.077893
vt 3.086870 3.077893
vt 3.086870 2.996761
vt 3.169884 2.996761
vt 3.086870 2.750324
vt 3.169884 2.750324
vt 3.243479 2.750324
vt 3.326493 2.750324
vt 3.326493 2.831456
vt 3.243479 2.831456
vt 3.326493 3.077893
vt 3.243479 3.077893
vt 5.902452 3.114824
vt 5.840874 3.114824
vt 5.840874 3.033692
vt 5.838928 3.033692
vt 5.706921 3.033692
vt 5.768499 3.033692
vt 5.704976 3.114824
vt 5.706921 3.114824
vt 4.923387 2.996762
vt 4.921442 2.996762
vt 4.921440 2.750324
vt 4.923385 2.750324
vt 5.324151 2.750324
vt 5.326097 2.750324
vt 5.326097 2.996762
vt 5.324151 2.996762
vt 6.123919 3.033692
vt 6.195618 3.033692
vt 6.195618 3.236153
vt 6.123919 3.236153
vt 5.547880 2.987872
vt 5.547880 2.750324
vt 5.750341 2.750324
vt 5.750341 2.987872
vt 6.053490 3.186948
vt 5.972881 3.186948
vt 5.972881 3.033692
vt 6.053490 3.033692
vt 5.838727 2.987872
vt 5.838727 2.750324
vt 5.991983 2.750324
vt 5.991983 2.987872
vt 6.062456 2.987873
vt 6.062456 2.750324
vt 6.169100 2.750324
vt 6.169100 2.987873
vt 5.413642 2.987872
vt 5.413642 2.750324
vt 5.471058 2.750324
vt 5.471058 2.987873
vt 2.496817 2.985376
vt 2.496817 2.985376
vt 2.496817 2.985376
vt 2.496817 3.059631
vt 2.496817 3.059631
vt 2.255722 2.954706
vt 2.255722 2.954706
vt 2.255722 2.954706
vt 2.255722 3.028962
vt 2.255722 3.028962
vt 2.496817 2.902631
vt 2.496817 2.902631
vt 2.255722 2.871961
vt 2.255722 2.871961
vt 2.255722 2.871961
vt 2.496817 2.822022
vt 2.496817 2.822022
vt 2.255722 2.791352
vt 2.255722 2.791352
vt 2.496817 2.750324
vt 3.243479 2.831456
vt 3.011200 2.831456
vt 2.773651 2.831456
vt 3.086870 2.996761
vt 3.169884 2.996761
vt 3.326493 2.831456
vt 2.336853 2.994223
vt 2.336853 2.951928
vt 2.415685 3.024893
vt 2.415685 2.982598
vt 2.336853 2.902531
vt 2.415685 2.933201
vt 2.336853 2.841374
vt 2.415685 2.872044
vt -1.585244 -1.440818
vt 2.414309 -1.340218
vt -5.200895 -5.151925
vt -1.201341 2.370889
vt -1.201341 -1.340218
vt -5.200895 -1.440818
vt 5.993795 -5.470205
vt -1.548082 -1.405760
vt 2.303821 -1.688983
vt -5.238056 -5.186982
vt -5.238056 -1.405760
vt 2.303821 -5.470205
vt -1.292676 2.673835
vt 2.435215 -1.359940
vt -4.950138 2.673835
vt -1.222247 -1.359940
vt -1.222247 2.390610
vt -4.950138 -1.076717
vt 2.212789 -1.405760
vt 6.195618 -1.359941
vt -1.477185 -1.405760
vt 2.505644 -1.359941
vt 2.505644 2.421280
vt -1.477185 -5.186982
vt 5.924576 -5.381625
vt 5.924576 -5.381625
vt 2.373040 -5.381625
vt 2.373040 -5.381625
vt -1.548082 -5.186982
vt -1.585244 -5.151925
vt 5.993795 -1.688983
vt 5.924576 -1.724041
vt 5.924576 -1.724041
vt -3.927306 -5.186982
vt -3.927306 -5.186982
vt -3.883341 -5.151925
vt 3.614573 -1.688983
vt 3.614573 -1.688983
vt 2.373040 -1.724041
vt 2.373040 -1.724041
vt 3.613974 -1.724041
vt 3.613974 -1.724041
vt 3.816395 2.421280
vt 3.816395 2.421280
vt -0.166434 -5.186982
vt -0.166434 -5.186982
vt -0.167008 -5.151925
vt -0.167008 -5.151925
vt -1.407965 -5.151925
vt -1.407965 -5.151925
vt 6.195618 2.421280
vt 2.212789 -5.186982
vt 2.143569 -1.494339
vt 2.143569 -1.494339
vt 2.143569 -5.151925
vt 2.143569 -5.151925
vt -1.496810 2.353941
vt 5.975229 -1.024713
vt -1.407965 -1.494339
vt -1.407965 -1.494339
vt -4.746005 2.353941
vt 2.726033 -1.024713
vt -4.746005 -1.056995
vt 2.726033 2.386222
vt 0.076788 2.390610
vt 0.076788 2.390610
vt 0.116212 2.370889
vt -3.651103 -1.076717
vt -3.651103 -1.076717
vt 3.815816 2.386222
vt -3.656222 -1.056995
vt 2.435215 2.390610
vt 2.414309 2.370889
vt -1.292676 -1.076717
vt -1.496810 -1.056995
vt 5.975229 2.386222
vt 0.256196 -5.151925
vt 4.037201 -1.724041
vt 0.912642 -5.186982
vt 0.912642 -5.186982
vt 0.912301 -5.151925
vt 0.912301 -5.151925
vt 4.693333 -1.724041
vt 4.693333 -1.724041
vt 4.693648 -1.688983
vt 4.693648 -1.688983
vt -2.848229 -5.186982
vt -2.848229 -5.186982
vt -2.893107 -5.151925
vt 1.106445 2.370889
vt 1.146356 2.390610
vt 1.146356 2.390610
vt -2.581535 -1.076717
vt -2.581535 -1.076717
vt 4.895472 2.421280
vt 4.895472 2.421280
vt -2.576903 -1.056995
vt 4.895137 2.386222
vt -3.504676 -5.186982
vt 4.037201 -1.688983
vt 0.494878 2.390610
vt -3.233014 -1.076717
vt 4.239024 2.421280
vt 0.256196 -5.186982
vt 4.274752 -1.724041
vt 0.493745 -5.151925
vt 0.493745 -5.186982
vt 4.476573 2.421280
vt -2.995465 -1.076717
vt 0.732427 2.390610
vt -3.267126 -5.186982
vt 4.274752 -1.688983
vt 0.008810 0.793797
vt 0.008810 0.720491
vt 0.318230 0.720491
vt 0.318230 0.793797
vt 0.008810 0.579723
vt 0.318230 0.579723
vt 0.318230 0.713045
vt 0.008810 0.713045
vt 0.008810 0.434768
vt 0.008810 0.437963
vt 0.318230 0.437963
vt 0.318230 0.434768
vt 0.318230 0.571182
vt 0.008810 0.571182
vt 0.333350 1.075294
vt 0.333351 0.957474
vt 0.642770 0.957474
vt 0.642770 1.075294
vt 0.646313 1.191232
vt 0.646313 1.058769
vt 0.955733 1.058769
vt 0.955733 1.191232
vt 0.008810 0.427136
vt 0.008810 0.291164
vt 0.318230 0.291164
vt 0.318230 0.427136
vt 0.646313 1.051333
vt 0.646313 0.929312
vt 0.955733 0.929312
vt 0.955733 1.051333
vt 0.329808 0.800874
vt 0.329808 1.191231
vt 0.008810 1.191232
vt 0.008810 0.800874
vt 0.321773 0.075857
vt 0.631193 0.075857
vt 0.631193 0.408556
vt 0.321773 0.408556
vt 0.321773 0.415426
vt 0.631193 0.415426
vt 0.631193 0.667268
vt 0.321773 0.667268
vt 0.333351 0.674138
vt 0.642770 0.674138
vt 0.642770 0.849384
vt 0.333351 0.849384
vt 0.333351 0.856255
vt 0.642770 0.856255
vt 0.642770 0.950603
vt 0.333351 0.950603
vt 1.226772 0.398318
vt 1.226772 0.811635
vt -2.499359 0.809944
vt -2.535486 0.808253
vt -2.535486 0.380935
vt -2.499358 0.380190
vt 1.149912 0.379444
vt 1.149912 0.398318
vt -8.622357 7.037210
vt -8.622356 7.018732
vt -8.599623 7.018731
vt -8.599625 7.068927
vt -8.675418 7.068924
vt -8.675422 7.037210
vt -7.145438 -5.432288
vt -7.145438 -5.382097
vt -7.241155 -5.382097
vt -7.241155 -5.432291
vt -7.080379 -5.432288
vt -7.080379 -5.380451
vt -7.145438 -5.382097
vt -7.145438 -5.432288
vt -8.864794 5.790406
vt -8.864794 5.842243
vt -8.948704 5.842242
vt -8.948708 5.790404
vt -6.631258 6.808470
vt -6.464334 6.808472
vt -6.464334 7.172151
vt -7.317094 7.172151
vt -7.317096 7.120314
vt -6.798291 7.120314
vt -6.798291 7.138306
vt -6.758881 7.138308
vt -6.758881 7.160588
vt -6.690378 7.160588
vt -6.690378 7.138306
vt -6.631260 7.138306
vt -7.122875 -5.098178
vt -7.289798 -5.098177
vt -7.289800 -5.165148
vt -7.122875 -5.165150
vt 1.226772 -1.510060
vt -0.097469 -1.510060
vt -0.097469 -1.577031
vt 1.226771 -1.577031
vt -6.442081 6.724411
vt -7.294838 6.724409
vt -7.294837 6.657438
vt -6.442078 6.657438
vt -6.591085 4.562077
vt -5.266844 4.562077
vt -5.266845 4.629046
vt -6.591085 4.629045
vt -7.294837 6.506408
vt -6.442078 6.506408
vt -6.442080 6.573380
vt -7.294840 6.573379
vt -5.266843 4.789266
vt -6.591084 4.789265
vt -6.591084 4.722294
vt -5.266843 4.722295
vt -7.598884 6.355379
vt -6.746124 6.355379
vt -6.746123 6.422349
vt -7.598886 6.422348
vt -0.097469 -1.728060
vt 1.226772 -1.728061
vt 1.226772 -1.661091
vt -0.097469 -1.661091
vt -6.746122 6.271317
vt -7.598883 6.271317
vt -7.598883 6.204347
vt -6.746125 6.204347
vt -8.299772 3.586814
vt -8.755466 3.586815
vt -8.755466 3.519846
vt -8.299770 3.519845
vt -6.746123 5.590032
vt -7.598885 5.590033
vt -7.598885 5.523062
vt -6.746124 5.523061
vt -8.755463 3.368817
vt -8.299774 3.368815
vt -8.299773 3.435785
vt -8.755466 3.435784
vt -7.512368 5.372029
vt -6.659607 5.372028
vt -6.659607 5.438998
vt -7.512368 5.438997
vt -8.948704 5.964925
vt -8.948705 5.950620
vt -8.864794 5.950623
vt -8.864794 5.964926
vt -7.598885 6.053318
vt -6.746127 6.053318
vt -6.746124 6.120288
vt -7.598886 6.120287
vt -8.755466 3.217784
vt -8.299773 3.217786
vt -8.299770 3.284755
vt -8.755463 3.284755
vt -8.796267 5.791573
vt -8.277464 5.791575
vt -8.277463 5.858542
vt -8.796268 5.858544
vt -6.659605 4.757710
vt -7.512371 4.757711
vt -7.512370 4.690741
vt -6.659608 4.690742
vt -7.527820 -4.049362
vt -7.643744 -4.049363
vt -7.643744 -4.116333
vt -7.526941 -4.116335
vt -7.527138 -4.101289
vt -7.122875 -4.947146
vt -7.290716 -4.947148
vt -7.290714 -5.014118
vt -7.122873 -5.014118
vt -6.592062 0.077913
vt -6.163779 0.077913
vt -6.163779 0.144883
vt -6.592062 0.144884
vt -7.512367 5.220998
vt -6.659606 5.220998
vt -6.659606 5.287968
vt -7.512368 5.287971
vt -6.163779 -0.006148
vt -6.592063 -0.006147
vt -6.592063 -0.073117
vt -6.163779 -0.073118
vt -6.659604 4.606679
vt -7.512367 4.606680
vt -7.512368 4.539709
vt -6.659607 4.539711
vt -6.592063 -0.224148
vt -6.163779 -0.224148
vt -6.163779 -0.157178
vt -6.592061 -0.157178
vt 1.098421 -2.258242
vt -0.225148 -2.258242
vt -0.225149 -2.334629
vt 1.098421 -2.334629
vt -9.306653 2.345744
vt -9.306651 2.406240
vt -9.402369 2.406240
vt -9.402369 2.345742
vt 5.770867 -2.248619
vt 7.094438 -2.248620
vt 7.094436 -2.172233
vt 5.770865 -2.172232
vt -9.403850 2.566456
vt -9.403847 2.505961
vt -9.308142 2.505961
vt -9.308142 2.566458
vt -9.308143 2.666178
vt -9.308140 2.726672
vt -9.403854 2.726674
vt -9.403855 2.666179
vt -0.096799 -2.013735
vt 1.226772 -2.013734
vt 1.226772 -1.937348
vt -0.096798 -1.937347
vt -9.402369 1.818776
vt -9.402366 1.758281
vt -9.306658 1.758282
vt -9.306654 1.818776
vt 7.094435 -2.010533
vt 5.770867 -2.010535
vt 5.770867 -2.086920
vt 7.094437 -2.086921
vt -7.645882 -3.261845
vt -7.645880 -3.199499
vt -7.754090 -3.199499
vt -7.754088 -3.261844
vt 5.713338 -5.207258
vt 7.058472 -5.207257
vt 7.058474 -5.120898
vt 5.713338 -5.120898
vt -7.923995 -2.398416
vt -7.923995 -2.460761
vt -7.815787 -2.460760
vt -7.815787 -2.398416
vt 7.058475 -4.937868
vt 5.713338 -4.937867
vt 5.713337 -5.024230
vt 7.058470 -5.024230
vt -9.308311 2.826395
vt -9.308311 2.867561
vt -9.404019 2.867562
vt -9.404021 2.826395
vt 5.770867 -0.695720
vt 7.094436 -0.695719
vt 7.094436 -0.619332
vt 5.770867 -0.619333
vt -9.402369 1.959666
vt -9.402366 1.918499
vt -9.306658 1.918500
vt -9.306658 1.959666
vt 1.098420 -2.418688
vt -0.225149 -2.418689
vt -0.225148 -2.495075
vt 1.098421 -2.495074
vt 7.094436 -0.435071
vt 5.770867 -0.435070
vt 5.770867 -0.511457
vt 7.094434 -0.511455
vt -9.308341 2.959909
vt -9.308345 3.001077
vt -9.404054 3.001076
vt -9.404054 2.959910
vt -0.096799 -2.174181
vt 1.226772 -2.174181
vt 1.226771 -2.097795
vt -0.096799 -2.097795
vt -9.404054 3.134587
vt -9.404054 3.093422
vt -9.308341 3.093423
vt -9.308345 3.134588
vt -7.923995 -2.238199
vt -7.923994 -2.300542
vt -7.815787 -2.300544
vt -7.815788 -2.238200
vt 7.058474 -4.029973
vt 5.713339 -4.029973
vt 5.713339 -4.116335
vt 7.058474 -4.116335
vt -7.645884 -3.101626
vt -7.645884 -3.039283
vt -7.754090 -3.039283
vt -7.754090 -3.101628
vt 5.713338 -2.480901
vt 7.058474 -2.480903
vt 7.058473 -2.394543
vt 5.713340 -2.394543
vt -6.217673 1.737910
vt -6.673133 1.737910
vt -6.673137 1.661524
vt -6.217676 1.661525
vt -6.192683 7.651227
vt -6.192682 7.711723
vt -6.288393 7.711722
vt -6.288395 7.651225
vt 8.972891 -2.248617
vt 9.428350 -2.248619
vt 9.428353 -2.172232
vt 8.972891 -2.172233
vt -8.919701 3.287432
vt -8.919700 3.226937
vt -8.823989 3.226936
vt -8.823987 3.287433
vt -7.163252 7.506671
vt -7.163251 7.567165
vt -7.258962 7.567166
vt -7.258965 7.506668
vt -9.239615 2.682434
vt -8.784159 2.682434
vt -8.784157 2.758819
vt -9.239614 2.758819
vt -9.402369 2.112507
vt -9.402369 2.052013
vt -9.306659 2.052014
vt -9.306657 2.112509
vt 9.428352 -2.010533
vt 8.972891 -2.010534
vt 8.972891 -2.086920
vt 9.428350 -2.086919
vt -6.265348 6.431273
vt -6.265347 6.493617
vt -6.373556 6.493616
vt -6.373555 6.431273
vt 8.967537 -5.207257
vt 9.430413 -5.207259
vt 9.430415 -5.120894
vt 8.967537 -5.120898
vt -7.929596 -2.077981
vt -7.929596 -2.140328
vt -7.821387 -2.140325
vt -7.821391 -2.077982
vt 9.430415 -4.937868
vt 8.967538 -4.937869
vt 8.967537 -5.024231
vt 9.430417 -5.024231
vt -7.154136 7.381442
vt -7.154138 7.422610
vt -7.249846 7.422609
vt -7.249845 7.381442
vt 8.972891 -0.695719
vt 9.428350 -0.695718
vt 9.428353 -0.619333
vt 8.972893 -0.619332
vt -9.402369 2.253396
vt -9.402369 2.212229
vt -9.306654 2.212230
vt -9.306658 2.253396
vt -6.217675 1.577465
vt -6.673132 1.577464
vt -6.673135 1.501079
vt -6.217676 1.501078
vt 9.428353 -1.262856
vt 8.972891 -1.262855
vt 8.972891 -1.339240
vt 9.428350 -1.339241
vt -6.443519 7.422612
vt -6.443516 7.381441
vt -6.347803 7.381442
vt -6.347806 7.422612
vt -6.705341 0.610063
vt -6.705341 0.641776
vt -6.801054 0.641776
vt -6.801054 0.610062
vt -6.885417 1.290190
vt -6.885417 1.277631
vt -6.789703 1.277631
vt -6.789703 1.290190
vt 9.324440 -5.934793
vt 9.430417 -5.934794
vt 9.430415 -5.848433
vt 9.324442 -5.848436
vt -5.461956 6.493620
vt -5.461953 6.431271
vt -5.353745 6.431270
vt -5.353745 6.493616
vt 9.324442 -4.296696
vt 9.430415 -4.296696
vt 9.430419 -4.210335
vt 9.324442 -4.210334
vt -6.789705 1.384442
vt -6.789705 1.416157
vt -6.885417 1.416156
vt -6.885419 1.384443
vt -6.452630 7.567168
vt -6.452631 7.506671
vt -6.356917 7.506668
vt -6.356922 7.567166
vt 1.098419 -5.144442
vt 1.078667 -5.144441
vt 1.078667 -5.220829
vt 1.098421 -5.220830
vt -6.741659 1.517957
vt -6.741659 1.536100
vt -6.837373 1.536099
vt -6.837371 1.517956
vt -5.482063 7.711723
vt -5.482063 7.651230
vt -5.386352 7.651230
vt -5.386351 7.711720
vt -6.721181 1.340631
vt -6.265723 1.340631
vt -6.265722 1.417018
vt -6.721183 1.417019
vt -8.823985 3.387154
vt -8.823984 3.447650
vt -8.919694 3.447649
vt -8.919696 3.387152
vt 9.428353 0.392718
vt 8.972894 0.392717
vt 8.972890 0.316331
vt 9.428349 0.316332
vt -5.461958 6.653833
vt -5.461958 6.591489
vt -5.353747 6.591489
vt -5.353747 6.653831
vt 8.967541 -3.388800
vt 9.430413 -3.388797
vt 9.430417 -3.302438
vt 8.967535 -3.302435
vt -6.574546 -1.980109
vt -6.574547 -1.917765
vt -6.682754 -1.917764
vt -6.682754 -1.980109
vt 9.430413 -3.122079
vt 8.967537 -3.122077
vt 8.967537 -3.208438
vt 9.430417 -3.208440
vt -6.444323 7.297380
vt -6.444324 7.256212
vt -6.348611 7.256214
vt -6.348610 7.297380
vt 8.972890 0.132065
vt 9.428356 0.132066
vt 9.428352 0.208453
vt 8.972891 0.208452
vt -8.823983 3.547369
vt -8.823983 3.588537
vt -8.919696 3.588536
vt -8.919693 3.547368
vt -8.784161 2.598374
vt -9.239614 2.598372
vt -9.239618 2.521985
vt -8.784159 2.521986
vt 9.428350 -0.435069
vt 8.972891 -0.435070
vt 8.972891 -0.511455
vt 9.428352 -0.511456
vt -7.154944 7.256214
vt -7.154943 7.297382
vt -7.250654 7.297379
vt -7.250653 7.256214
vt -9.238132 2.361537
vt -8.782672 2.361538
vt -8.782670 2.437924
vt -9.238135 2.437925
vt -8.926888 3.722051
vt -8.926888 3.680882
vt -8.831173 3.680883
vt -8.831175 3.722052
vt -6.682755 -1.757548
vt -6.682755 -1.819891
vt -6.574545 -1.819891
vt -6.574546 -1.757548
vt 9.430415 -4.029975
vt 8.967537 -4.029973
vt 8.967537 -4.116334
vt 9.430413 -4.116336
vt -6.265348 6.591489
vt -6.265346 6.653831
vt -6.373557 6.653831
vt -6.373558 6.591489
vt 8.967532 -2.480902
vt 9.430415 -2.480903
vt 9.430419 -2.394545
vt 8.967538 -2.394545
vt -6.801054 0.784744
vt -6.801054 0.743576
vt -6.705341 0.743576
vt -6.705341 0.784744
vt 1.297359 0.132066
vt 1.725424 0.132066
vt 1.725424 0.208453
vt 1.297358 0.208453
vt -6.182336 7.072140
vt -6.182336 7.113304
vt -6.278049 7.113304
vt -6.278047 7.072140
vt -6.160996 -0.433436
vt -6.589065 -0.433437
vt -6.589063 -0.509823
vt -6.160996 -0.509822
vt -5.471718 7.113307
vt -5.471718 7.072139
vt -5.376005 7.072140
vt -5.376007 7.113305
vt 1.725424 -0.435070
vt 1.297358 -0.435070
vt 1.297359 -0.511456
vt 1.725424 -0.511456
vt -8.765878 3.814397
vt -8.765878 3.855565
vt -8.861588 3.855565
vt -8.861590 3.814398
vt -6.589065 -0.670270
vt -6.161001 -0.670270
vt -6.160997 -0.593883
vt -6.589065 -0.593883
vt -8.765878 3.947911
vt -8.765880 3.989082
vt -8.861588 3.989080
vt -8.861588 3.947911
vt 1.297359 -0.695719
vt 1.725424 -0.695719
vt 1.725424 -0.619333
vt 1.297359 -0.619333
vt -5.472949 7.407035
vt -5.472950 7.365870
vt -5.377240 7.365870
vt -5.377237 7.407035
vt -6.160997 -0.754331
vt -6.589065 -0.754330
vt -6.589065 -0.830716
vt -6.160997 -0.830717
vt -6.183569 7.365870
vt -6.183568 7.407035
vt -6.279283 7.407038
vt -6.279281 7.365870
vt 1.725424 -1.262856
vt 1.297358 -1.262856
vt 1.297358 -1.339242
vt 1.725424 -1.339243
vt -6.818071 0.888917
vt -6.818070 0.877090
vt -6.722355 0.877090
vt -6.722356 0.888917
vt -6.885419 1.028474
vt -6.885419 0.983901
vt -6.789703 0.983901
vt -6.789703 1.027673
vt -6.836090 1.028061
vt -7.754747 -2.879065
vt -7.754747 -2.941411
vt -7.646537 -2.941410
vt -7.646535 -2.879064
vt 1.166943 -3.388798
vt 1.601983 -3.388798
vt 1.601983 -3.302439
vt 1.166943 -3.302437
vt -6.287605 6.911921
vt -6.287604 6.974268
vt -6.395813 6.974268
vt -6.395813 6.911922
vt 1.601983 -3.122078
vt 1.166942 -3.122079
vt 1.166943 -3.208438
vt 1.601984 -3.208437
vt -5.484212 6.974267
vt -5.484213 6.911922
vt -5.376004 6.911921
vt -5.376003 6.974268
vt 1.601983 -4.029975
vt 1.166944 -4.029973
vt 1.166945 -4.116334
vt 1.601982 -4.116335
vt -7.646543 -2.781193
vt -7.646541 -2.718851
vt -7.754749 -2.718849
vt -7.754747 -2.781194
vt 1.166943 -2.480903
vt 1.601984 -2.480903
vt 1.601984 -2.394544
vt 1.166944 -2.394543
vt -7.815787 -2.620978
vt -7.815785 -2.558633
vt -7.923996 -2.558632
vt -7.923995 -2.620977
vt 1.166942 -5.207259
vt 1.601983 -5.207258
vt 1.601984 -5.120896
vt 1.166942 -5.120896
vt -5.455827 6.814050
vt -5.455828 6.751705
vt -5.347618 6.751703
vt -5.347619 6.814050
vt 1.601983 -4.937869
vt 1.166945 -4.937869
vt 1.166943 -5.024230
vt 1.601983 -5.024232
vt -6.259219 6.751705
vt -6.259219 6.814050
vt -6.367425 6.814050
vt -6.367425 6.751703
vt 1.288515 -5.848434
vt 1.166942 -5.848434
vt 1.166942 -5.934796
vt 1.289649 -5.934795
vt 1.289031 -5.887802
vt 1.289649 -4.210332
vt 1.166944 -4.210331
vt 1.166943 -4.296693
vt 1.288513 -4.296693
vt 1.289033 -4.257326
vt -6.885416 1.177912
vt -6.885417 1.117416
vt -6.789702 1.117415
vt -6.789702 1.177912
vt -6.589065 -0.991163
vt -6.160998 -0.991163
vt -6.160999 -0.914776
vt -6.589065 -0.914776
vt -6.184373 7.205651
vt -6.184372 7.266148
vt -6.280085 7.266149
vt -6.280085 7.205651
vt 1.725424 0.392718
vt 1.297358 0.392718
vt 1.297358 0.316331
vt 1.725424 0.316332
vt -5.473755 7.266150
vt -5.473753 7.205652
vt -5.378045 7.205652
vt -5.378043 7.266149
vt -6.161000 -1.075223
vt -6.589065 -1.075223
vt -6.589065 -1.151610
vt -6.161000 -1.151610
vt -8.796508 4.081426
vt -8.796509 4.141922
vt -8.892221 4.141923
vt -8.892223 4.081426
vt 1.297359 -2.248619
vt 1.725424 -2.248619
vt 1.725424 -2.172232
vt 1.297359 -2.172232
vt -8.796506 4.241641
vt -8.796509 4.302139
vt -8.892223 4.302137
vt -8.892221 4.241642
vt -6.641768 -1.312057
vt -6.213700 -1.312057
vt -6.213700 -1.235671
vt -6.641768 -1.235671
vt -5.482063 7.559876
vt -5.482063 7.499383
vt -5.386354 7.499383
vt -5.386352 7.559876
vt 1.725424 -2.010534
vt 1.297358 -2.010534
vt 1.297359 -2.086920
vt 1.725424 -2.086921
vt -6.192684 7.499383
vt -6.192682 7.559879
vt -6.288396 7.559878
vt -6.288395 7.499386
vt -6.837371 1.668539
vt -6.837371 1.624769
vt -6.741659 1.624769
vt -6.741661 1.669343
vt -6.790987 1.668928
vt -7.241155 -5.516350
vt -7.241155 -5.608565
vt -7.145438 -5.608564
vt -7.145440 -5.517149
vt -7.164289 -5.516991
vt 1.725424 -2.248619
vt 1.723577 -2.300543
vt 3.599459 -2.300543
vt 3.600352 -2.248619
vt -4.520463 1.237234
vt -4.520462 0.556657
vt -2.644580 0.556656
vt -2.644579 1.237233
vt 3.599458 -1.958611
vt 1.723578 -1.958610
vt 1.725424 -2.010534
vt 3.600355 -2.010534
vt -2.682453 2.165914
vt -4.557383 2.165914
vt -4.557382 2.105419
vt -2.682452 2.105418
vt 3.536178 -4.900847
vt 1.661249 -4.900848
vt 1.601983 -4.937869
vt 3.507460 -4.937869
vt -2.335833 -1.837658
vt -4.241311 -1.837658
vt -4.241312 -1.900001
vt -2.335834 -1.900001
vt 1.601983 -5.207258
vt 1.661248 -5.244279
vt 3.536177 -5.244279
vt 3.507460 -5.207259
vt -2.682452 2.306802
vt -4.557383 2.306803
vt -4.557382 2.265636
vt -2.682453 2.265635
vt 1.725424 -0.695719
vt 1.723577 -0.747644
vt 3.599459 -0.747643
vt 3.600353 -0.695719
vt 1.723577 -0.747644
vt 1.723577 -1.210931
vt 3.599459 -1.210931
vt 3.599459 -0.747643
vt 3.599459 -1.210931
vt 1.723577 -1.210931
vt 1.725424 -1.262856
vt 3.600353 -1.262856
vt -5.177773 6.913794
vt -3.385311 6.913791
vt -3.385312 6.954959
vt -5.260242 6.954961
vt -5.260242 6.943132
vt -5.177773 6.943132
vt -5.221266 6.034955
vt -3.458004 6.034955
vt -3.429290 6.071977
vt -5.221752 6.071976
vt -5.221264 5.773030
vt -5.221262 5.767470
vt -3.458006 5.767469
vt -3.458006 5.829815
vt -5.221261 5.828755
vt -5.193341 5.827702
vt -5.193341 5.773029
vt -5.221749 5.913875
vt -3.429288 5.913876
vt -3.458005 5.950895
vt -5.221264 5.950893
vt -5.261686 6.174910
vt -5.284841 6.174910
vt -5.284840 6.156034
vt -3.469225 6.156037
vt -3.469226 6.216532
vt -5.261686 6.216531
vt -2.076428 -5.408737
vt -0.261026 -5.408740
vt -0.260130 -5.356812
vt -2.075746 -5.356812
vt -4.527328 1.598296
vt -4.504787 1.598297
vt -4.504786 1.566842
vt -4.476867 1.566842
vt -4.476865 1.512172
vt -4.504786 1.512171
vt -4.504786 1.464989
vt -4.587808 1.464990
vt -4.587807 1.331037
vt -2.711928 1.331037
vt -2.711928 2.011613
vt -4.527328 2.011614
vt 3.599459 0.444642
vt 1.723577 0.444642
vt 1.725424 0.392718
vt 3.600353 0.392718
vt -3.404167 6.829732
vt -5.279096 6.829732
vt -5.279096 6.769238
vt -3.404168 6.769238
vt 3.536178 -3.085060
vt 1.661248 -3.085059
vt 1.601983 -3.122078
vt 3.507460 -3.122080
vt 3.970340 7.321404
vt 2.064861 7.321404
vt 2.064861 7.259060
vt 3.970340 7.259060
vt 1.601983 -3.388798
vt 1.661249 -3.425818
vt 3.536178 -3.425818
vt 3.507461 -3.388798
vt -3.404167 6.685179
vt -5.279096 6.685178
vt -5.279097 6.644010
vt -3.404168 6.644011
vt 1.725424 0.132066
vt 1.723578 0.080141
vt 3.599458 0.080142
vt 3.600354 0.132066
vt 1.723578 0.080141
vt 1.723577 -0.383146
vt 3.599459 -0.383145
vt 3.599458 0.080142
vt 3.599459 -0.383145
vt 1.723577 -0.383146
vt 1.725424 -0.435070
vt 3.600354 -0.435069
vt -7.168634 2.440316
vt -7.168636 2.399149
vt -5.293705 2.399150
vt -5.293707 2.440317
vt 3.536179 -3.992954
vt 1.661249 -3.992954
vt 1.601983 -4.029975
vt 3.507461 -4.029975
vt -4.243085 -1.677441
vt -4.243085 -1.739785
vt -2.337608 -1.739785
vt -2.337609 -1.677441
vt 1.601984 -2.480903
vt 1.661249 -2.517922
vt 3.536177 -2.517923
vt 3.507462 -2.480902
vt -7.170121 2.532663
vt -5.295191 2.532663
vt -5.295190 2.593159
vt -7.170121 2.593158
vt 5.713338 -2.480901
vt 5.706689 -2.517922
vt 7.030261 -2.517922
vt 7.058474 -2.480903
vt -0.225149 -2.579136
vt -0.225148 -2.639632
vt 1.098421 -2.639632
vt 1.098421 -2.579135
vt 5.770867 -2.248619
vt 5.771075 -2.300544
vt 7.095315 -2.300543
vt 7.094438 -2.248620
vt -6.591083 5.563088
vt -6.591086 4.882509
vt -5.266842 4.882509
vt -5.266842 5.563088
vt 7.095314 -1.958611
vt 5.771074 -1.958609
vt 5.770867 -2.010535
vt 7.094435 -2.010533
vt 1.098420 -2.723693
vt -0.225149 -2.723693
vt -0.225148 -2.784188
vt 1.098420 -2.784189
vt 7.030261 -4.900850
vt 5.706693 -4.900847
vt 5.713338 -4.937867
vt 7.058475 -4.937868
vt 1.226772 -1.217252
vt -0.118363 -1.217252
vt -0.118362 -1.279596
vt 1.226772 -1.279596
vt 5.713338 -5.207258
vt 5.706688 -5.244278
vt 7.030261 -5.244279
vt 7.058472 -5.207257
vt 1.226772 -1.812120
vt -0.096799 -1.812121
vt -0.096798 -1.853288
vt 1.226772 -1.853288
vt 5.770867 -0.695720
vt 5.771073 -0.747644
vt 7.095315 -0.747644
vt 7.094436 -0.695719
vt 5.771073 -0.747644
vt 5.771074 -1.210931
vt 7.095315 -1.210932
vt 7.095315 -0.747644
vt 7.095315 -1.210932
vt 5.771074 -1.210931
vt 5.770865 -1.262856
vt 7.094436 -1.262856
vt -1.214799 6.954959
vt -1.214798 6.913794
vt 0.108771 6.913794
vt 0.108772 6.954959
vt 0.064793 6.071976
vt -1.258776 6.071977
vt -1.252129 6.034955
vt 0.093006 6.034955
vt -1.252128 5.829817
vt -1.252129 5.767471
vt 0.093007 5.767470
vt 0.093007 5.829817
vt -1.252129 5.950893
vt -1.258776 5.913877
vt 0.064794 5.913876
vt 0.093007 5.950893
vt -1.298711 6.216531
vt -1.298711 6.156035
vt 0.024858 6.156035
vt 0.024857 6.216531
vt -2.123358 -5.220829
vt -2.123151 -5.272754
vt -0.798913 -5.272754
vt -0.799790 -5.220829
vt -6.677602 6.337465
vt -6.677604 5.656891
vt -5.353363 5.656891
vt -5.353362 6.337468
vt 7.095314 0.444642
vt 5.771074 0.444641
vt 5.770864 0.392718
vt 7.094436 0.392718
vt 0.089917 6.829732
vt -1.233652 6.829732
vt -1.233653 6.769238
vt 0.089917 6.769237
vt 7.030259 -3.085058
vt 5.706690 -3.085058
vt 5.713339 -3.122080
vt 7.058472 -3.122079
vt 7.521351 7.321404
vt 6.176218 7.321403
vt 6.176216 7.259060
vt 7.521352 7.259060
vt 5.713339 -3.388797
vt 5.706691 -3.425818
vt 7.030260 -3.425817
vt 7.058474 -3.388798
vt 0.089916 6.685178
vt -1.233652 6.685176
vt -1.233651 6.644010
vt 0.089915 6.644011
vt 5.770867 0.132066
vt 5.771075 0.080142
vt 7.095315 0.080141
vt 7.094435 0.132066
vt 5.771075 0.080142
vt 5.771075 -0.383146
vt 7.095315 -0.383146
vt 7.095315 0.080141
vt 7.095315 -0.383146
vt 5.771075 -0.383146
vt 5.770867 -0.435070
vt 7.094436 -0.435071
vt -0.225149 -2.868249
vt -0.225149 -2.909416
vt 1.098421 -2.909415
vt 1.098421 -2.868249
vt 7.030261 -3.992952
vt 5.706691 -3.992954
vt 5.713339 -4.029973
vt 7.058474 -4.029973
vt -0.118364 -1.363657
vt -0.118364 -1.426001
vt 1.226771 -1.426001
vt 1.226772 -1.363656
vt 7.058474 -2.480903
vt 7.030261 -2.517922
vt 8.908717 -2.517922
vt 8.967532 -2.480902
vt -4.446338 0.029690
vt -4.446338 -0.030805
vt -2.567882 -0.030805
vt -2.567883 0.029691
vt 7.094438 -2.248620
vt 7.095315 -2.300543
vt 8.974726 -2.300544
vt 8.972891 -2.248617
vt -4.447291 -0.124610
vt -4.447291 -0.805187
vt -2.567883 -0.805186
vt -2.567883 -0.124610
vt 8.974726 -1.958610
vt 7.095314 -1.958611
vt 7.094435 -2.010533
vt 8.972891 -2.010534
vt -2.567884 0.189907
vt -4.446339 0.189908
vt -4.446341 0.129411
vt -2.567884 0.129412
vt 8.908715 -4.900847
vt 7.030261 -4.900850
vt 7.058475 -4.937868
vt 8.967538 -4.937869
vt -2.464185 -2.158090
vt -4.373248 -2.158091
vt -4.373249 -2.220436
vt -2.464185 -2.220435
vt 7.058472 -5.207257
vt 7.030261 -5.244279
vt 8.908719 -5.244279
vt 8.967537 -5.207257
vt -2.604009 0.330796
vt -4.482465 0.330796
vt -4.482466 0.289629
vt -2.604008 0.289628
vt 7.094436 -0.695719
vt 7.095315 -0.747644
vt 8.974724 -0.747645
vt 8.972891 -0.695719
vt 7.095315 -0.747644
vt 7.095315 -1.210932
vt 8.974724 -1.210931
vt 8.974724 -0.747645
vt 8.974724 -1.210931
vt 7.095315 -1.210932
vt 7.094436 -1.262856
vt 8.972891 -1.262855
vt 1.987228 6.942401
vt 1.987227 6.954959
vt 0.108772 6.954959
vt 0.108771 6.913794
vt 1.947290 6.913793
vt 1.947291 6.942401
vt 1.903312 6.071977
vt 0.064793 6.071976
vt 0.093006 6.034955
vt 1.903311 6.034955
vt 1.903313 5.828393
vt 0.093007 5.829817
vt 0.093007 5.767470
vt 1.903313 5.769882
vt 1.875387 5.773804
vt 1.875391 5.826847
vt 1.903312 5.950893
vt 0.093007 5.950893
vt 0.064794 5.913876
vt 1.903313 5.913876
vt 1.863376 6.216531
vt 0.024857 6.216531
vt 0.024858 6.156035
vt 1.903314 6.156037
vt 1.903314 6.174180
vt 1.863373 6.174180
vt -0.799790 -5.220829
vt -0.798913 -5.272754
vt 1.080498 -5.272752
vt 1.078667 -5.220829
vt -2.474522 -1.446347
vt -2.474521 -1.399165
vt -2.502442 -1.399165
vt -2.502442 -1.344495
vt -2.474521 -1.344496
vt -2.474521 -1.313040
vt -2.432139 -1.313040
vt -2.432139 -0.898990
vt -4.311548 -0.898990
vt -4.311552 -1.579567
vt -2.432140 -1.579568
vt -2.432140 -1.446347
vt 8.974726 0.444641
vt 7.095314 0.444642
vt 7.094436 0.392718
vt 8.972894 0.392717
vt 1.968372 6.829732
vt 0.089917 6.829732
vt 0.089917 6.769237
vt 1.968372 6.769238
vt 8.908717 -3.085061
vt 7.030259 -3.085058
vt 7.058472 -3.122079
vt 8.967537 -3.122077
vt 9.430415 7.321404
vt 7.521351 7.321404
vt 7.521352 7.259060
vt 9.430415 7.259060
vt 7.058474 -3.388798
vt 7.030260 -3.425817
vt 8.908719 -3.425818
vt 8.967541 -3.388800
vt 1.968372 6.685178
vt 0.089916 6.685178
vt 0.089915 6.644011
vt 1.968372 6.644011
vt 7.094435 0.132066
vt 7.095315 0.080141
vt 8.974724 0.080142
vt 8.972890 0.132065
vt 7.095315 0.080141
vt 7.095315 -0.383146
vt 8.974726 -0.383147
vt 8.974724 0.080142
vt 8.974726 -0.383147
vt 7.095315 -0.383146
vt 7.094436 -0.435071
vt 8.972891 -0.435070
vt -4.482466 0.464309
vt -4.482466 0.423143
vt -2.604009 0.423142
vt -2.604009 0.464309
vt 8.908719 -3.992954
vt 7.030261 -3.992952
vt 7.058474 -4.029973
vt 8.967537 -4.029973
vt -4.244897 -2.060219
vt -2.335833 -2.060220
vt -2.335834 -1.997875
vt -4.244897 -1.997875
vt 8.967532 -2.480902
vt 8.908717 -2.517922
vt 9.364180 -2.517924
vt 9.430415 -2.480903
vt -9.238135 2.277480
vt -9.238134 2.216984
vt -8.782675 2.216983
vt -8.782675 2.277477
vt 8.972891 -2.248617
vt 8.974726 -2.300544
vt 9.430413 -2.300545
vt 9.428350 -2.248619
vt -7.543223 4.091969
vt -6.690464 4.091968
vt -6.690464 4.455649
vt -7.543223 4.455651
vt 9.430415 -1.958612
vt 8.974726 -1.958610
vt 8.972891 -2.010534
vt 9.428352 -2.010533
vt -8.782675 2.132921
vt -9.238131 2.132921
vt -9.238135 2.072426
vt -8.782673 2.072426
vt 9.364178 -4.900848
vt 8.908715 -4.900847
vt 8.967538 -4.937869
vt 9.430415 -4.937868
vt -8.234475 3.879623
vt -8.697358 3.879623
vt -8.697355 3.817280
vt -8.234473 3.817280
vt 8.967537 -5.207257
vt 8.908719 -5.244279
vt 9.364175 -5.244278
vt 9.430413 -5.207259
vt -8.782675 1.988366
vt -9.238135 1.988366
vt -9.238135 1.947197
vt -8.782675 1.947199
vt 8.972891 -0.695719
vt 8.974724 -0.747645
vt 9.430415 -0.747645
vt 9.428350 -0.695718
vt 8.974724 -0.747645
vt 8.974724 -1.210931
vt 9.430415 -1.210932
vt 9.430415 -0.747645
vt 9.430415 -1.210932
vt 8.974724 -1.210931
vt 8.972891 -1.262855
vt 9.428353 -1.262856
vt -6.305459 1.244014
vt -6.305459 1.215405
vt -6.265723 1.215404
vt -6.265723 1.256570
vt -6.721181 1.256571
vt -6.721181 1.244012
vt 9.324442 -5.848436
vt 9.430415 -5.848433
vt 9.364176 -5.811413
vt 9.324442 -5.811413
vt -6.763560 -0.343723
vt -6.735640 -0.345146
vt -6.735642 -0.399817
vt -6.763561 -0.402231
vt -6.657586 -0.404645
vt -6.657585 -0.342300
vt 9.324439 -4.333713
vt 9.364176 -4.333711
vt 9.430415 -4.296696
vt 9.324442 -4.296696
vt -9.054773 6.046362
vt -9.032043 6.046362
vt -9.032043 6.062131
vt -9.054775 6.062131
vt 1.098421 -5.220830
vt 1.078667 -5.220829
vt 1.080498 -5.272752
vt 1.098420 -5.272753
vt -8.796267 5.956910
vt -8.796268 5.942606
vt -8.277466 5.942607
vt -8.277466 5.956910
vt 9.430415 0.444642
vt 8.974726 0.444641
vt 8.972894 0.392717
vt 9.428353 0.392718
vt -6.265722 1.131345
vt -6.721179 1.131343
vt -6.721181 1.070849
vt -6.265721 1.070849
vt 9.364178 -3.085060
vt 8.908717 -3.085061
vt 8.967537 -3.122077
vt 9.430413 -3.122079
vt -8.234475 4.026030
vt -8.697358 4.026029
vt -8.697358 3.963685
vt -8.234475 3.963685
vt 8.967541 -3.388800
vt 8.908719 -3.425818
vt 9.364180 -3.425818
vt 9.430413 -3.388797
vt -6.198377 0.986789
vt -6.653834 0.986789
vt -6.653835 0.945621
vt -6.198377 0.945621
vt 8.972890 0.132065
vt 8.974724 0.080142
vt 9.430415 0.080141
vt 9.428356 0.132066
vt 8.974724 0.080142
vt 8.974726 -0.383147
vt 9.430415 -0.383148
vt 9.430415 0.080141
vt 9.430415 -0.383148
vt 8.974726 -0.383147
vt 8.972891 -0.435070
vt 9.428350 -0.435069
vt -9.238135 1.863137
vt -9.238131 1.821970
vt -8.782675 1.821970
vt -8.782675 1.863138
vt 9.364176 -3.992955
vt 8.908719 -3.992954
vt 8.967537 -4.029973
vt 9.430415 -4.029975
vt -8.762649 3.670876
vt -8.299767 3.670877
vt -8.299770 3.733220
vt -8.762649 3.733220
vt 1.233184 -3.992954
vt 1.233183 -3.425817
vt 1.166943 -3.388798
vt 1.166944 -4.029973
vt 1.233183 -3.085060
vt 1.233183 -2.517922
vt 1.166943 -2.480903
vt 1.166942 -3.122079
vt 1.233183 -3.425817
vt 1.661249 -3.425818
vt 1.601983 -3.388798
vt 1.166943 -3.388798
vt 1.661248 -3.085059
vt 1.233183 -3.085060
vt 1.166942 -3.122079
vt 1.601983 -3.122078
vt 9.364180 -3.425818
vt 9.364176 -3.992955
vt 9.430415 -4.029975
vt 9.430413 -3.388797
vt 9.364180 -2.517924
vt 9.364178 -3.085060
vt 9.430413 -3.122079
vt 9.430415 -2.480903
vt 1.661249 -3.992954
vt 1.233184 -3.992954
vt 1.166944 -4.029973
vt 1.601983 -4.029975
vt 1.233183 -2.517922
vt 1.661249 -2.517922
vt 1.601984 -2.480903
vt 1.166943 -2.480903
vt 1.233182 -5.811413
vt 1.233183 -5.244278
vt 1.166942 -5.207259
vt 1.166942 -5.848434
vt 1.233182 -4.900849
vt 1.233184 -4.333712
vt 1.166943 -4.296693
vt 1.166945 -4.937869
vt 1.233183 -5.244278
vt 1.661248 -5.244279
vt 1.601983 -5.207258
vt 1.166942 -5.207259
vt 1.661249 -4.900848
vt 1.233182 -4.900849
vt 1.166945 -4.937869
vt 1.601983 -4.937869
vt 9.364175 -5.244278
vt 9.364176 -5.811413
vt 9.430415 -5.848433
vt 9.430413 -5.207259
vt 9.364176 -4.333711
vt 9.364178 -4.900848
vt 9.430415 -4.937868
vt 9.430415 -4.296696
vt 1.288028 -5.811413
vt 1.233182 -5.811413
vt 1.166942 -5.848434
vt 1.288515 -5.848434
vt 1.288513 -4.296693
vt 1.166943 -4.296693
vt 1.233184 -4.333712
vt 1.288029 -4.333712
vt -6.006069 -2.060219
vt -5.425572 -2.060217
vt -5.360511 -2.058572
vt -6.071131 -2.058572
vt 1.295296 0.080142
vt 1.723578 0.080141
vt 1.725424 0.132066
vt 1.297359 0.132066
vt -5.363877 -1.951760
vt -5.944376 -1.951760
vt -6.009435 -1.953406
vt -5.298817 -1.953407
vt 1.723577 -0.383146
vt 1.295295 -0.383146
vt 1.297358 -0.435070
vt 1.725424 -0.435070
vt -5.944375 -1.632973
vt -5.363877 -1.632972
vt -5.298817 -1.631326
vt -6.009436 -1.631327
vt 1.723577 0.444642
vt 1.295295 0.444642
vt 1.297358 0.392718
vt 1.725424 0.392718
vt -5.363876 -1.524516
vt -5.944374 -1.524515
vt -6.009436 -1.526163
vt -5.298815 -1.526163
vt 1.295295 -2.300543
vt 1.723577 -2.300543
vt 1.725424 -2.248619
vt 1.297359 -2.248619
vt -5.944376 -1.419351
vt -5.363877 -1.419351
vt -5.298815 -1.417703
vt -6.009436 -1.417704
vt 1.295296 -0.747644
vt 1.723577 -0.747644
vt 1.725424 -0.695719
vt 1.297359 -0.695719
vt -5.499619 -1.310893
vt -6.080116 -1.310893
vt -6.145178 -1.312540
vt -5.434559 -1.312540
vt 1.723577 -1.210931
vt 1.295295 -1.210931
vt 1.297358 -1.262856
vt 1.725424 -1.262856
vt -5.944374 -1.846595
vt -5.363877 -1.846596
vt -5.298815 -1.844949
vt -6.009435 -1.844949
vt 1.723578 -1.958610
vt 1.295295 -1.958610
vt 1.297358 -2.010534
vt 1.725424 -2.010534
vt -5.363877 -1.738138
vt -5.944377 -1.738139
vt -6.009436 -1.739785
vt -5.298817 -1.739785
vt -7.145440 -5.517149
vt -7.145438 -5.608564
vt -7.080378 -5.610209
vt -7.080379 -5.517693
vt -6.182336 7.072140
vt -5.471718 7.072139
vt -5.471718 7.113307
vt -6.182336 7.113304
vt -6.160996 -0.308208
vt -6.589064 -0.308208
vt -6.589064 -0.349376
vt -6.160995 -0.349376
vt -7.154944 7.256214
vt -6.444324 7.256212
vt -6.444323 7.297380
vt -7.154943 7.297382
vt -6.506023 -1.437284
vt -6.077960 -1.437285
vt -6.077958 -1.396118
vt -6.506024 -1.396118
vt -5.472949 7.407035
vt -6.183568 7.407035
vt -6.183569 7.365870
vt -5.472950 7.365870
vt -6.077956 -1.521345
vt -6.506022 -1.521344
vt -6.506023 -1.562512
vt -6.077958 -1.562513
vt -6.443519 7.422612
vt -7.154138 7.422610
vt -7.154136 7.381442
vt -6.443516 7.381441
vt -6.450173 -1.947511
vt -6.077957 -1.947511
vt -6.077957 -1.935684
vt -6.506020 -1.935684
vt -6.506021 -1.976849
vt -6.450172 -1.976851
vt -6.287605 6.911921
vt -5.484213 6.911922
vt -5.484212 6.974267
vt -6.287604 6.974268
vt -6.198377 0.861561
vt -6.633416 0.861562
vt -6.633416 0.799216
vt -6.198376 0.799215
vt -6.265348 6.591489
vt -5.461958 6.591489
vt -5.461958 6.653833
vt -6.265346 6.653831
vt -6.636817 0.506408
vt -6.201777 0.506407
vt -6.201779 0.568752
vt -6.636817 0.568752
vt -5.455827 6.814050
vt -6.259219 6.814050
vt -6.259219 6.751705
vt -5.455828 6.751705
vt -6.201777 0.715156
vt -6.636817 0.715157
vt -6.636816 0.652812
vt -6.201779 0.652812
vt -5.461956 6.493620
vt -6.265347 6.493617
vt -6.265348 6.431273
vt -5.461953 6.431271
vt -7.405409 -4.483350
vt -7.377486 -4.482292
vt -7.500194 -4.481234
vt -7.500192 -4.543577
vt -7.377485 -4.543579
vt -7.377486 -4.538019
vt -7.405408 -4.538019
vt -6.184373 7.205651
vt -5.473753 7.205652
vt -5.473755 7.266150
vt -6.184372 7.266148
vt -7.324797 -2.060908
vt -7.752863 -2.060911
vt -7.752866 -2.121404
vt -7.324801 -2.121404
vt -6.192683 7.651227
vt -5.482063 7.651230
vt -5.482063 7.711723
vt -6.192682 7.711723
vt -6.506024 -1.707068
vt -6.077958 -1.707068
vt -6.077958 -1.646572
vt -6.506023 -1.646573
vt -5.482063 7.559876
vt -6.192682 7.559879
vt -6.192684 7.499383
vt -5.482063 7.499383
vt -6.077956 -1.791129
vt -6.506021 -1.791129
vt -6.506022 -1.851624
vt -6.077956 -1.851625
vt -6.452630 7.567168
vt -7.163251 7.567165
vt -7.163252 7.506671
vt -6.452631 7.506671
vt -7.593578 -3.937243
vt -7.593578 -3.895622
vt -7.649430 -3.895621
vt -7.649429 -3.956119
vt -7.533886 -3.956119
vt -7.533886 -3.937243
vt -7.512371 4.757711
vt -6.659605 4.757710
vt -6.659606 5.220998
vt -7.512367 5.220998
vt -6.746127 6.053318
vt -7.598885 6.053318
vt -7.598885 5.590033
vt -6.746123 5.590032
vt -7.543221 3.759321
vt -7.543221 3.666103
vt -6.690464 3.666102
vt -6.690463 4.007908
vt -6.858304 4.007908
vt -6.858305 3.711190
vt -6.917423 3.711189
vt -6.917423 3.688904
vt -6.985926 3.688906
vt -6.985926 3.711191
vt -7.025338 3.711190
vt -7.025339 3.759321
vt 1.295295 -0.383146
vt 1.723577 -0.383146
vt 1.723578 0.080141
vt 1.295296 0.080142
vt -6.755759 3.240236
vt -6.755759 3.582043
vt -7.608520 3.582042
vt -7.608519 3.240235
vt 1.295295 -1.210931
vt 1.723577 -1.210931
vt 1.723577 -0.747644
vt 1.295296 -0.747644
vt 1.226772 -1.133192
vt 1.226772 -1.110907
vt -2.333067 -1.081121
vt -2.333067 -1.103408
vt 1.226771 -0.590705
vt 1.226771 -0.543062
vt -2.422499 -0.512529
vt -2.422499 -0.560173
vt -2.499358 0.011172
vt -2.499358 -0.036959
vt 1.226771 -0.005784
vt 1.226771 0.042348
vt -2.468809 -0.406185
vt -2.468808 -0.428468
vt 1.226772 -0.397549
vt 1.226771 -0.375265
vt 9.430415 6.431273
vt 9.430415 6.453556
vt 2.019125 6.515564
vt 2.019124 6.493279
vt 2.014759 7.623306
vt 2.014759 7.645589
vt -1.895067 7.645587
vt -1.893352 7.711723
vt -2.327273 7.711723
vt -2.327274 7.645589
vt -5.317830 7.645590
vt -5.317830 7.623306
vt -2.327273 7.623306
vt -2.319244 7.623306
vt -2.319247 7.645589
vt -2.319246 7.698808
vt -1.896783 7.698808
vt -1.895067 7.645587
vt -1.895066 7.623306
vt 9.430415 3.338917
vt 9.334700 3.338917
vt 9.334703 3.354684
vt 2.039995 3.354684
vt 2.039995 3.311706
vt 1.860997 3.310151
vt 9.430415 3.307044
vt 1.771057 2.032432
vt 1.771056 1.998607
vt 9.430416 1.998608
vt 9.430415 2.026229
vt 9.276644 2.026231
vt 9.276645 2.046734
vt 1.854970 2.046735
vt 1.854970 2.032432
vt 2.058850 7.094422
vt 2.058848 7.072140
vt 5.968677 7.072142
vt 5.968677 7.094424
vt 5.970391 7.147642
vt 6.392854 7.147642
vt 6.392855 7.094422
vt 6.392855 7.072140
vt 6.400884 7.072140
vt 9.430415 7.072140
vt 9.430415 7.094421
vt 6.400883 7.094424
vt 6.400882 7.160558
vt 5.966959 7.160558
vt 5.968677 7.094424
vt 1.940219 6.300591
vt 1.940219 6.322875
vt -1.833864 6.322875
vt -1.832148 6.388238
vt -2.266073 6.388239
vt -2.266073 6.322875
vt -5.256628 6.322875
vt -5.256627 6.300592
vt -2.266072 6.300592
vt -2.258044 6.300591
vt -2.258044 6.322873
vt -2.258043 6.375322
vt -1.835581 6.375323
vt -1.833864 6.322875
vt -1.833865 6.300592
vt -5.285223 6.494583
vt -5.285225 6.472301
vt -1.511138 6.472301
vt -1.511138 6.494583
vt -1.509423 6.547032
vt -1.086960 6.547032
vt -1.086959 6.494583
vt -1.086960 6.472301
vt -1.078931 6.472302
vt 1.950601 6.472301
vt 1.950601 6.494583
vt -1.078929 6.494583
vt -1.078930 6.559949
vt -1.512855 6.559949
vt -1.511138 6.494583
vt -2.363617 -0.974778
vt -2.363617 -0.997062
vt 1.226772 -0.967022
vt 1.226772 -0.944738
vt -7.670677 -3.525797
vt -7.751138 -3.523390
vt -7.751140 -3.528872
vt -7.640674 -3.528535
vt 1.907385 3.574285
vt 9.430418 3.574071
vt 1.937392 3.577026
vt 9.430418 3.574071
vt 2.125362 3.579430
vt 1.937392 3.577026
vt 9.430418 3.574071
vt 9.430415 3.627113
vt 2.125362 3.579430
vt 1.996340 7.431396
vt -5.308715 7.432901
vt -5.308716 7.383713
vt -8.201156 6.143540
vt -8.208936 6.143538
vt -8.206888 6.135859
vt -8.202995 6.084136
vt -8.208936 6.143538
vt -8.201156 6.143540
vt -8.202995 6.084136
vt -7.667407 6.084135
vt -7.667410 6.173841
vt -8.208944 6.173841
vt -2.391703 -3.050977
vt -5.466184 -3.050977
vt -5.466184 -3.074924
vt -2.391703 -3.074924
vt -2.213423 -5.133247
vt -5.355412 -5.133247
vt -5.355412 -5.184447
vt -2.213423 -5.184445
vt 1.098421 -4.436123
vt 1.098420 -4.412175
vt -2.223332 -4.412174
vt -2.223332 -4.436123
vt 1.098420 -3.561406
vt 1.096473 -3.510207
vt -2.295020 -3.510208
vt -2.295020 -3.561407
vt -8.158443 2.404197
vt -8.714149 2.404197
vt -8.714149 2.319042
vt -8.680602 2.319041
vt -8.680599 2.352998
vt -8.196172 2.353000
vt -8.196171 2.319041
vt -8.158444 2.319042
vt -9.017225 5.962306
vt -9.032438 5.962304
vt -9.032439 5.956824
vt -9.017225 5.956823
vt -8.787811 5.612493
vt -8.277467 5.612495
vt -8.277465 5.617974
vt -8.788964 5.617973
vt -8.788384 5.563303
vt -7.641325 -3.420915
vt -7.671335 -3.419770
vt -7.671335 -3.366573
vt -7.751138 -3.367390
vt -7.751140 -3.422061
vt -8.761047 5.479242
vt -8.788970 5.479243
vt -8.788970 5.391604
vt -8.277467 5.391606
vt -8.277466 5.403746
vt -8.753856 5.403748
vt -8.753851 5.445909
vt -8.761046 5.445909
vt -6.657585 -0.537057
vt -6.722394 -0.535955
vt -6.722394 -0.506704
vt -6.764160 -0.506705
vt -6.764160 -0.538159
vt -9.205210 2.935621
vt -9.205207 3.018209
vt -9.239820 3.018209
vt -9.239818 2.933154
vt -8.784159 2.934386
vt -5.575074 1.416888
vt -5.607619 1.416888
vt -5.607619 1.774803
vt -5.614488 1.774803
vt -5.614486 1.411146
vt -5.575077 1.411146
vt -2.464187 -2.535387
vt -2.503163 -2.535389
vt -2.503162 -2.486198
vt -5.493717 -2.486198
vt -5.493717 -2.540868
vt -2.464186 -2.540868
vt 1.795281 2.287918
vt 1.795280 2.265635
vt 9.430415 2.265635
vt 9.430415 2.287918
vt -2.369468 -4.004041
vt -2.369468 -3.978066
vt -5.399001 -3.978067
vt -5.407029 -3.978068
vt -5.410347 -4.009523
vt -2.319361 -4.009521
vt -2.319362 -4.004041
vt 2.008743 6.262341
vt 2.008742 6.244352
vt 5.921460 6.244350
vt 5.921462 6.262341
vt 5.922639 6.309948
vt 6.336111 6.309948
vt 6.339429 6.262341
vt 6.339429 6.244352
vt 9.430415 6.244352
vt 9.430415 6.262341
vt 6.339429 6.262341
vt 6.342748 6.337846
vt 5.920288 6.337846
vt 5.921462 6.262341
vt -2.391703 -3.870528
vt -2.391703 -3.443817
vt -5.482689 -3.443817
vt -5.482687 -3.876007
vt -2.441809 -3.876008
vt -2.441810 -3.870528
vt 1.987226 7.039020
vt 1.987228 7.057498
vt -1.848632 7.057496
vt -1.847457 7.132228
vt -2.269920 7.132228
vt -2.266601 7.057496
vt -5.307481 7.057496
vt -5.307485 7.039020
vt -2.266602 7.039019
vt -2.266601 7.057496
vt -2.263283 7.104617
vt -1.849811 7.104615
vt -1.848632 7.057496
vt -1.848634 7.039020
vt -2.503165 -2.807897
vt -2.503165 -2.802415
vt -2.464186 -2.802415
vt -2.464185 -2.760715
vt -5.505064 -2.760715
vt -5.501745 -2.807897
vt -5.493716 -2.807898
vt 2.014759 7.516959
vt 2.014760 7.539246
vt -5.290292 7.539245
vt -5.290294 7.516964
vt -2.464187 -2.375170
vt -2.503166 -2.375170
vt -2.503165 -2.325981
vt -5.493716 -2.325980
vt -5.493717 -2.380650
vt -2.464185 -2.380650
vt 1.907386 3.756573
vt 1.907386 3.734290
vt 9.430416 3.734289
vt 9.430415 3.756572
vt 0.515652 0.269409
vt 0.515652 0.295382
vt -2.513881 0.295382
vt -2.521909 0.295383
vt -2.521909 0.263929
vt 1.226772 0.263929
vt 1.226772 0.269409
vt -9.233979 3.128243
vt -8.784159 3.128242
vt -8.784159 3.133725
vt -9.239818 3.133725
vt -9.236899 3.102270
vt -8.682236 5.307545
vt -8.710158 5.307545
vt -8.710158 5.219379
vt -8.198654 5.219378
vt -8.198653 5.231523
vt -8.676394 5.231523
vt -8.679317 5.273685
vt -9.017224 5.872762
vt -9.032438 5.872762
vt -9.032438 5.867281
vt -9.017225 5.867283
vt -8.788970 5.702033
vt -8.277463 5.702035
vt -8.277467 5.707517
vt -8.788970 5.707516
vt 9.430415 0.529951
vt 9.430415 0.558560
vt 9.384029 0.559984
vt 1.860998 0.561407
vt 1.860998 0.530535
vt 1.371301 0.530534
vt 1.371301 0.561407
vt 1.328876 0.561408
vt 1.328876 0.529953
vt 9.384029 3.442971
vt 9.430417 3.445385
vt 9.430415 3.487738
vt 1.860998 3.488060
vt 1.860998 3.446039
vt 2.078977 3.446039
vt 2.078975 3.440558
vt 9.269644 4.695590
vt 9.269642 4.713732
vt 9.365356 4.713731
vt 9.430415 4.713732
vt 9.346502 4.713731
vt 9.346502 5.127779
vt 1.924829 5.127779
vt 1.924829 4.701072
vt 1.974935 4.701072
vt 1.974936 4.695590
vt 9.430415 2.132121
vt 9.430416 2.163574
vt 1.795280 2.163575
vt 1.795280 2.134323
vt 1.771056 2.133223
vt 9.430415 2.372445
vt 9.430415 2.427116
vt 1.825287 2.427933
vt 1.825286 2.374738
vt 1.795280 2.373592
vt 9.430415 3.200234
vt 9.430415 3.222515
vt 2.013914 3.222516
vt 2.013913 3.201156
vt 1.825286 3.200848
vt 9.430415 3.066718
vt 9.430415 3.113901
vt 1.795281 3.113901
vt 1.795281 3.072200
vt 2.013916 3.072200
vt 2.013916 3.066719
vt 9.430415 2.566488
vt 9.346502 2.566488
vt 9.346502 2.896320
vt 5.434957 2.896319
vt 5.434956 2.971823
vt 5.012494 2.971822
vt 5.012495 2.896319
vt 1.974934 2.896319
vt 1.974934 2.538405
vt 1.795280 2.538405
vt 1.795280 2.532662
vt 9.430415 2.532661
vt -2.503162 -2.674382
vt -2.503162 -2.668901
vt -2.464185 -2.668901
vt -2.464186 -2.627201
vt -5.501745 -2.627200
vt -5.501746 -2.674384
vt -5.493716 -2.674383
vt -8.963519 6.217649
vt -8.880651 6.217649
vt -8.880652 6.272319
vt -8.963517 6.272319
vt -2.625731 1.610427
vt -2.625731 1.578973
vt 1.286990 1.578972
vt 1.284098 1.610427
vt -8.855289 4.668887
vt -8.760688 4.668886
vt -8.760689 4.700342
vt -8.827370 4.700342
vt -8.855291 4.700343
vt -7.324799 -2.205468
vt -7.747263 -2.205466
vt -7.747263 -2.236921
vt -7.324800 -2.236920
vt -8.891117 4.433317
vt -8.891114 4.401859
vt -8.863194 4.401857
vt -8.796508 4.401860
vt -8.796508 4.433315
vt -6.597704 0.422347
vt -6.597702 0.367676
vt -6.163778 0.367676
vt -6.163779 0.422347
vt -8.963524 6.057435
vt -8.880654 6.057432
vt -8.880654 6.112105
vt -8.963519 6.112104
vt -2.622839 1.363668
vt -2.622838 1.308998
vt 1.286990 1.308998
vt 1.286990 1.363668
vt -2.548870 1.959388
vt -2.453157 1.959388
vt -2.453157 1.941246
vt 1.382702 1.941246
vt 1.382702 2.373437
vt -2.530018 2.373437
vt -2.530017 1.959389
vt -2.613932 1.959389
vt -7.927147 7.098841
vt -7.385615 7.098841
vt -7.385616 7.117319
vt -7.385617 7.164436
vt -7.927152 7.164435
vt -7.927152 7.116832
vt -7.869023 7.259060
vt -7.327487 7.259060
vt -7.327487 7.589046
vt -7.869021 7.589046
vt -8.208941 5.469970
vt -7.667408 5.469971
vt -7.667408 5.487961
vt -7.667408 5.535568
vt -8.208943 5.535566
vt -8.208944 5.488450
vt -2.543353 1.814831
vt -2.639066 1.814831
vt -2.592680 1.814831
vt -2.484472 1.812418
vt 1.289614 1.810003
vt 1.292506 1.857186
vt -2.543354 1.857186
vt -8.854324 4.983099
vt -8.854324 4.935915
vt -8.826404 4.935915
vt -8.760688 4.935915
vt -8.760684 4.983098
vt -7.747264 -2.368165
vt -7.324798 -2.368164
vt -7.324799 -2.320981
vt -7.747263 -2.320983
vt -8.872317 5.202945
vt -8.778677 5.202944
vt -8.778677 5.250123
vt -8.844397 5.250123
vt -8.872316 5.250123
vt -2.513732 0.950366
vt -2.513732 0.895696
vt 1.260354 0.895697
vt 1.260354 0.950366
vt -8.962557 6.377867
vt -8.880657 6.377866
vt -8.880657 6.432536
vt -8.962559 6.432538
vt -6.597702 0.283615
vt -6.597702 0.228944
vt -6.163777 0.228944
vt -6.163777 0.283615
vt -8.962559 6.538081
vt -8.880655 6.538082
vt -8.880657 6.592753
vt -8.962559 6.592753
vt -2.488812 1.724519
vt -2.597021 1.723096
vt -2.643407 1.723097
vt -2.547693 1.723097
vt -2.547692 1.694487
vt 1.286990 1.694488
vt 1.285273 1.725942
vt -8.854321 5.069430
vt -8.760688 5.069431
vt -8.760688 5.100885
vt -8.826404 5.100883
vt -8.854322 5.100883
vt -7.324798 -2.452226
vt -7.747263 -2.452226
vt -7.747263 -2.483680
vt -7.324799 -2.483681
vt -8.951130 5.367911
vt -8.951129 5.336456
vt -8.923208 5.336458
vt -8.857491 5.336456
vt -8.857489 5.367911
vt 1.424589 1.027124
vt 1.424589 0.695342
vt 1.328876 0.695342
vt 1.328876 0.663468
vt 9.430416 0.663468
vt 9.430415 1.027124
vt 5.681734 1.027125
vt 5.681734 1.101857
vt 5.259272 1.101857
vt 5.259271 1.027125
vt -8.891117 4.535374
vt -8.796508 4.535373
vt -8.796509 4.582554
vt -8.863195 4.582555
vt -8.891115 4.582553
vt -7.747263 -2.614924
vt -7.324798 -2.614923
vt -7.324801 -2.567741
vt -7.747263 -2.567742
vt -8.855291 4.849584
vt -8.855291 4.802404
vt -8.827371 4.802402
vt -8.760689 4.802403
vt -8.760689 4.849583
vt -2.624555 1.494912
vt -2.624556 1.447730
vt 1.285273 1.447729
vt 1.286990 1.494911
vt -9.083331 6.552821
vt -9.083327 6.547079
vt -9.031081 6.547079
vt -9.031077 6.552821
vt -9.031079 6.463017
vt -9.072852 6.463017
vt -9.072850 6.457276
vt -9.031081 6.457277
vt -9.031077 6.636883
vt -9.031077 6.670217
vt -9.083332 6.670218
vt -9.083331 6.636884
vt -5.252684 -5.450208
vt -5.252684 -5.498665
vt -5.299978 -5.498666
vt -5.299978 -5.504878
vt -2.144949 -5.503557
vt -2.170128 -5.502240
vt -2.170130 -5.450208
vt -5.474260 -3.293878
vt -5.474260 -3.316162
vt -2.391703 -3.341953
vt -2.391703 -3.319670
vt -5.295280 -5.928582
vt -5.247988 -5.928580
vt -5.247989 -5.934793
vt -2.165431 -5.933782
vt -2.140252 -5.932769
vt -2.140250 -5.887612
vt -5.295280 -5.887613
vt -5.295280 -5.724571
vt -5.295280 -5.772215
vt -2.140252 -5.798609
vt -2.140252 -5.750966
vt -2.144900 -5.054167
vt -2.088975 -5.054170
vt -2.088975 -5.060381
vt 1.066052 -5.059636
vt 1.098420 -5.058889
vt 1.098421 -4.631573
vt 1.066052 -4.629880
vt -2.144901 -4.628190
vt 1.260354 1.066960
vt 0.634895 1.067393
vt 0.634895 1.109423
vt -2.576057 1.082558
vt -2.576056 1.034427
vt -1.868037 1.224938
vt -1.868037 1.199695
vt -2.549422 1.199695
vt -2.549422 1.193483
vt 1.286989 1.193483
vt 1.286990 1.221201
vt 1.261809 1.223068
vt -2.259557 -4.570797
vt -2.259556 -4.548512
vt -5.389401 -4.574700
vt -5.389400 -4.596982
vt -5.299623 -5.289994
vt -5.299623 -5.338450
vt -5.346908 -5.338450
vt -5.346907 -5.344663
vt -2.217063 -5.344662
vt -2.217063 -5.294342
vt -2.191884 -5.292166
vt -5.399593 -4.415183
vt -5.399592 -4.437469
vt -2.291855 -4.463470
vt -2.291855 -4.441186
vt 9.430415 6.938625
vt 9.430415 6.985807
vt 2.055749 6.985807
vt 2.055750 6.944839
vt 2.103040 6.944839
vt 2.103040 6.938626
vt 5.210776 6.938626
vt 5.210777 6.980923
vt 5.704285 6.980923
vt 5.704285 6.938626
vt 9.346501 5.526365
vt 9.430415 5.526366
vt 9.430416 5.592626
vt 1.971834 5.655028
vt 1.971835 5.291348
vt 9.346502 5.229646
vt 1.971835 5.810883
vt 1.971836 5.763702
vt 9.383126 5.763700
vt 9.383126 5.769915
vt 9.430413 5.769914
vt 9.430415 5.810884
vt 1.226771 0.126408
vt 1.226771 0.148693
vt -2.499361 0.179868
vt -2.499360 0.157584
vt 1.971837 6.138806
vt 1.971836 6.084135
vt 9.430415 6.084135
vt 9.430415 6.090345
vt 9.383126 6.090347
vt 9.383127 6.138805
vt 1.971837 5.919500
vt 1.971835 5.897214
vt 9.430415 5.959619
vt 9.430415 5.981903
vt 1.915910 3.872555
vt 1.915911 3.841100
vt 9.430415 3.841100
vt 9.430415 3.847312
vt 9.374491 3.847314
vt 9.374492 3.872556
vt 1.915910 3.992604
vt 1.915911 3.974613
vt 9.430415 4.037487
vt 9.430415 4.055478
vt 1.915910 4.180408
vt 1.980972 4.180407
vt 1.980972 4.161532
vt 9.374489 4.161532
vt 9.374488 4.167746
vt 9.430416 4.167747
vt 9.430416 4.593725
vt 1.915911 4.593725
vt 9.430414 6.618190
vt 9.430415 6.636671
vt 2.036895 6.698528
vt 2.036897 6.680052
vt 2.036897 6.810672
vt 2.083283 6.810672
vt 2.083282 6.805112
vt 9.383127 6.805112
vt 9.383126 6.811325
vt 9.430413 6.811323
vt 9.430415 6.852293
vt 2.036896 6.852293
vt 1.990324 7.216289
vt 1.990324 7.238573
vt -5.309517 7.299649
vt -5.309515 7.277366
vt 2.083283 7.473948
vt 2.083282 7.419277
vt 9.430415 7.419274
vt 9.430413 7.425489
vt 9.383127 7.425492
vt 9.383127 7.473948
vt 2.083283 7.601776
vt 2.083283 7.579493
vt 9.430417 7.640963
vt 9.430412 7.663247
vt 1.407415 1.761976
vt 1.361029 1.760920
vt 1.361028 1.731580
vt 9.430416 1.731579
vt 9.430415 1.737792
vt 9.420140 1.735343
vt 8.930446 1.735342
vt 8.754547 1.737791
vt 8.754547 1.763033
vt -9.239785 2.842879
vt -8.784156 2.842880
vt -8.784158 2.849091
vt -9.239784 2.849092
vt 9.430416 1.894435
vt 9.371533 1.895490
vt 5.781144 1.896547
vt 5.781147 1.868088
vt 5.287636 1.868088
vt 5.287635 1.896547
vt 2.132609 1.896547
vt 2.132609 1.871305
vt 1.451225 1.871305
vt 1.451225 1.865093
vt 9.430415 1.865094
vt -2.140250 -5.611994
vt -2.140252 -5.589710
vt -5.295276 -5.616113
vt -5.295277 -5.638394
vt -8.764573 7.180367
vt -8.736652 7.181686
vt -8.736652 7.210147
vt -8.794772 7.210150
vt -8.794772 7.179047
vt -8.099584 4.898062
vt -8.130132 4.897806
vt -8.130131 4.855805
vt -7.580893 4.855805
vt -7.580892 4.902400
vt -7.606071 4.902189
vt -7.606073 4.878090
vt -8.099581 4.878090
vt -8.885409 5.471992
vt -8.885413 5.524024
vt -8.943792 5.524027
vt -8.943791 5.469970
vt -8.857491 5.470983
vt -8.104949 4.630744
vt -8.130130 4.630955
vt -8.130129 4.562077
vt -7.580890 4.562076
vt -7.580893 4.626358
vt -7.611440 4.626614
vt -7.611441 4.584359
vt -8.104950 4.584360
vt -7.394769 -4.249102
vt -7.454460 -4.248354
vt -7.454463 -4.203198
vt -7.512582 -4.203197
vt -7.512584 -4.249847
vt -8.659793 4.956474
vt -8.692167 4.956745
vt -8.692165 4.862719
vt -8.198654 4.862716
vt -8.198654 4.952615
vt -8.234783 4.952919
vt -8.234782 4.910358
vt -8.659793 4.910359
vt -7.995673 6.691172
vt -8.531101 6.691173
vt -8.531100 6.645056
vt -7.995671 6.645055
vt -8.656036 5.131492
vt -8.692163 5.131190
vt -8.692165 5.040806
vt -8.198651 5.040804
vt -8.198653 5.135320
vt -8.231021 5.135049
vt -8.231021 5.088933
vt -8.656034 5.088931
vt -7.438448 -4.355644
vt -7.378141 -4.353953
vt -7.496569 -4.352263
vt -7.496567 -4.383362
vt -7.438448 -4.383362
vt -8.099580 5.053859
vt -8.130131 5.053602
vt -8.130129 4.989321
vt -7.580892 4.989321
vt -7.580892 5.058198
vt -7.606072 5.057988
vt -7.606072 5.011605
vt -8.099581 5.011603
vt -8.857492 5.682376
vt -8.943791 5.684243
vt -8.943791 5.630185
vt -8.885409 5.630185
vt -8.885413 5.680505
vt -8.104949 4.768677
vt -8.130131 4.768887
vt -8.130131 4.722294
vt -7.580892 4.722291
vt -7.580892 4.764291
vt -7.611443 4.764546
vt -7.611440 4.744576
vt -8.104949 4.744575
vt -8.736652 7.340591
vt -8.789646 7.340590
vt -8.792377 7.318309
vt -8.795101 7.294208
vt -8.736651 7.294205
vt -8.198654 4.774528
vt -8.692164 4.778657
vt -8.692163 4.732273
vt -8.198654 4.732273
vt -8.687352 7.444624
vt -8.690075 7.466908
vt -8.743078 7.466908
vt -8.743079 7.424650
vt -8.684623 7.424650
vt 1.226772 -0.175690
vt 1.226772 -0.121020
vt -2.499358 -0.123196
vt -2.468809 -0.125372
vt -2.468809 -0.175691
vt -8.599625 6.860384
vt -8.627545 6.862251
vt -8.627545 6.912570
vt -8.680169 6.912571
vt -8.680169 6.858517
vt 1.226772 -0.291204
vt 1.226772 -0.259751
vt -2.468809 -0.261619
vt -2.499358 -0.263487
vt -2.499359 -0.291205
vt -7.533883 -3.794210
vt -7.594193 -3.792519
vt -7.594193 -3.764799
vt -7.647139 -3.764800
vt -7.647139 -3.795902
vt -7.596679 -3.617228
vt -7.536983 -3.616482
vt -7.649625 -3.615737
vt -7.649625 -3.662386
vt -7.596681 -3.662387
vt 1.226772 -0.716388
vt 1.226774 -0.674765
vt -2.422498 -0.674765
vt -2.422498 -0.719923
vt -2.391950 -0.720935
vt 1.167891 -0.721947
vt 1.167891 -0.716387
vt -8.627546 6.698299
vt -8.627545 6.750328
vt -8.599625 6.751344
vt -8.680167 6.752353
vt -8.680167 6.698298
vt 1.226772 -0.860678
vt 1.226772 -0.806008
vt -2.333067 -0.806008
vt -2.333067 -0.858039
vt -2.363616 -0.859359
vt -8.748692 7.002804
vt -8.776614 7.004122
vt -8.801634 7.005444
vt -8.801635 6.974342
vt -8.748693 6.974345
vt 1.355513 1.494585
vt 1.451226 1.494585
vt 1.451226 1.197523
vt 9.430415 1.264283
vt 9.424899 1.627917
vt 1.355512 1.560402
vt -8.198654 4.648211
vt -8.692163 4.644083
vt -8.692163 4.601828
vt -8.198653 4.601828
vt -8.234475 4.517767
vt -8.727983 4.517766
vt -8.727987 4.486669
vt -8.234477 4.486670
vt -8.130128 5.203592
vt -8.130129 5.149537
vt -7.580890 5.149540
vt -7.580892 5.203595
vt -8.727985 4.355959
vt -8.234478 4.355959
vt -8.234477 4.402607
vt -8.727987 4.402609
vt -7.995671 7.241048
vt -8.531100 7.241050
vt -8.531100 7.198489
vt -7.995674 7.198491
vt -8.531102 6.775235
vt -7.995674 6.775235
vt -7.995674 7.114429
vt -8.531102 7.114429
vt -8.234475 4.271898
vt -8.727985 4.271898
vt -8.727985 4.240798
vt -8.234475 4.240798
vt -8.130129 5.363810
vt -8.130128 5.309753
vt -7.580892 5.309755
vt -7.580892 5.363809
vt -8.727987 4.110090
vt -8.234475 4.110088
vt -8.234473 4.156737
vt -8.727983 4.156738
vt -6.686594 0.374488
vt -6.734574 0.372085
vt -6.764580 0.368745
vt -6.686594 0.368276
vt -6.725701 0.508002
vt -6.773032 0.506406
vt -6.803040 0.502798
vt -6.725701 0.501789
vt -7.186951 -5.741450
vt -7.144529 -5.741452
vt -7.144529 -5.699430
vt -7.186951 -5.699748
vt -5.349026 -4.890714
vt -2.213424 -4.890714
vt -2.213425 -4.838991
vt -5.349782 -4.838990
vt -2.071487 -5.924759
vt 1.064871 -5.925470
vt 1.098420 -5.924708
vt 1.098420 -5.492798
vt -2.043567 -5.495056
vt -2.071728 -5.497314
vt -5.321603 -4.729286
vt -2.251354 -4.730498
vt -2.213422 -4.729692
vt -2.213422 -4.699758
vt -5.349024 -4.701398
vt -5.322604 -4.703035
vt -2.391703 -3.184491
vt -5.466927 -3.184493
vt -5.466927 -3.208438
vt -2.391703 -3.208438
vt -5.399365 -4.276722
vt -5.367225 -4.278316
vt -5.367225 -4.329957
vt -2.292002 -4.329073
vt -2.329932 -4.328188
vt -2.329932 -4.275128
vt -5.533619 -2.941411
vt -2.464187 -2.941411
vt -2.464186 -2.917463
vt -5.534435 -2.917463
vt -2.213421 -5.024089
vt -2.246972 -5.023950
vt -2.246973 -4.976912
vt -5.321454 -4.979236
vt -5.355412 -4.981565
vt -5.355414 -5.024232
vt -2.188834 2.758670
vt -2.150901 2.758670
vt -2.150901 2.782616
vt -5.258431 2.782616
vt -5.257660 2.758671
vt -6.060017 -0.239482
vt -6.092476 -0.239482
vt -6.092475 -0.671673
vt -5.434558 -0.671673
vt -5.434559 -0.245694
vt -6.060018 -0.245695
vt -7.667408 5.992075
vt -8.208940 5.992073
vt -8.208941 5.630185
vt -7.667408 5.630186
vt -8.811213 6.040969
vt -8.277465 6.040971
vt -8.277463 6.082997
vt -8.811213 6.082999
vt -7.133062 -4.630584
vt -7.133062 -4.605291
vt -7.308959 -4.605289
vt -7.308964 -4.632058
vt -9.063669 6.368734
vt -9.063669 6.346450
vt -9.032043 6.346450
vt -9.032042 6.373216
vt -9.071453 6.370975
vt -8.231245 3.627477
vt -7.677041 3.627479
vt -7.677038 3.658930
vt -8.231244 3.658931
vt -7.133063 -4.521232
vt -7.133063 -4.494587
vt -7.163067 -4.492180
vt -7.308961 -4.489774
vt -7.308964 -4.521232
vt -5.415433 -5.271150
vt -6.179382 -5.271149
vt -6.179381 -5.302603
vt -5.415433 -5.302604
vt -8.684625 7.569446
vt -8.684621 7.596208
vt -8.743740 7.596210
vt -8.743742 7.550965
vt -8.735960 7.550967
vt -8.735962 7.569446
vt -5.524043 -4.429508
vt -5.524042 -4.471539
vt -6.181961 -4.471536
vt -6.181960 -4.109651
vt -6.069563 -4.109650
vt -6.069561 -4.087174
vt -6.232067 -4.087173
vt -6.232066 -4.529479
vt -5.468114 -4.529478
vt -5.468118 -4.429976
vt -7.611744 3.808174
vt -8.165949 3.808174
vt -8.165953 3.760992
vt -7.611745 3.760991
vt -7.264581 -3.773286
vt -7.465361 -3.771028
vt -7.465363 -3.818208
vt -7.289464 -3.818209
vt -7.289465 -3.775546
vt -6.179378 -5.433845
vt -5.415433 -5.433845
vt -5.415434 -5.386664
vt -6.179381 -5.386662
vt -7.278959 -4.176847
vt -7.133065 -4.174608
vt -7.133062 -4.147507
vt -7.326246 -4.147506
vt -7.326246 -4.179482
vt -8.547600 7.361454
vt -8.547600 7.393428
vt -8.616102 7.393428
vt -8.616102 7.339169
vt -8.608313 7.339169
vt -8.608315 7.361452
vt -7.354170 -3.030192
vt -7.354171 -2.975931
vt -7.577363 -2.975933
vt -7.577360 -3.003032
vt -7.401461 -3.003035
vt -7.401458 -3.029795
vt -6.129854 0.770278
vt -5.507730 0.770280
vt -5.507730 0.824950
vt -6.129854 0.824950
vt -7.354169 -3.116580
vt -7.577360 -3.114254
vt -7.577358 -3.168924
vt -7.384179 -3.168926
vt -7.384179 -3.118906
vt -5.506552 1.793599
vt -5.506553 1.738927
vt -4.656332 1.738927
vt -4.656332 1.793598
vt -7.253694 -4.403093
vt -7.133063 -4.400941
vt -7.133063 -4.379058
vt -7.309620 -4.379061
vt -7.309618 -4.405715
vt -8.575519 7.637650
vt -8.612713 7.637652
vt -8.612713 7.606196
vt -8.547596 7.606196
vt -8.547594 7.631434
vt -8.575520 7.631436
vt -8.231251 3.226935
vt -7.677041 3.226936
vt -7.677040 3.258389
vt -8.231250 3.258389
vt -7.133062 -4.294997
vt -7.133062 -4.266732
vt -7.163069 -4.265137
vt -7.309617 -4.263544
vt -7.309619 -4.294997
vt -5.368502 -5.517906
vt -6.132449 -5.517905
vt -6.132449 -5.549359
vt -5.368500 -5.549357
vt -8.166132 3.534934
vt -7.710446 3.534934
vt -7.710443 3.493963
vt -7.677041 3.493964
vt -7.677040 3.541145
vt -8.231250 3.541146
vt -8.231248 3.493963
vt -8.166135 3.493963
vt -5.457923 -5.055846
vt -5.457924 -4.613540
vt -6.221875 -4.613542
vt -6.221875 -5.055846
vt -7.677040 3.407630
vt -8.231252 3.407632
vt -8.231252 3.360450
vt -7.677038 3.360450
vt -6.011332 -5.187090
vt -6.011330 -5.142806
vt -5.521632 -5.142803
vt -5.521631 -5.187088
vt -5.423935 -5.187088
vt -5.423934 -5.139907
vt -6.187885 -5.139906
vt -6.187887 -5.187090
vt -6.127751 -5.680600
vt -5.363801 -5.680602
vt -5.363801 -5.633420
vt -6.127753 -5.633419
vt -4.575156 -0.113020
vt -4.554796 -0.113943
vt -4.554794 -0.556250
vt -5.318745 -0.556249
vt -5.318747 -0.526566
vt -5.366035 -0.526962
vt -5.366035 -0.583351
vt -4.515817 -0.583352
vt -4.515817 -0.086842
vt -4.622488 -0.086842
vt -4.622488 -0.112493
vt -6.688510 0.071059
vt -6.660588 0.071058
vt -6.660588 0.077272
vt -6.759166 0.077272
vt -6.759166 0.022601
vt -6.688509 0.022601
vt -7.354171 -2.753140
vt -7.354172 -2.698984
vt -7.578016 -2.698985
vt -7.578016 -2.726085
vt -7.401461 -2.726085
vt -7.401461 -2.752745
vt -6.129854 0.930496
vt -5.507730 0.930496
vt -5.507730 0.985167
vt -6.129854 0.985167
vt -7.354170 -2.838717
vt -7.578016 -2.837200
vt -7.578016 -2.891872
vt -7.384179 -2.891872
vt -7.384175 -2.840230
vt -5.366034 -0.667411
vt -5.366035 -0.722082
vt -4.515814 -0.722082
vt -4.515814 -0.667411
vt -6.092478 -0.773537
vt -6.092476 -1.205728
vt -5.434559 -1.205729
vt -5.434557 -0.773537
vt -8.812131 6.271625
vt -8.277465 6.271626
vt -8.277463 6.394347
vt -8.812131 6.394349
vt -8.202076 6.271055
vt -7.667408 6.271056
vt -7.667408 6.314898
vt -8.208942 6.314898
vt -8.208943 6.289046
vt -8.202075 6.289043
vt -5.614488 1.774803
vt -5.607619 1.774803
vt -5.607617 1.800657
vt -6.149154 1.800658
vt -6.149154 1.438769
vt -5.614486 1.438769
vt -6.300735 -5.575797
vt -6.300735 -5.934793
vt -6.247907 -5.934793
vt -6.247904 -5.492485
vt -7.011856 -5.492491
vt -7.011856 -5.575800
vt -7.688207 3.894506
vt -7.611745 3.894506
vt -7.611745 3.925958
vt -8.165953 3.925959
vt -8.165949 3.899983
vt -7.688208 3.899984
vt -6.737052 -0.084940
vt -6.764970 -0.084939
vt -6.764973 -0.110913
vt -6.660588 -0.110914
vt -6.660587 -0.079459
vt -6.737053 -0.079458
vt -6.247905 -5.366611
vt -7.011854 -5.366611
vt -7.011858 -5.398070
vt -6.247906 -5.398068
vt -7.611750 4.075201
vt -8.165955 4.075201
vt -8.165955 4.028018
vt -7.611749 4.028020
vt -6.290401 -4.924036
vt -6.290400 -4.822249
vt -7.054351 -4.822249
vt -7.054351 -5.264556
vt -6.894941 -5.264554
vt -6.894942 -5.242081
vt -6.998425 -5.242081
vt -6.998424 -4.880191
vt -6.340505 -4.880193
vt -6.340506 -4.924036
vt -8.743942 7.089503
vt -8.743943 7.094986
vt -8.797796 7.094986
vt -8.797800 7.089504
vt -7.186951 -5.699748
vt -7.144529 -5.699430
vt -7.080378 -5.696527
vt -7.239782 -5.694270
vt -7.239783 -5.741452
vt -7.186951 -5.741450
vt -7.054350 -4.730495
vt -6.290400 -4.730496
vt -6.290400 -4.683318
vt -7.054351 -4.683316
vt -5.575075 1.145383
vt -6.197199 1.145383
vt -6.197199 1.090713
vt -5.575074 1.090712
vt -7.572146 -3.447947
vt -7.572146 -3.470389
vt -7.354172 -3.470389
vt -7.354170 -3.447947
vt -8.609232 7.499542
vt -8.609232 7.521826
vt -8.616098 7.521826
vt -8.616100 7.499383
vt -8.547598 7.499462
vt -7.080378 -5.827839
vt -7.222924 -5.825515
vt -7.222919 -5.880184
vt -7.110382 -5.882587
vt -7.110383 -5.830165
vt -5.163638 -1.967283
vt -5.163638 -2.021954
vt -4.313419 -2.021953
vt -4.313419 -1.967282
vt -6.353420 -4.596983
vt -6.300591 -4.596985
vt -6.300591 -4.154680
vt -7.064541 -4.154679
vt -7.064540 -4.239069
vt -7.014436 -4.239071
vt -7.014433 -4.213214
vt -6.356517 -4.213216
vt -6.354967 -4.239070
vt -7.689565 4.161533
vt -7.611748 4.161533
vt -7.611749 4.192989
vt -8.165951 4.192987
vt -8.165953 4.167015
vt -7.689565 4.167016
vt -6.738407 -0.218454
vt -6.766325 -0.218455
vt -6.766327 -0.244428
vt -6.660583 -0.244428
vt -6.660583 -0.212973
vt -6.738407 -0.212972
vt -6.432107 -4.031474
vt -7.196055 -4.031474
vt -7.196054 -4.062928
vt -6.432107 -4.062930
vt -7.611745 4.342229
vt -8.165953 4.342227
vt -8.165955 4.295049
vt -7.611745 4.295048
vt -7.196056 -3.487109
vt -7.196057 -3.929416
vt -6.432107 -3.929413
vt -6.432106 -3.487108
vt -7.717488 4.428563
vt -7.611745 4.428561
vt -7.611749 4.475743
vt -8.165956 4.475743
vt -8.165955 4.470263
vt -7.717488 4.470263
vt -7.232818 -3.353657
vt -7.191051 -3.352366
vt -6.701353 -3.352366
vt -6.521698 -3.353659
vt -6.521697 -3.348177
vt -7.285647 -3.348178
vt -7.285650 -3.395360
vt -7.232821 -3.395360
vt -7.285645 -3.261843
vt -6.521699 -3.261844
vt -6.521700 -3.214662
vt -7.285649 -3.214663
vt -5.327057 -0.895353
vt -5.327056 -0.833246
vt -4.563107 -0.833246
vt -4.563107 -0.895352
vt -4.547891 -0.895352
vt -4.547893 -1.302652
vt -4.515818 -1.302653
vt -4.515819 -0.806143
vt -5.366035 -0.806143
vt -5.366035 -0.895352
vt -5.575076 1.305599
vt -6.197199 1.305600
vt -6.197199 1.250929
vt -5.575075 1.250929
vt -7.572804 -3.342527
vt -7.572804 -3.363887
vt -7.354171 -3.363886
vt -7.354170 -3.342527
vt -9.032043 6.146188
vt -9.032043 6.151670
vt -9.058805 6.151670
vt -9.058806 6.146188
vt -7.321449 -5.884787
vt -7.291444 -5.881639
vt -7.433331 -5.880123
vt -7.433331 -5.934793
vt -7.401261 -5.934797
vt -7.401258 -5.885604
vt -5.291987 -2.106014
vt -5.291989 -2.160685
vt -4.441770 -2.160686
vt -4.441770 -2.106015
vt -6.686594 0.368276
vt -6.764580 0.368745
vt -6.764581 0.343034
vt -6.666227 0.343034
vt -6.666227 0.374488
vt -6.686594 0.374488
vt -8.206888 6.500842
vt -8.208944 6.404568
vt -7.667407 6.404570
vt -7.667411 6.520176
vt -8.204837 6.520174
vt -7.354172 -3.258469
vt -7.354172 -3.252988
vt -7.572803 -3.254502
vt -7.542797 -3.257650
vt -8.748693 6.890285
vt -8.801519 6.890285
vt -8.801521 6.864314
vt -8.748692 6.864311
vt -8.812128 6.478408
vt -8.277463 6.478409
vt -8.277461 6.560996
vt -8.812131 6.560999
vt 1.937392 3.629449
vt 1.937392 3.577026
vt 2.125362 3.579430
vt 2.125363 3.634100
vt 1.907386 3.631775
vt -7.264583 -3.559930
vt -7.264579 -3.554446
vt -7.468460 -3.556706
vt -7.443582 -3.559608
vt -8.801521 6.780252
vt -8.801525 6.754279
vt -8.748693 6.754277
vt -8.748693 6.780253
vt -7.499582 -4.917670
vt -7.469576 -4.919183
vt -7.469576 -4.970823
vt -7.362906 -4.970825
vt -7.362907 -4.916153
vt -6.725701 0.501789
vt -6.803040 0.502798
vt -6.803036 0.476548
vt -6.705342 0.476548
vt -6.705342 0.508003
vt -6.725701 0.508002
vt -7.447009 -5.399130
vt -7.417005 -5.401456
vt -7.417005 -5.451474
vt -7.309676 -5.451473
vt -7.309676 -5.396800
vt -7.285379 -5.251470
vt -7.221228 -5.253728
vt -7.221224 -5.296389
vt -7.122872 -5.296391
vt -7.122873 -5.249208
vt 1.063810 -3.425803
vt 1.098422 -3.424703
vt 1.098422 -2.997992
vt 1.070260 -2.995734
vt -2.323180 -2.993476
vt -2.323181 -3.425387
vt -2.285451 -3.426148
vt 1.868700 5.682309
vt -5.172865 5.683407
vt -5.172863 5.254498
vt -5.144704 5.252239
vt 1.875151 5.252239
vt 1.903311 5.254499
vt 1.903311 5.681209
vt 1.847385 5.052575
vt -5.198323 5.052575
vt -5.193186 4.661754
vt 1.847386 4.661753
vt 1.828385 5.167841
vt -5.157710 5.168180
vt -5.157709 5.141533
vt -5.189400 5.139085
vt 1.856306 5.136635
vt 1.856306 5.167505
vt 1.819468 4.327486
vt 1.847387 4.327821
vt 1.847389 4.358696
vt -5.193187 4.356244
vt -5.166631 4.353798
vt -5.165719 4.328085
vt -2.058190 4.327150
vt -2.058190 4.358593
vt -1.502483 4.358593
vt -1.502483 4.327151
vt -5.227382 3.487113
vt 1.790529 3.487115
vt 1.792474 3.506971
vt -5.227380 3.506971
vt 1.792473 3.402410
vt -5.225437 3.403054
vt -5.225437 3.360389
vt -5.191477 3.358063
vt 1.760461 3.358063
vt 1.788580 3.360389
vt 1.094528 -3.650118
vt 1.066409 -3.647792
vt -2.255344 -3.645467
vt -2.255343 -3.692502
vt -2.293075 -3.692643
vt 1.098421 -3.692138
vt 1.726707 3.027108
vt -5.259338 3.027106
vt -5.259339 3.003160
vt 1.726755 3.003159
vt -5.225183 2.457498
vt 1.726756 2.457499
vt 1.726755 2.481446
vt -5.225183 2.481447
vt 1.726757 2.866677
vt 1.726608 2.919100
vt -5.225331 2.919100
vt -5.225333 2.869081
vt -5.259290 2.866677
vt 1.847386 4.577694
vt -5.194180 4.577693
vt -5.194180 4.558359
vt 1.847386 4.558358
vt 1.819468 4.473153
vt -5.166760 4.474300
vt -5.166761 4.446034
vt -5.194178 4.444395
vt 1.847388 4.442756
vt 1.847387 4.472008
vt 1.070501 -3.807101
vt 1.098422 -3.805952
vt 1.098421 -3.776702
vt -2.250839 -3.776702
vt -2.250839 -3.806636
vt -2.218952 -3.807444
vt -5.182483 3.722408
vt 1.838862 3.722408
vt 1.838862 4.113229
vt -5.182482 4.113229
vt 1.840192 4.240505
vt 1.847388 4.241796
vt -5.173956 4.243090
vt -5.173958 4.198805
vt -5.139999 4.197289
vt 1.813429 4.197289
vt 1.840192 4.198806
vt 1.831670 3.635315
vt 1.804905 3.636833
vt -1.517591 3.638347
vt -1.517590 3.592932
vt -2.073298 3.592933
vt -2.073296 3.638347
vt -5.148521 3.636832
vt -5.182480 3.635315
vt -5.182480 3.591031
vt 1.838863 3.592323
vt 1.831669 3.593615
vt 1.098418 -4.520183
vt -2.191035 -4.520183
vt -2.191033 -4.544129
vt 1.098419 -4.544131
vt -5.226672 2.565506
vt 1.726370 2.565506
vt 1.726757 2.589453
vt -5.226672 2.589453
vt 1.756762 3.272369
vt -5.196280 3.274002
vt -5.196280 3.222363
vt -5.230236 3.220769
vt 1.755991 3.219176
vt 1.097649 -4.135295
vt -2.191803 -4.135295
vt -2.191801 -4.188355
vt -2.223689 -4.189238
vt 1.098421 -4.188486
vt 1.098418 -3.891503
vt -2.250839 -3.891505
vt -2.250839 -3.943225
vt 1.098417 -3.943225
vt 1.726755 2.782616
vt -1.595194 2.782616
vt -1.595194 2.758670
vt -1.563308 2.758670
vt 1.726707 2.758670
vt -2.224076 -4.051235
vt 1.098420 -4.051234
vt 1.098034 -4.027286
vt -2.224076 -4.027287
vt 1.726756 3.135114
vt -5.259470 3.135115
vt -5.259471 3.111168
vt 1.726755 3.111167
vt -5.469729 0.076006
vt -5.469729 0.130677
vt -6.095257 0.130677
vt -6.095255 0.076006
vt -6.816987 -1.177760
vt -6.816988 -1.232431
vt -6.710288 -1.232431
vt -6.710288 -1.177761
vt -6.710288 -1.392649
vt -6.710289 -1.337978
vt -6.816990 -1.337978
vt -6.816989 -1.392649
vt -2.188834 2.758670
vt -2.188833 2.673514
vt -1.563307 2.673513
vt -1.563308 2.758670
vt -1.595194 2.758670
vt -1.595194 2.697460
vt -2.150902 2.697460
vt -2.150901 2.758670
vt -8.159929 2.553143
vt -8.715634 2.553141
vt -8.715635 2.505960
vt -8.159929 2.505960
vt -6.764286 -1.025032
vt -6.764286 -1.072070
vt -6.734285 -1.072141
vt -6.657591 -1.072214
vt -6.657588 -1.025033
vt -6.687593 -0.938627
vt -6.657590 -0.938556
vt -6.657589 -0.891519
vt -6.764286 -0.891519
vt -6.764287 -0.938700
vt -8.715634 2.639474
vt -8.159929 2.639474
vt -8.159929 2.670930
vt -8.715634 2.670928
vt -6.734286 -0.773738
vt -6.764286 -0.773744
vt -6.764286 -0.805187
vt -6.657590 -0.805188
vt -6.657591 -0.773732
vt -6.657588 -0.671672
vt -6.657587 -0.640230
vt -6.687591 -0.640225
vt -6.764285 -0.640219
vt -6.764285 -0.671672
vt -8.158442 2.217277
vt -8.714149 2.217277
vt -8.714150 2.132122
vt -8.158443 2.132121
vt -5.469730 0.236223
vt -5.469731 0.290893
vt -6.095257 0.290894
vt -6.095257 0.236223
vt -7.495027 -5.290450
vt -7.358322 -5.291258
vt -7.358322 -5.236588
vt -7.465024 -5.236588
vt -7.465021 -5.289648
vt -5.501618 0.396439
vt -5.469730 0.396439
vt -5.469732 0.481595
vt -6.095257 0.481596
vt -6.095257 0.396440
vt -6.057324 0.396440
vt -6.057326 0.457649
vt -5.501619 0.457649
vt -7.359238 -5.130234
vt -7.389247 -5.129434
vt -7.389245 -5.076370
vt -7.495944 -5.076370
vt -7.495943 -5.131040
vt -6.057325 -0.028514
vt -6.095259 -0.028513
vt -6.095258 -0.137615
vt -5.469732 -0.137615
vt -5.469731 -0.028514
vt -5.501619 -0.028513
vt -5.501618 -0.113670
vt -6.057328 -0.113670
vt -8.159928 2.820170
vt -8.715635 2.820169
vt -8.715634 2.772989
vt -8.159929 2.772988
vt -6.681247 -1.612494
vt -6.681247 -1.657910
vt -6.651241 -1.658792
vt -6.574546 -1.659676
vt -6.574548 -1.612495
vt -8.715634 2.906501
vt -8.159929 2.906502
vt -8.159929 2.991658
vt -8.715638 2.991659
vt -6.604552 -1.525279
vt -6.574546 -1.524397
vt -6.574548 -1.478982
vt -6.681247 -1.478980
vt -6.681248 -1.526163
vt -8.715634 3.093425
vt -8.159929 3.093422
vt -8.159929 3.124878
vt -8.715635 3.124878
vt -7.229573 -4.746054
vt -7.294381 -4.746812
vt -7.122875 -4.747573
vt -7.122872 -4.716118
vt -7.229575 -4.716118
vt -7.122873 -4.862327
vt -7.187682 -4.861568
vt -7.187682 -4.831633
vt -7.294382 -4.831632
vt -7.294382 -4.863087
vt -8.680603 2.028676
vt -8.714151 2.028675
vt -8.714155 1.891796
vt -8.158443 1.891795
vt -8.158442 2.028674
vt -8.196176 2.028675
vt -8.196176 1.943519
vt -8.680603 1.943518
vt -7.385792 6.758960
vt -7.385966 6.810160
vt -7.927151 6.810160
vt -7.927148 6.725001
vt -7.385617 6.725002
vt -7.385792 6.963121
vt -7.385614 6.997077
vt -7.927152 6.997080
vt -7.927151 6.911921
vt -7.385967 6.911923
vt -7.937541 7.711720
vt -8.479073 7.711723
vt -8.479076 7.325110
vt -7.937545 7.325110
vt -6.133255 0.668515
vt -6.133255 0.583359
vt -6.095325 0.583358
vt -6.095323 0.644568
vt -5.539616 0.644567
vt -5.539615 0.583358
vt -5.507730 0.583358
vt -5.507730 0.668514
vt -7.314688 -3.643988
vt -7.314688 -3.664494
vt -7.468459 -3.664493
vt -7.468462 -3.686969
vt -7.264583 -3.686969
vt -7.264581 -3.643988
vt -8.812131 6.187566
vt -8.812126 6.167059
vt -8.277463 6.167058
vt -8.277465 6.187566
vt -7.264581 -3.947513
vt -7.264581 -3.902271
vt -7.465363 -3.902270
vt -7.465363 -3.924744
vt -7.320506 -3.924745
vt -7.320503 -3.947045
vt -7.897111 6.636181
vt -7.897111 6.618191
vt -7.363362 6.618190
vt -7.363362 6.640491
vt -7.904897 6.638334
vt -7.285650 -3.076361
vt -7.285650 -3.128332
vt -6.521698 -3.128330
vt -6.521699 -2.686025
vt -6.619394 -2.686024
vt -6.619398 -2.707109
vt -6.609769 -2.707467
vt -6.571808 -2.707906
vt -6.571805 -3.069794
vt -6.604264 -3.070228
vt -4.703622 1.237427
vt -4.703621 1.185460
vt -5.467575 1.185460
vt -5.467573 1.627766
vt -5.369874 1.627766
vt -5.369875 1.654867
vt -5.506552 1.654867
vt -5.506552 1.158359
vt -4.656332 1.158358
vt -4.656332 1.237032
vt -9.063670 6.258017
vt -9.063670 6.235733
vt -9.032042 6.235733
vt -9.032042 6.262393
vt -9.071454 6.260203
vt -7.411132 -4.060862
vt -7.264584 -4.058674
vt -7.264581 -4.031573
vt -7.458420 -4.031573
vt -7.458419 -4.063443
vt -8.599625 7.201234
vt -8.599625 7.233104
vt -8.668127 7.233104
vt -8.668127 7.178952
vt -8.660343 7.178953
vt -8.660345 7.201236
vt -7.256279 -2.542412
vt -7.256281 -2.594275
vt -6.492329 -2.594275
vt -6.492330 -2.151970
vt -6.590683 -2.151969
vt -6.590682 -2.173164
vt -6.580410 -2.173079
vt -6.574895 -2.536711
vt -7.437180 -4.636124
vt -7.377485 -4.636124
vt -7.377486 -4.629912
vt -7.502166 -4.629913
vt -7.502162 -4.677092
vt -7.437181 -4.677092
vt -4.636276 0.656752
vt -4.636276 0.604891
vt -5.400227 0.604891
vt -5.400228 1.047196
vt -5.301872 1.047196
vt -5.301872 1.074297
vt -5.439206 1.074298
vt -5.439209 0.577789
vt -4.588987 0.577788
vt -4.588987 0.656358
vt -5.401208 0.053503
vt -5.401210 -0.002782
vt -4.550990 -0.002781
vt -4.550991 0.493728
vt -4.658317 0.493729
vt -4.658315 0.467967
vt -4.610338 0.467498
vt -4.589969 0.466626
vt -4.589969 0.024321
vt -5.353918 0.024322
vt -5.353920 0.053898
vt -8.709155 7.711720
vt -8.746218 7.711723
vt -8.746216 7.680271
vt -8.681236 7.680271
vt -8.681236 7.705511
vt -8.709157 7.705508
vt -6.666225 0.231275
vt -6.666227 0.237488
vt -6.764671 0.237488
vt -6.764671 0.182817
vt -6.694150 0.182818
vt -6.694149 0.231275
vt -7.467293 -4.810608
vt -7.362906 -4.810606
vt -7.362906 -4.763425
vt -7.490445 -4.763425
vt -7.490445 -4.768906
vt -7.467291 -4.768904
vt -5.573587 -2.355158
vt -5.573587 -2.244747
vt -6.423807 -2.244747
vt -6.423805 -2.741254
vt -6.281260 -2.741255
vt -6.281261 -2.718816
vt -6.323687 -2.716484
vt -6.376516 -2.714154
vt -6.376516 -2.271850
vt -5.612566 -2.271849
vt -5.612566 -2.355158
vt -4.412151 -1.883065
vt -4.492613 -1.883104
vt -4.380075 -1.883222
vt -4.380076 -1.386713
vt -5.230293 -1.386712
vt -5.230293 -1.474842
vt -5.191314 -1.474842
vt -5.191314 -1.413815
vt -4.427365 -1.413814
vt -4.427364 -1.474842
vt -4.412150 -1.474843
vt -7.420102 -5.611690
vt -7.309676 -5.611690
vt -7.309679 -5.557021
vt -7.448025 -5.557021
vt -7.448023 -5.562499
vt -7.420102 -5.562499
vt -5.602957 -2.936812
vt -5.602957 -2.825316
vt -6.453176 -2.825316
vt -6.453175 -3.321823
vt -6.311287 -3.321825
vt -6.311289 -3.300467
vt -6.353057 -3.300466
vt -6.353055 -3.294724
vt -6.405887 -3.294725
vt -6.405883 -2.852417
vt -5.641936 -2.852420
vt -5.641935 -2.936810
vt -7.420090 -5.771911
vt -7.308307 -5.771908
vt -7.308311 -5.717237
vt -7.448008 -5.717238
vt -7.448005 -5.722717
vt -7.420087 -5.722718
vt -2.191593 -4.273299
vt -2.191591 -4.327970
vt -2.223479 -4.328043
vt 1.098272 -4.328113
vt 1.098422 -4.275691
vt -2.330531 -4.114923
vt -5.399357 -4.117316
vt -5.367080 -4.119719
vt -5.367080 -4.169740
vt -2.292598 -4.169666
vt -2.330530 -4.169595
vt 3.507462 -2.480902
vt 4.888148 -2.480901
vt 4.888149 -2.394543
vt 3.507462 -2.394545
vt 3.507462 -2.480902
vt 3.536177 -2.517923
vt 4.894729 -2.517923
vt 4.888148 -2.480901
vt -1.037112 -2.334630
vt -1.037111 -2.258242
vt -2.395663 -2.258242
vt -2.395664 -2.334630
vt -2.395661 -2.579135
vt -2.395661 -2.639631
vt -1.037110 -2.639632
vt -1.037110 -2.579135
vt 3.600352 -2.248619
vt 4.958905 -2.248619
vt 4.958905 -2.172233
vt 3.600353 -2.172233
vt 3.600352 -2.248619
vt 3.599459 -2.300543
vt 4.958701 -2.300544
vt 4.958905 -2.248619
vt -0.909845 -1.577031
vt -0.909845 -1.510061
vt -2.269086 -1.510061
vt -2.269085 -1.577030
vt -6.687232 3.373456
vt -6.687234 2.692880
vt -5.327996 2.692880
vt -5.327994 3.373457
vt -6.655147 3.467261
vt -5.295906 3.467261
vt -5.295906 3.534232
vt -6.655147 3.534232
vt 4.958905 -2.010534
vt 4.958699 -1.958611
vt 3.599458 -1.958611
vt 3.600355 -2.010534
vt 4.958905 -2.086920
vt 4.958905 -2.010534
vt 3.600355 -2.010534
vt 3.600354 -2.086921
vt -1.037111 -2.784189
vt -1.037110 -2.723692
vt -2.395661 -2.723693
vt -2.395661 -2.784187
vt -2.267310 -2.013735
vt -0.908760 -2.013735
vt -0.908761 -1.937348
vt -2.267310 -1.937348
vt 4.888149 -4.937869
vt 4.894729 -4.900847
vt 3.536178 -4.900847
vt 3.507460 -4.937869
vt 4.888148 -5.024230
vt 4.888149 -4.937869
vt 3.507460 -4.937869
vt 3.507461 -5.024231
vt -0.943554 -1.279596
vt -0.943554 -1.217252
vt -2.324240 -1.217252
vt -2.324241 -1.279596
vt 3.507460 -5.207259
vt 4.888149 -5.207258
vt 4.888149 -5.120896
vt 3.507462 -5.120900
vt 3.507460 -5.207259
vt 3.536177 -5.244279
vt 4.894728 -5.244278
vt 4.888149 -5.207258
vt -1.037111 -2.495075
vt -1.037112 -2.418689
vt -2.395663 -2.418689
vt -2.395663 -2.495075
vt -0.908760 -1.853288
vt -0.908760 -1.812121
vt -2.267311 -1.812121
vt -2.267312 -1.853288
vt 3.600353 -0.695719
vt 4.958903 -0.695719
vt 4.958905 -0.619333
vt 3.600352 -0.619333
vt 3.600353 -0.695719
vt 3.599459 -0.747643
vt 4.958701 -0.747645
vt 4.958903 -0.695719
vt 3.599459 -0.747643
vt 3.599459 -1.210931
vt 4.958701 -1.210931
vt 4.958701 -0.747645
vt 4.958905 -1.262856
vt 4.958701 -1.210931
vt 3.599459 -1.210931
vt 3.600353 -1.262856
vt -3.385312 6.954959
vt -3.385311 6.913791
vt -2.026762 6.913793
vt -2.026760 6.954959
vt -2.077318 6.034955
vt -2.070737 6.071975
vt -3.429290 6.071977
vt -3.458004 6.034955
vt -3.458006 5.829815
vt -3.458006 5.767469
vt -2.077317 5.767469
vt -2.077317 5.829815
vt -3.458005 5.950895
vt -3.429288 5.913876
vt -2.070737 5.913875
vt -2.077319 5.950893
vt -3.469226 6.216532
vt -3.469225 6.156037
vt -2.110674 6.156037
vt -2.110674 6.216531
vt -0.260130 -5.356812
vt -0.261026 -5.408740
vt 1.098216 -5.408738
vt 1.098421 -5.356812
vt -5.251003 3.627478
vt -5.251003 3.694448
vt -6.610245 3.694448
vt -6.610243 3.627477
vt -6.621941 4.468272
vt -6.621941 3.787695
vt -5.262701 3.787695
vt -5.262701 4.468270
vt -2.269085 -1.728060
vt -0.909844 -1.728060
vt -0.909844 -1.661091
vt -2.269086 -1.661090
vt 4.958903 0.392718
vt 4.958700 0.444642
vt 3.599459 0.444642
vt 3.600353 0.392718
vt -2.045616 6.769238
vt -2.045615 6.829732
vt -3.404167 6.829732
vt -3.404168 6.769238
vt 4.888147 -3.122079
vt 4.894729 -3.085060
vt 3.536178 -3.085060
vt 3.507460 -3.122080
vt 5.351024 7.259060
vt 5.351025 7.321404
vt 3.970340 7.321404
vt 3.970340 7.259060
vt 3.507461 -3.388798
vt 3.536178 -3.425818
vt 4.894729 -3.425820
vt 4.888148 -3.388797
vt -2.045615 6.644010
vt -2.045615 6.685179
vt -3.404167 6.685179
vt -3.404168 6.644011
vt 3.600354 0.132066
vt 3.599458 0.080142
vt 4.958700 0.080142
vt 4.958905 0.132066
vt 3.599458 0.080142
vt 3.599459 -0.383145
vt 4.958699 -0.383145
vt 4.958700 0.080142
vt 4.958904 -0.435070
vt 4.958699 -0.383145
vt 3.599459 -0.383145
vt 3.600354 -0.435069
vt 4.958905 -0.511456
vt 4.958904 -0.435070
vt 3.600354 -0.435069
vt 3.600353 -0.511456
vt -2.395662 -2.868249
vt -2.395662 -2.909415
vt -1.037111 -2.909416
vt -1.037109 -2.868248
vt -2.267310 -2.174181
vt -0.908761 -2.174181
vt -0.908760 -2.097795
vt -2.267310 -2.097795
vt 4.888149 -4.029973
vt 4.894730 -3.992954
vt 3.536179 -3.992954
vt 3.507461 -4.029975
vt 4.888149 -4.116334
vt 4.888149 -4.029973
vt 3.507461 -4.029975
vt 3.507459 -4.116334
vt -2.324241 -1.426001
vt -0.943554 -1.426001
vt -0.943554 -1.363655
vt -2.324241 -1.363656
vt 4.888148 -2.480901
vt 5.713338 -2.480901
vt 5.713340 -2.394543
vt 4.888149 -2.394543
vt 4.888148 -2.480901
vt 4.894729 -2.517923
vt 5.706689 -2.517922
vt 5.713338 -2.480901
vt -0.225149 -2.334629
vt -0.225148 -2.258242
vt -1.037111 -2.258242
vt -1.037112 -2.334630
vt -1.037110 -2.579135
vt -1.037110 -2.639632
vt -0.225148 -2.639632
vt -0.225149 -2.579136
vt 4.958905 -2.248619
vt 5.770867 -2.248619
vt 5.770865 -2.172232
vt 4.958905 -2.172233
vt 4.958905 -2.248619
vt 4.958701 -2.300544
vt 5.771075 -2.300544
vt 5.770867 -2.248619
vt -0.097469 -1.577031
vt -0.097469 -1.510060
vt -0.909845 -1.510061
vt -0.909845 -1.577031
vt 5.770867 -2.086920
vt 5.770867 -2.010535
vt 4.958905 -2.010534
vt 4.958905 -2.086920
vt -0.225148 -2.784188
vt -0.225149 -2.723693
vt -1.037110 -2.723692
vt -1.037111 -2.784189
vt -0.908760 -2.013735
vt -0.096799 -2.013735
vt -0.096798 -1.937347
vt -0.908761 -1.937348
vt 5.713338 -4.937867
vt 5.706693 -4.900847
vt 4.894729 -4.900847
vt 4.888149 -4.937869
vt 5.713337 -5.024230
vt 5.713338 -4.937867
vt 4.888149 -4.937869
vt 4.888148 -5.024230
vt -0.118362 -1.279596
vt -0.118363 -1.217252
vt -0.943554 -1.217252
vt -0.943554 -1.279596
vt 4.888149 -5.207258
vt 5.713338 -5.207258
vt 5.713338 -5.120898
vt 4.888149 -5.120896
vt 4.888149 -5.207258
vt 4.894728 -5.244278
vt 5.706688 -5.244278
vt 5.713338 -5.207258
vt -0.225148 -2.495075
vt -0.225149 -2.418689
vt -1.037112 -2.418689
vt -1.037111 -2.495075
vt -0.096798 -1.853288
vt -0.096799 -1.812121
vt -0.908760 -1.812121
vt -0.908760 -1.853288
vt 4.958903 -0.695719
vt 5.770867 -0.695720
vt 5.770867 -0.619333
vt 4.958905 -0.619333
vt 4.958903 -0.695719
vt 4.958701 -0.747645
vt 5.771073 -0.747644
vt 5.770867 -0.695720
vt 4.958701 -0.747645
vt 4.958701 -1.210931
vt 5.771074 -1.210931
vt 5.771073 -0.747644
vt 5.770865 -1.262856
vt 5.771074 -1.210931
vt 4.958701 -1.210931
vt 4.958905 -1.262856
vt -2.026760 6.954959
vt -2.026762 6.913793
vt -1.214798 6.913794
vt -1.214799 6.954959
vt -1.252129 6.034955
vt -1.258776 6.071977
vt -2.070737 6.071975
vt -2.077318 6.034955
vt -2.077317 5.829815
vt -2.077317 5.767469
vt -1.252129 5.767471
vt -1.252128 5.829817
vt -2.077319 5.950893
vt -2.070737 5.913875
vt -1.258776 5.913877
vt -1.252129 5.950893
vt -2.110674 6.216531
vt -2.110674 6.156037
vt -1.298711 6.156035
vt -1.298711 6.216531
vt -0.909844 -1.728060
vt -0.097469 -1.728060
vt -0.097469 -1.661091
vt -0.909844 -1.661091
vt 5.770864 0.392718
vt 5.771074 0.444641
vt 4.958700 0.444642
vt 4.958903 0.392718
vt -1.233653 6.769238
vt -1.233652 6.829732
vt -2.045615 6.829732
vt -2.045616 6.769238
vt 5.713339 -3.122080
vt 5.706690 -3.085058
vt 4.894729 -3.085060
vt 4.888147 -3.122079
vt 6.176216 7.259060
vt 6.176218 7.321403
vt 5.351025 7.321404
vt 5.351024 7.259060
vt 4.888148 -3.388797
vt 4.894729 -3.425820
vt 5.706691 -3.425818
vt 5.713339 -3.388797
vt -1.233651 6.644010
vt -1.233652 6.685176
vt -2.045615 6.685179
vt -2.045615 6.644010
vt 4.958905 0.132066
vt 4.958700 0.080142
vt 5.771075 0.080142
vt 5.770867 0.132066
vt 4.958700 0.080142
vt 4.958699 -0.383145
vt 5.771075 -0.383146
vt 5.771075 0.080142
vt 5.770867 -0.435070
vt 5.771075 -0.383146
vt 4.958699 -0.383145
vt 4.958904 -0.435070
vt 5.770867 -0.511457
vt 5.770867 -0.435070
vt 4.958904 -0.435070
vt 4.958905 -0.511456
vt -1.037109 -2.868248
vt -1.037111 -2.909416
vt -0.225149 -2.909416
vt -0.225149 -2.868249
vt -0.908761 -2.174181
vt -0.096799 -2.174181
vt -0.096799 -2.097795
vt -0.908760 -2.097795
vt 5.713339 -4.029973
vt 5.706691 -3.992954
vt 4.894730 -3.992954
vt 4.888149 -4.029973
vt 5.713339 -4.116335
vt 5.713339 -4.029973
vt 4.888149 -4.029973
vt 4.888149 -4.116334
vt -0.943554 -1.363655
vt -0.943554 -1.426001
vt -0.118364 -1.426001
vt -0.118364 -1.363657
vt -8.091411 2.558947
vt -7.238646 2.558946
vt -7.238645 3.156174
vt -8.091409 3.156174
vt 5.770867 -1.443397
vt 4.958905 -1.443398
vt 4.958905 -2.010534
vt 5.770867 -2.010535
vt -7.237156 2.474888
vt -8.089918 2.474887
vt -8.089918 1.877659
vt -7.237160 1.877658
vt -6.363585 -4.003115
vt -5.551210 -4.003114
vt -5.551211 -3.405888
vt -6.363585 -3.405885
vt 0.419070 0.623998
vt 0.413763 0.624026
vt 0.407799 0.624047
vt 0.402029 0.624074
vt 0.395908 0.624095
vt 0.390427 0.624117
vt 0.383113 0.624143
vt 0.376885 0.624169
vt 0.370459 0.624192
vt 0.363928 0.624240
vt 0.356899 0.624269
vt 0.351380 0.624288
vt 0.346399 0.624337
vt 0.339862 0.624385
vt 0.339862 0.541376
vt 0.419070 0.620113
vt -2.366831 -0.386654
vt -2.366832 -1.037968
vt -2.057222 -1.037968
vt -2.057221 -0.386654
vt 0.286498 0.545648
vt 0.207289 0.624385
vt 0.207289 0.541376
vt 0.213827 0.541425
vt 0.218808 0.541473
vt 0.224326 0.541493
vt 0.231355 0.541521
vt 0.237886 0.541570
vt 0.244313 0.541592
vt 0.250540 0.541618
vt 0.257855 0.541645
vt 0.263336 0.541666
vt 0.269456 0.541687
vt 0.275226 0.541715
vt 0.281190 0.541735
vt 0.286498 0.541763
vt 4.912025 4.109768
vt 4.912023 -1.188554
vt 5.038693 -1.178290
vt 5.038693 4.114141
vt -1.628849 4.114141
vt -1.628849 -0.458883
vt -1.502181 -0.458883
vt -1.502181 4.114141
vt 3.954619 4.114141
vt 3.954619 -1.184180
vt 4.081286 -1.188553
vt 4.081287 4.103879
vt -2.104209 -0.366995
vt -2.104209 3.282529
vt -2.205298 3.282529
vt -2.205298 -0.366995
vt -4.462421 0.457983
vt -5.555995 -1.291231
vt 1.992436 -1.291236
vt 0.898866 0.457982
vt 8.434517 0.510950
vt 7.103238 2.643834
vt 0.576584 2.643833
vt -0.754698 0.510950
vt 0.898690 3.143270
vt -5.433934 3.143271
vt -6.400474 1.195538
vt 1.865229 1.195537
vt -1.945734 -1.285670
vt -1.945734 -1.212629
vt -3.530204 -1.212629
vt -3.530204 -4.975770
vt -0.026660 -4.975770
vt -0.026661 -1.212629
vt -1.600891 -1.212629
vt -1.600891 -1.285670
vt -1.554305 1.166088
vt -2.112185 1.166088
vt -2.081187 2.704324
vt -4.344935 2.704324
vt -5.113894 1.107557
vt 1.462129 1.107557
vt 0.693171 2.704324
vt -1.585301 2.704324
vt 2.199270 3.282530
vt -1.450254 3.282530
vt -1.450254 -0.941121
vt 2.199270 -0.941121
vt 0.009586 -1.788347
vt 0.009586 -1.500242
vt -0.045235 -1.501425
vt -0.045235 -1.787163
vt 1.179746 -1.406354
vt 1.179746 -1.711662
vt 1.228744 -1.713813
vt 1.228744 -1.404205
vt 1.142347 -1.404204
vt 1.105017 -1.406355
vt 1.105017 -1.707363
vt 1.142347 -1.709512
vt 0.900719 -1.753672
vt 0.902355 -1.456971
vt 0.853394 -1.458853
vt 0.851783 -1.751253
vt 1.065549 -1.705212
vt 1.065549 -1.404204
vt 1.024190 -1.405087
vt 1.024190 -1.704329
vt -1.103976 -1.829675
vt -1.103975 -1.550172
vt -1.148674 -1.551079
vt -1.148674 -1.828769
vt -0.431999 -1.830744
vt -0.431999 -1.546939
vt -0.477871 -1.547871
vt -0.477871 -1.829814
vt 0.815958 -1.749377
vt 0.815958 -1.456971
vt 0.767791 -1.457985
vt 0.767791 -1.748365
vt -0.830434 -1.830895
vt -0.787187 -1.832115
vt -0.787186 -1.550172
vt -0.830434 -1.551392
vt 0.682888 -1.746214
vt 0.729562 -1.747352
vt 0.729561 -1.456972
vt 0.682888 -1.458109
vt 0.936069 -1.754947
vt 0.988752 -1.756214
vt 0.988752 -1.456971
vt 0.936069 -1.458240
vt -1.612758 -1.588291
vt -1.652538 -1.589535
vt -1.652538 -1.864738
vt -1.612758 -1.865981
vt -0.117890 -1.785013
vt -0.076811 -1.785980
vt -0.076811 -1.500241
vt -0.117891 -1.501208
vt 0.521665 0.822601
vt 0.517171 0.822601
vt 0.517171 0.822601
vt 0.521665 0.822601
vt 0.517171 0.932156
vt 0.521665 0.932156
vt 0.521665 0.932156
vt 0.517171 0.932156
vt 0.554332 0.932156
vt 0.562499 0.932156
vt 0.562499 0.932156
vt 0.554332 0.932156
vt -0.699558 -1.527279
vt -0.699558 -0.960781
vt -0.699558 -0.960781
vt -0.699558 -1.527279
vt 0.562499 0.822601
vt 0.554332 0.822601
vt 0.554332 0.822601
vt 0.562499 0.822601
vt 0.546165 0.822601
vt 0.546165 0.822601
vt 0.546165 0.932156
vt 0.546165 0.932156
vt 0.537998 0.822601
vt 0.529831 0.822601
vt 0.529831 0.822601
vt 0.537998 0.822601
vt 0.529831 0.932156
vt 0.537998 0.932156
vt 0.537998 0.932156
vt 0.529831 0.932156
vt 0.542814 0.822601
vt 0.542814 0.822601
vt 0.542814 0.932156
vt 0.542814 0.932156
vt 0.505331 0.822601
vt 0.501887 0.822601
vt 0.501887 0.822601
vt 0.505331 0.822601
vt 0.501887 0.932156
vt 0.505331 0.932156
vt 0.505331 0.932156
vt 0.501887 0.932156
vt 0.513498 0.822601
vt 0.509963 0.822601
vt 0.509963 0.822601
vt 0.513498 0.822601
vt 0.509963 0.932156
vt 0.513498 0.932156
vt 0.513498 0.932156
vt 0.509963 0.932156
vt 0.525983 0.822601
vt 0.525983 0.822601
vt 0.525983 0.932156
vt 0.525983 0.932156
vt 0.685122 0.962437
vt 0.685094 0.967744
vt 0.685094 0.967744
vt 0.685122 0.962437
vt 0.805052 0.960779
vt 0.805052 0.997497
vt 0.805052 0.997497
vt 0.805052 0.960779
vt 0.707930 0.974912
vt 0.702622 0.974940
vt 0.702622 0.974940
vt 0.707930 0.974912
vt -2.542046 2.629155
vt -2.236737 2.629154
vt -2.236736 3.282529
vt -2.542046 3.282530
vt 0.538300 0.628552
vt 0.531762 0.628601
vt 0.531762 0.541425
vt 0.538300 0.541376
vt -2.397050 2.609494
vt -2.706659 2.609494
vt -2.706659 1.956120
vt -2.397050 1.956120
vt 0.519197 0.541376
vt 0.525735 0.541425
vt 0.525735 0.628601
vt 0.519197 0.628552
vt 0.196281 0.541376
vt 0.201262 0.541425
vt 0.200562 0.622527
vt 0.195581 0.622478
vt -1.691475 -1.568631
vt -1.390468 -1.568631
vt -1.390467 -0.960781
vt -1.691474 -0.960781
vt 0.189554 0.622478
vt 0.184573 0.622527
vt 0.183873 0.541425
vt 0.188854 0.541376
vt -1.721694 -0.386654
vt -2.027002 -0.386654
vt -2.027002 -0.994504
vt -1.721695 -0.994504
vt -1.059240 -0.960781
vt -1.360248 -0.960781
vt -1.360248 -1.530512
vt -1.059240 -1.530512
vt 0.079375 0.541376
vt 0.084893 0.541396
vt 0.084655 0.617412
vt 0.079137 0.617392
vt -1.029020 -1.530512
vt -0.729778 -1.530512
vt -0.729778 -0.960781
vt -1.029020 -0.960781
vt 0.073109 0.617392
vt 0.067591 0.617412
vt 0.067353 0.541396
vt 0.072871 0.541376
vt 0.057289 0.690667
vt 0.050260 0.690696
vt 0.050016 0.621342
vt 0.057045 0.621313
vt 0.270252 -0.960781
vt -0.028990 -0.960781
vt -0.028990 -1.480580
vt 0.270252 -1.480580
vt 0.063663 0.621333
vt 0.070692 0.621362
vt 0.070448 0.690716
vt 0.063419 0.690687
vt -0.355916 -1.480581
vt -0.059210 -1.480581
vt -0.059210 -0.960781
vt -0.355916 -0.960781
vt 0.597179 -0.960781
vt 0.300472 -0.960781
vt 0.300609 -1.437486
vt 0.597310 -1.436510
vt 0.171150 0.626400
vt 0.177681 0.626448
vt 0.177174 0.690029
vt 0.170642 0.690004
vt 0.627661 -1.437312
vt 0.920067 -1.437312
vt 0.919929 -0.961744
vt 0.627529 -0.960781
vt 0.282771 0.691759
vt 0.276240 0.691807
vt 0.275950 0.628333
vt 0.282480 0.628306
vt 1.242693 -0.960781
vt 0.950288 -0.960781
vt 0.950287 -1.384544
vt 1.242694 -1.384544
vt 0.302921 0.628307
vt 0.309347 0.628329
vt 0.309183 0.684869
vt 0.302756 0.684847
vt 1.272913 -1.384544
vt 1.563292 -1.384544
vt 1.563292 -0.960781
vt 1.272913 -0.960781
vt 0.295944 0.684847
vt 0.289518 0.684869
vt 0.289353 0.628329
vt 0.295780 0.628306
vt 0.427855 0.682269
vt 0.421627 0.682295
vt 0.421467 0.632499
vt 0.427694 0.632473
vt 1.883892 -0.960781
vt 1.593512 -0.960781
vt 1.593512 -1.333995
vt 1.883892 -1.333995
vt 0.408225 0.628307
vt 0.414452 0.628332
vt 0.414292 0.678128
vt 0.408064 0.678102
vt 1.911165 -1.726868
vt 2.199270 -1.726867
vt 2.199270 -1.353654
vt 1.911165 -1.353654
vt 1.555133 -1.404204
vt 1.267027 -1.404205
vt 1.267027 -1.734932
vt 1.555133 -1.734932
vt 0.526885 0.632522
vt 0.534199 0.632548
vt 0.534090 0.676675
vt 0.526776 0.676649
vt 1.586183 -1.684383
vt 1.871922 -1.684383
vt 1.871922 -1.353654
vt 1.586183 -1.353654
vt 0.549517 0.723290
vt 0.542202 0.723317
vt 0.542093 0.679190
vt 0.549408 0.679163
vt 0.746788 0.956857
vt 0.741307 0.956879
vt 0.741222 0.918376
vt 0.746703 0.918354
vt 0.326375 -1.500242
vt 0.040636 -1.500241
vt 0.040636 -1.788819
vt 0.326375 -1.788819
vt 0.754710 0.918354
vt 0.760191 0.918376
vt 0.760105 0.956879
vt 0.754624 0.956857
vt 0.359360 -1.745724
vt 0.643164 -1.745724
vt 0.643164 -1.457147
vt 0.359359 -1.457146
vt -0.153608 -1.830744
vt -0.153608 -1.546939
vt -0.393664 -1.546939
vt -0.393664 -1.830744
vt 0.773826 0.960779
vt 0.779947 0.960800
vt 0.779908 0.992829
vt 0.773787 0.992808
vt -0.748852 -1.550171
vt -0.748851 -1.832116
vt -0.508796 -1.832116
vt -0.508796 -1.550172
vt 0.767760 0.992829
vt 0.761639 0.992850
vt 0.761600 0.960821
vt 0.767721 0.960800
vt 0.755573 0.987876
vt 0.749803 0.987903
vt 0.749776 0.960828
vt 0.755546 0.960800
vt -0.863983 -1.832115
vt -0.863984 -1.550171
vt -1.066911 -1.550172
vt -1.066912 -1.832115
vt 0.737978 0.961019
vt 0.743748 0.961046
vt 0.743721 0.988122
vt 0.737951 0.988094
vt -1.575694 -1.588292
vt -1.575693 -1.867795
vt -1.372766 -1.867795
vt -1.372766 -1.588292
vt -1.180773 -1.829675
vt -1.180773 -1.550171
vt -1.341739 -1.550171
vt -1.341739 -1.829675
vt 0.725960 0.961019
vt 0.731923 0.961039
vt 0.731918 0.982516
vt 0.725954 0.982496
vt -1.850521 -1.588291
vt -1.850521 -1.865982
vt -1.689556 -1.865982
vt -1.689555 -1.588291
vt 0.719927 0.982766
vt 0.713963 0.982786
vt 0.713957 0.961310
vt 0.719921 0.961289
vt 0.691219 0.962201
vt 0.696526 0.962229
vt 0.696457 0.975279
vt 0.691150 0.975251
vt -2.113753 -1.057627
vt -2.113753 -1.332831
vt -2.015945 -1.332831
vt -2.015944 -1.057628
vt 0.702554 0.961890
vt 0.707861 0.961862
vt -1.881548 -1.291855
vt -1.881548 -1.014164
vt -1.979358 -1.014165
vt -1.979357 -1.291855
vt -2.648204 2.691858
vt -2.404281 2.691859
vt -2.611218 3.447514
vt -0.740026 3.093198
vt -0.740026 2.291736
vt -0.740026 1.983567
vt -0.417261 1.983567
vt -0.417261 2.291736
vt -0.417261 3.093197
vt -3.396013 0.170709
vt -3.152090 0.170709
vt -3.058299 0.170709
vt -2.813575 1.064350
vt -2.544693 2.046206
vt -2.528548 2.022766
vt -2.509084 2.020088
vt -2.491967 2.039545
vt -2.481782 2.075921
vt -2.481260 2.119471
vt -2.490540 2.158525
vt -2.507134 2.182617
vt -2.526598 2.185295
vt -2.543715 2.165839
vt -2.544757 2.162119
vt -2.558340 2.162118
vt -2.559237 2.219513
vt -2.457976 2.219512
vt -2.457976 2.395683
vt -2.507620 2.395682
vt -2.507620 2.661966
vt -2.735379 2.661966
vt -2.904799 2.661966
vt -2.904799 2.395683
vt -2.954442 2.395682
vt -2.954443 2.219512
vt -2.882407 2.219513
vt -2.882407 2.162118
vt -2.882406 2.046205
vt -3.189076 0.926365
vt 1.809902 -4.160363
vt 1.814690 -4.160363
vt 1.814690 -4.105854
vt 1.809903 -4.105854
vt 1.809903 -4.221145
vt 1.814690 -4.221145
vt 1.814690 -4.160363
vt 1.809902 -4.160363
vt 1.922957 -0.987960
vt 1.899499 -0.984225
vt 1.910052 -1.099515
vt 1.942957 -1.021588
vt 1.922957 -0.987960
vt 1.910052 -1.099515
vt 1.954141 -1.076096
vt 1.942957 -1.021588
vt 1.910052 -1.099515
vt 1.953511 -1.136879
vt 1.954141 -1.076096
vt 1.910052 -1.099515
vt 1.941237 -1.187650
vt 1.953511 -1.136879
vt 1.910052 -1.099515
vt 1.920606 -1.214805
vt 1.941237 -1.187650
vt 1.910052 -1.099515
vt 1.897148 -1.211069
vt 1.920606 -1.214805
vt 1.910052 -1.099515
vt 1.877148 -1.177441
vt 1.897148 -1.211069
vt 1.910052 -1.099515
vt 1.865965 -1.122934
vt 1.877148 -1.177441
vt 1.910052 -1.099515
vt 1.866594 -1.062152
vt 1.865965 -1.122934
vt 1.910052 -1.099515
vt 1.878868 -1.011380
vt 1.866594 -1.062152
vt 1.910052 -1.099515
vt 1.899499 -0.984225
vt 1.878868 -1.011380
vt 1.910052 -1.099515
vt 1.920606 -0.689513
vt 1.897148 -0.693249
vt 1.910053 -0.804803
vt 1.897148 -0.693249
vt 1.877148 -0.726876
vt 1.910053 -0.804803
vt 1.877148 -0.726876
vt 1.865965 -0.781384
vt 1.910053 -0.804803
vt 1.865965 -0.781384
vt 1.866594 -0.842167
vt 1.910053 -0.804803
vt 1.866594 -0.842167
vt 1.878869 -0.892938
vt 1.910053 -0.804803
vt 1.878869 -0.892938
vt 1.899499 -0.920093
vt 1.910053 -0.804803
vt 1.899499 -0.920093
vt 1.922957 -0.916357
vt 1.910053 -0.804803
vt 1.922957 -0.916357
vt 1.942957 -0.882730
vt 1.910053 -0.804803
vt 1.942957 -0.882730
vt 1.954141 -0.828222
vt 1.910053 -0.804803
vt 1.954141 -0.828222
vt 1.953511 -0.767440
vt 1.910053 -0.804803
vt 1.953511 -0.767440
vt 1.941237 -0.716668
vt 1.910053 -0.804803
vt 1.941237 -0.716668
vt 1.920606 -0.689513
vt 1.910053 -0.804803
vt 1.830142 -4.380146
vt 1.830102 -4.444097
vt 2.326328 -4.444098
vt 2.326328 -4.380147
vt 1.816267 -3.433579
vt 1.815910 -3.399951
vt 1.316093 -3.399951
vt 1.316093 -3.433579
vt 1.816847 -3.488087
vt 1.816267 -3.433579
vt 1.316093 -3.433579
vt 1.316093 -3.488087
vt 1.317278 -4.391572
vt 1.316633 -4.452354
vt 1.814441 -4.452354
vt 1.814441 -4.391572
vt 1.316633 -4.452354
vt 1.316093 -4.503125
vt 1.814441 -4.503125
vt 1.814441 -4.452354
vt 1.316382 -3.868505
vt 1.316093 -3.924749
vt 1.814730 -3.924750
vt 1.814730 -3.868505
vt 1.316093 -3.924749
vt 1.316133 -3.988701
vt 1.814730 -3.988701
vt 1.814730 -3.924750
vt 1.316093 -4.072227
vt 1.316440 -4.104941
vt 1.809902 -4.104941
vt 1.809903 -4.105854
vt 1.814690 -4.105854
vt 1.814690 -4.072227
vt 1.320451 -3.168741
vt 1.316093 -3.168741
vt 1.316093 -3.223250
vt 1.320451 -3.223250
vt 1.320451 -3.223250
vt 1.316093 -3.223250
vt 1.316093 -3.284031
vt 1.320451 -3.284031
vt 1.318160 -4.266726
vt 1.318215 -4.271916
vt 1.814690 -4.271917
vt 1.814690 -4.221145
vt 1.809903 -4.221145
vt 1.809903 -4.266725
vt 1.829853 -4.323902
vt 1.830142 -4.380146
vt 2.326328 -4.380147
vt 2.326328 -4.323902
vt 2.953406 0.545167
vt 2.991137 0.545169
vt 2.965740 0.574379
vt 2.964288 0.613331
vt 2.990064 0.648265
vt 2.991316 0.648847
vt 2.053222 0.648849
vt 2.053222 0.545168
vt 1.306242 5.225695
vt 0.210758 5.225695
vt 0.210758 4.116065
vt 1.306242 4.116065
vt -1.836254 0.808593
vt -1.835003 0.808007
vt -1.809226 0.773075
vt -1.810678 0.734120
vt -1.836075 0.704909
vt -1.798343 0.704910
vt -0.898159 0.704911
vt -0.898159 0.808593
vt 1.833336 -3.511886
vt 1.833336 -3.556516
vt 2.325080 -3.556515
vt 2.325080 -3.511885
vt 1.831463 -3.764883
vt 1.833182 -3.926665
vt 2.324925 -3.926665
vt 2.324925 -3.764883
vt 2.053222 0.493830
vt 2.950916 0.493830
vt 2.953406 0.545167
vt 2.053222 0.545168
vt 1.833182 -3.926665
vt 1.834034 -4.006773
vt 2.324925 -4.006773
vt 2.324925 -3.926665
vt -1.795853 0.653572
vt -0.898159 0.653573
vt -0.898159 0.704911
vt -1.798343 0.704910
vt 1.834188 -3.620647
vt 1.833336 -3.700753
vt 2.325079 -3.700752
vt 2.325079 -3.620647
vt 1.855271 4.257273
vt 1.465782 4.257273
vt 1.343742 4.023293
vt 1.942090 4.023292
vt 1.882259 2.487597
vt 1.403573 2.487597
vt 1.343742 2.378246
vt 1.942090 2.378246
vt 1.343742 0.739071
vt 1.403573 0.739071
vt 1.403573 2.194867
vt 1.343742 2.304218
vt 1.763842 -0.897816
vt 1.850661 -0.897816
vt 1.850661 0.674456
vt 1.763842 0.440475
vt 1.374353 0.440475
vt 1.763842 0.440475
vt 1.850661 0.674456
vt 1.252313 0.674456
vt 1.403573 2.194867
vt 1.882259 2.194867
vt 1.942090 2.304219
vt 1.343742 2.304218
vt 1.252313 -0.897816
vt 1.374353 -0.897816
vt 1.374353 0.440475
vt 1.252313 0.674456
vt 1.882259 0.739071
vt 1.942090 0.739071
vt 1.942090 2.304219
vt 1.882259 2.194867
vt 1.850661 -0.975679
vt 1.252313 -0.975679
vt 1.252313 -1.221561
vt 1.850661 -1.221561
vt 1.316093 -2.605442
vt 1.318706 -2.851322
vt 1.892809 -2.851323
vt 1.892809 -2.605441
vt 1.850661 -1.547513
vt 1.850661 -1.301631
vt 1.252313 -1.301631
vt 1.252313 -1.547513
vt 1.318706 -2.279489
vt 1.316093 -2.525371
vt 1.892809 -2.525371
vt 1.892809 -2.279489
vt 2.312311 -3.447753
vt 2.312312 -2.968202
vt 1.833625 -2.968202
vt 1.833625 -3.447754
vt 1.908113 -2.424518
vt 1.908113 -2.904071
vt 2.386799 -2.904070
vt 2.386799 -2.424518
vt -0.731269 5.234870
vt -0.727318 5.606525
vt -1.265332 5.606525
vt -1.265332 5.126972
vt 0.195454 5.126972
vt 0.195454 5.606525
vt -0.338538 5.606525
vt -0.334588 5.234870
vt -0.731269 4.946547
vt -0.334588 4.946546
vt -0.338539 4.574890
vt 0.195453 4.574891
vt 0.195454 5.054442
vt -1.265332 5.054443
vt -1.265332 4.574890
vt -0.727319 4.574890
vt 0.195454 4.504398
vt -1.265332 4.504397
vt -1.265332 3.199381
vt 0.195454 3.199381
vt -0.740026 -1.291294
vt -0.753283 -0.044028
vt -0.767849 1.326361
vt -1.265332 1.326360
vt -1.128396 -1.331473
vt -0.032911 -1.331473
vt 0.104024 1.326361
vt -0.389438 1.326361
vt -0.404004 -0.044028
vt -0.417261 -1.291294
vt -1.836254 0.808593
vt -0.898159 0.808593
vt 0.550423 2.511928
vt -0.387671 2.511929
vt -0.740026 3.093198
vt -0.417261 3.093197
vt -0.406051 2.413261
vt -0.389438 1.405634
vt 0.104024 1.405634
vt -0.032911 3.119100
vt -1.128396 3.119100
vt -1.265332 1.405634
vt -0.767849 1.405634
vt -0.751236 2.413261
vt 2.053222 0.648849
vt 2.991316 0.648847
vt 1.542732 2.352186
vt 0.604640 2.352185
vt -0.032911 -1.331473
vt -1.128396 -1.331473
vt -1.128396 -1.478827
vt -0.032911 -1.478827
vt -0.387671 2.511929
vt 0.550423 2.511928
vt 0.550423 2.606365
vt -0.387671 2.606365
vt 0.210758 5.289826
vt 1.306243 5.289826
vt 1.306242 5.437181
vt 0.210758 5.437181
vt 0.604640 2.352185
vt 1.542732 2.352186
vt 1.542733 2.446620
vt 0.604640 2.446621
vt 1.817493 -3.548869
vt 1.816847 -3.488087
vt 1.316093 -3.488087
vt 1.316093 -3.548869
vt 1.830102 -4.444097
vt 1.829745 -4.498624
vt 2.326328 -4.498624
vt 2.326328 -4.444098
vt 1.317858 -4.337064
vt 1.317278 -4.391572
vt 1.814441 -4.391572
vt 1.814441 -4.337064
vt 1.815910 -3.784982
vt 1.815871 -3.721030
vt 1.316093 -3.721031
vt 1.316093 -3.784982
vt 1.815871 -3.721030
vt 1.816159 -3.664788
vt 1.316093 -3.664788
vt 1.316093 -3.721031
vt 1.811856 -4.724538
vt 1.813575 -4.562756
vt 1.316093 -4.562756
vt 1.316093 -4.724537
vt 1.817934 -3.167830
vt 1.818281 -3.135115
vt 1.316093 -3.135115
vt 1.316093 -3.168741
vt 1.320451 -3.168741
vt 1.320451 -3.167830
vt 1.942090 3.954353
vt 1.882259 3.954353
vt 1.882259 2.487597
vt 1.942090 2.378246
vt 1.403573 3.954353
vt 1.343742 3.954353
vt 1.343742 2.378246
vt 1.403573 2.487597
vt 1.896830 -1.873466
vt 1.894216 -1.627584
vt 1.316093 -1.627584
vt 1.316093 -1.873466
vt 1.465782 5.606525
vt 1.343742 5.606525
vt 1.343742 4.023293
vt 1.465782 4.257273
vt 1.894216 -2.199418
vt 1.896830 -1.953537
vt 1.316093 -1.953537
vt 1.316093 -2.199418
vt 1.942090 5.606525
vt 1.855271 5.606525
vt 1.855271 4.257273
vt 1.942090 4.023292
vt 2.325757 -4.259770
vt 2.324905 -4.179667
vt 1.829993 -4.179667
vt 1.829993 -4.259771
vt 1.811005 -4.804643
vt 1.811856 -4.724538
vt 1.316093 -4.724537
vt 1.316093 -4.804643
vt 2.325757 -4.115534
vt 2.325757 -4.070905
vt 1.829994 -4.070905
vt 1.829994 -4.115534
vt 1.816159 -3.334804
vt 1.816214 -3.329611
vt 1.320451 -3.329612
vt 1.320451 -3.284031
vt 1.316093 -3.284031
vt 1.316093 -3.334804
vt 1.818281 -3.051590
vt 1.818321 -2.987638
vt 1.316093 -2.987638
vt 1.316093 -3.051590
vt 1.818321 -2.987638
vt 1.818033 -2.931393
vt 1.316093 -2.931393
vt 1.316093 -2.987638
vt 1.818032 -3.599640
vt 1.817493 -3.548869
vt 1.316093 -3.548869
vt 1.316093 -3.599639
vt 2.186631 -1.278935
vt 1.912134 -1.278936
vt 1.912134 -2.360387
vt 2.186632 -2.360387
vt 2.390820 -2.360387
vt 2.390820 -1.278936
vt -3.308327 4.560695
vt -3.291209 4.541238
vt -3.271746 4.543916
vt -3.255601 4.567355
vt -2.986719 3.585499
vt -2.741995 2.691859
vt -2.648204 2.691858
vt -2.611218 3.447514
vt -2.917887 4.567353
vt -2.917888 4.683269
vt -2.917887 4.740662
vt -2.845852 4.740663
vt -2.845851 4.916831
vt -2.895495 4.916831
vt -2.895495 5.183115
vt -3.064915 5.183115
vt -3.292674 5.183116
vt -3.292674 4.916831
vt -3.342317 4.916831
vt -3.342317 4.740663
vt -3.241057 4.740663
vt -3.241954 4.683270
vt -3.255537 4.683270
vt -3.256579 4.686988
vt -3.273695 4.706445
vt -3.293160 4.703768
vt -3.309754 4.679674
vt -3.319034 4.640618
vt -3.318511 4.597072
vt 0.350717 2.133253
vt 0.350718 2.133253
vt 0.350718 2.266523
vt 0.350717 2.266523
vt 0.350716 2.133253
vt 0.350717 2.133253
vt 0.350717 2.266523
vt 0.350716 2.266523
vt 0.350716 2.133253
vt 0.350716 2.133253
vt 0.350716 2.266523
vt 0.350716 2.266523
vt 0.350715 2.133253
vt 0.350716 2.133253
vt 0.350716 2.266523
vt 0.350715 2.266523
vt 0.329816 2.232053
vt 0.329817 2.232053
vt 0.329817 2.365324
vt 0.329816 2.365324
vt 0.329815 2.232053
vt 0.329816 2.232053
vt 0.329816 2.365324
vt 0.329815 2.365324
vt 0.329815 2.232053
vt 0.329815 2.232053
vt 0.329815 2.365324
vt 0.329815 2.365324
vt 0.329814 2.232053
vt 0.329815 2.232053
vt 0.329815 2.365324
vt 0.329814 2.365324
vt 0.308915 2.232053
vt 0.308916 2.232053
vt 0.308916 2.365324
vt 0.308915 2.365324
vt 0.308914 2.232053
vt 0.308915 2.232053
vt 0.308915 2.365324
vt 0.308914 2.365324
vt 0.308914 2.232053
vt 0.308914 2.232053
vt 0.308914 2.365324
vt 0.308914 2.365324
vt 0.308913 2.232053
vt 0.308914 2.232053
vt 0.308914 2.365324
vt 0.308913 2.365324
vt 0.308912 2.232053
vt 0.308913 2.232053
vt 0.308913 2.365324
vt 0.308912 2.365324
vt 0.420993 2.266523
vt 0.420992 2.266523
vt 0.420992 2.133253
vt 0.420993 2.133253
vt 0.420994 2.266523
vt 0.420993 2.266523
vt 0.420993 2.133253
vt 0.420994 2.133253
vt 0.420994 2.266523
vt 0.420994 2.266523
vt 0.420994 2.133253
vt 0.420994 2.133253
vt 0.420995 2.266523
vt 0.420994 2.266523
vt 0.420994 2.133253
vt 0.420995 2.133253
vt 0.350719 2.133253
vt 0.350720 2.133253
vt 0.350720 2.266523
vt 0.350719 2.266523
vt 0.350718 2.133253
vt 0.350719 2.133253
vt 0.350719 2.266523
vt 0.350718 2.266523
vt 0.350718 2.133253
vt 0.350718 2.133253
vt 0.350718 2.266523
vt 0.350718 2.266523
vt -0.361262 2.281780
vt -0.361262 2.281779
vt -0.340878 2.281779
vt -0.341876 2.289378
vt -0.361262 2.281782
vt -0.361262 2.281780
vt -0.341876 2.289378
vt -0.344772 2.296232
vt -0.159501 2.278285
vt -0.159502 2.278284
vt -0.147521 2.258394
vt -0.143011 2.263834
vt -0.159501 2.278286
vt -0.159501 2.278285
vt -0.143011 2.263834
vt -0.140115 2.270689
vt -0.159501 2.278287
vt -0.159501 2.278286
vt -0.140115 2.270689
vt -0.139117 2.278287
vt -0.159501 2.278288
vt -0.159501 2.278287
vt -0.139117 2.278287
vt -0.140115 2.285885
vt -0.159501 2.278288
vt -0.159501 2.278288
vt -0.140115 2.285885
vt -0.143011 2.292740
vt -0.159502 2.278289
vt -0.159501 2.278288
vt -0.143011 2.292740
vt -0.147521 2.298180
vt -0.159503 2.278290
vt -0.159502 2.278289
vt -0.147521 2.298180
vt -0.153204 2.301672
vt -0.532983 2.258395
vt -0.532983 2.258394
vt -0.526684 2.281776
vt -0.532983 2.282980
vt -0.532984 2.258394
vt -0.532983 2.258395
vt -0.532983 2.282980
vt -0.539283 2.281776
vt -0.432003 2.282981
vt -0.432004 2.282982
vt -0.451390 2.275384
vt -0.448494 2.268530
vt -0.432003 2.282980
vt -0.432003 2.282981
vt -0.448494 2.268530
vt -0.443984 2.263091
vt -0.432002 2.282980
vt -0.432003 2.282980
vt -0.443984 2.263091
vt -0.438301 2.259598
vt -0.432001 2.282980
vt -0.432002 2.282980
vt -0.438301 2.259598
vt -0.432001 2.258394
vt -0.478587 2.282980
vt -0.478588 2.282980
vt -0.478588 2.258394
vt -0.472288 2.259598
vt -0.361263 2.281777
vt -0.361264 2.281776
vt -0.354965 2.258394
vt -0.349282 2.261887
vt -0.361262 2.281778
vt -0.361263 2.281777
vt -0.349282 2.261887
vt -0.344771 2.267327
vt -0.361262 2.281778
vt -0.361262 2.281778
vt -0.344771 2.267327
vt -0.341876 2.274181
vt -0.361262 2.281779
vt -0.361262 2.281778
vt -0.341876 2.274181
vt -0.340878 2.281779
vt 0.277821 2.365324
vt 0.271521 2.365324
vt 0.271521 2.232053
vt 0.277821 2.232053
vt 0.283504 2.365324
vt 0.277821 2.365324
vt 0.277821 2.232053
vt 0.283504 2.232053
vt 0.288014 2.365324
vt 0.283504 2.365324
vt 0.283504 2.232053
vt 0.288014 2.232053
vt 0.394411 2.133253
vt 0.400094 2.133253
vt 0.400094 2.266523
vt 0.394411 2.266523
vt 0.388111 2.133253
vt 0.394411 2.133253
vt 0.394411 2.266523
vt 0.388111 2.266523
vt 0.381811 2.133253
vt 0.388111 2.133253
vt 0.388111 2.266523
vt 0.381811 2.266523
vt 0.376128 2.133253
vt 0.381811 2.133253
vt 0.381811 2.266523
vt 0.376128 2.266523
vt 0.371618 2.133253
vt 0.376128 2.133253
vt 0.376128 2.266523
vt 0.371618 2.266523
vt 0.211338 2.365324
vt 0.205655 2.365324
vt 0.205655 2.232053
vt 0.211338 2.232053
vt 0.217637 2.365324
vt 0.211338 2.365324
vt 0.211338 2.232053
vt 0.217637 2.232053
vt 0.223937 2.365324
vt 0.217637 2.365324
vt 0.217637 2.232053
vt 0.223937 2.232053
vt 0.229620 2.365324
vt 0.223937 2.365324
vt 0.223937 2.232053
vt 0.229620 2.232053
vt 0.234130 2.365324
vt 0.229620 2.365324
vt 0.229620 2.232053
vt 0.234130 2.232053
vt 0.166474 2.365324
vt 0.160791 2.365324
vt 0.160791 2.232053
vt 0.166474 2.232053
vt 0.172773 2.365324
vt 0.166474 2.365324
vt 0.166474 2.232053
vt 0.172773 2.232053
vt 0.179073 2.365324
vt 0.172773 2.365324
vt 0.172773 2.232053
vt 0.179073 2.232053
vt 0.184756 2.365324
vt 0.179073 2.365324
vt 0.179073 2.232053
vt 0.184756 2.232053
vt 0.259539 2.365324
vt 0.255028 2.365324
vt 0.255028 2.232053
vt 0.259539 2.232053
vt 0.265222 2.365324
vt 0.259539 2.365324
vt 0.259539 2.232053
vt 0.265222 2.232053
vt 0.271521 2.365324
vt 0.265222 2.365324
vt 0.265222 2.232053
vt 0.271521 2.232053
vt -0.078444 2.275384
vt -0.077446 2.282983
vt -0.097830 2.282983
vt -0.097830 2.282982
vt -0.081340 2.268530
vt -0.078444 2.275384
vt -0.097830 2.282982
vt -0.097831 2.282981
vt -0.085850 2.263091
vt -0.081340 2.268530
vt -0.097831 2.282981
vt -0.097831 2.282980
vt -0.091533 2.259598
vt -0.085850 2.263091
vt -0.097831 2.282980
vt -0.097832 2.282980
vt -0.097832 2.258394
vt -0.091533 2.259598
vt -0.097832 2.282980
vt -0.097832 2.282980
vt -0.104132 2.259598
vt -0.097832 2.258394
vt -0.097832 2.282980
vt -0.097833 2.282980
vt -0.109815 2.263091
vt -0.104132 2.259598
vt -0.097833 2.282980
vt -0.097834 2.282980
vt -0.114325 2.268530
vt -0.109815 2.263091
vt -0.097834 2.282980
vt -0.097835 2.282981
vt -0.117221 2.275384
vt -0.114325 2.268530
vt -0.097835 2.282981
vt -0.097835 2.282982
vt -0.118219 2.282983
vt -0.117221 2.275384
vt -0.097835 2.282982
vt -0.097835 2.282983
vt -0.117221 2.290581
vt -0.118219 2.282983
vt -0.097835 2.282983
vt -0.097835 2.282984
vt -0.114325 2.297436
vt -0.117221 2.290581
vt -0.097835 2.282984
vt -0.097835 2.282984
vt -0.109815 2.302875
vt -0.114325 2.297436
vt -0.097835 2.282984
vt -0.097834 2.282985
vt -0.104132 2.306368
vt -0.109815 2.302875
vt -0.097834 2.282985
vt -0.097833 2.282986
vt -0.499486 2.282980
vt -0.505786 2.281777
vt -0.499487 2.258395
vt -0.499486 2.258395
vt -0.091533 2.306368
vt -0.097832 2.307571
vt -0.097832 2.282986
vt -0.097832 2.282986
vt -0.085850 2.302875
vt -0.091533 2.306368
vt -0.097832 2.282986
vt -0.097831 2.282985
vt -0.081339 2.297436
vt -0.085850 2.302875
vt -0.097831 2.282985
vt -0.097831 2.282984
vt -0.078444 2.290581
vt -0.081339 2.297436
vt -0.097831 2.282984
vt -0.097830 2.282984
vt -0.077446 2.282983
vt -0.078444 2.290581
vt -0.097830 2.282984
vt -0.097830 2.282983
vt 0.024675 2.284104
vt 0.024113 2.282773
vt 0.027236 2.280038
vt 0.028346 2.282666
vt 0.024113 2.282773
vt 0.023238 2.281718
vt 0.025506 2.277952
vt 0.027236 2.280038
vt 0.023238 2.281718
vt 0.022134 2.281040
vt 0.023327 2.276613
vt 0.025506 2.277952
vt 0.022134 2.281040
vt 0.020912 2.280807
vt 0.020912 2.276151
vt 0.023327 2.276613
vt 0.020912 2.280807
vt 0.019689 2.281040
vt 0.018496 2.276613
vt 0.020912 2.276151
vt 0.019689 2.281040
vt 0.018586 2.281718
vt 0.016317 2.277952
vt 0.018496 2.276613
vt 0.018586 2.281718
vt 0.017710 2.282773
vt 0.014588 2.280038
vt 0.016317 2.277952
vt 0.017710 2.282773
vt 0.017148 2.284104
vt 0.013477 2.282666
vt 0.014588 2.280038
vt 0.017148 2.284104
vt 0.016954 2.285579
vt 0.013095 2.285579
vt 0.013477 2.282666
vt 0.016954 2.285579
vt 0.017148 2.287055
vt 0.013477 2.288493
vt 0.013095 2.285579
vt 0.017148 2.287055
vt 0.017710 2.288385
vt 0.014588 2.291121
vt 0.013477 2.288493
vt 0.017710 2.288385
vt 0.018586 2.289441
vt 0.016317 2.293207
vt 0.014588 2.291121
vt 0.018586 2.289441
vt 0.019689 2.290119
vt 0.018496 2.294546
vt 0.016317 2.293207
vt 0.019689 2.290119
vt 0.020912 2.290352
vt 0.020912 2.295008
vt 0.018496 2.294546
vt 0.020912 2.290352
vt 0.022134 2.290119
vt 0.023327 2.294546
vt 0.020912 2.295008
vt 0.022134 2.290119
vt 0.023238 2.289441
vt 0.025506 2.293207
vt 0.023327 2.294546
vt 0.023238 2.289441
vt 0.024113 2.288385
vt 0.027236 2.291121
vt 0.025506 2.293207
vt 0.024113 2.288385
vt 0.024675 2.287055
vt 0.028346 2.288493
vt 0.027236 2.291121
vt 0.024675 2.287055
vt 0.024869 2.285579
vt 0.028728 2.285579
vt 0.028346 2.288493
vt 0.024869 2.285579
vt 0.024675 2.284104
vt 0.028346 2.282666
vt 0.028728 2.285579
vt 0.028346 2.282666
vt 0.027236 2.280038
vt 0.030202 2.277438
vt 0.031834 2.281299
vt 0.027236 2.280038
vt 0.025506 2.277952
vt 0.027662 2.274374
vt 0.030202 2.277438
vt 0.025506 2.277952
vt 0.023327 2.276613
vt 0.024460 2.272406
vt 0.027662 2.274374
vt 0.023327 2.276613
vt 0.020912 2.276151
vt 0.020912 2.271728
vt 0.024460 2.272406
vt 0.020912 2.276151
vt 0.018496 2.276613
vt 0.017363 2.272406
vt 0.020912 2.271728
vt 0.018496 2.276613
vt 0.016317 2.277952
vt 0.014161 2.274374
vt 0.017363 2.272406
vt 0.016317 2.277952
vt 0.014588 2.280038
vt 0.011621 2.277438
vt 0.014161 2.274374
vt 0.014588 2.280038
vt 0.013477 2.282666
vt 0.009990 2.281299
vt 0.011621 2.277438
vt 0.013477 2.282666
vt 0.013095 2.285579
vt 0.009428 2.285579
vt 0.009990 2.281299
vt 0.013095 2.285579
vt 0.013477 2.288493
vt 0.009990 2.289860
vt 0.009428 2.285579
vt 0.013477 2.288493
vt 0.014588 2.291121
vt 0.011621 2.293721
vt 0.009990 2.289860
vt 0.014588 2.291121
vt 0.016317 2.293207
vt 0.014161 2.296785
vt 0.011621 2.293721
vt 0.016317 2.293207
vt 0.018496 2.294546
vt 0.017363 2.298753
vt 0.014161 2.296785
vt 0.018496 2.294546
vt 0.020912 2.295008
vt 0.020912 2.299430
vt 0.017363 2.298753
vt 0.020912 2.295008
vt 0.023327 2.294546
vt 0.024460 2.298753
vt 0.020912 2.299430
vt 0.023327 2.294546
vt 0.025506 2.293207
vt 0.027662 2.296785
vt 0.024460 2.298753
vt 0.025506 2.293207
vt 0.027236 2.291121
vt 0.030202 2.293721
vt 0.027662 2.296785
vt 0.027236 2.291121
vt 0.028346 2.288493
vt 0.031834 2.289860
vt 0.030202 2.293721
vt 0.028346 2.288493
vt 0.028728 2.285579
vt 0.032396 2.285579
vt 0.031834 2.289860
vt 0.028728 2.285579
vt 0.028346 2.282666
vt 0.031834 2.281299
vt 0.032396 2.285579
vt 0.031834 2.281299
vt 0.030202 2.277438
vt 0.032941 2.275039
vt 0.035053 2.280038
vt 0.030202 2.277438
vt 0.027662 2.274374
vt 0.029651 2.271071
vt 0.032941 2.275039
vt 0.027662 2.274374
vt 0.024460 2.272406
vt 0.025506 2.268524
vt 0.029651 2.271071
vt 0.024460 2.272406
vt 0.020912 2.271728
vt 0.020912 2.267646
vt 0.025506 2.268524
vt 0.020912 2.271728
vt 0.017363 2.272406
vt 0.016317 2.268524
vt 0.020912 2.267646
vt 0.017363 2.272406
vt 0.014161 2.274374
vt 0.012172 2.271071
vt 0.016317 2.268524
vt 0.014161 2.274374
vt 0.011621 2.277438
vt 0.008883 2.275039
vt 0.012172 2.271071
vt 0.011621 2.277438
vt 0.009990 2.281299
vt 0.006771 2.280038
vt 0.008883 2.275039
vt 0.009990 2.281299
vt 0.009428 2.285579
vt 0.006043 2.285579
vt 0.006771 2.280038
vt 0.009428 2.285579
vt 0.009990 2.289860
vt 0.006771 2.291121
vt 0.006043 2.285579
vt 0.009990 2.289860
vt 0.011621 2.293721
vt 0.008883 2.296120
vt 0.006771 2.291121
vt 0.011621 2.293721
vt 0.014161 2.296785
vt 0.012172 2.300087
vt 0.008883 2.296120
vt 0.014161 2.296785
vt 0.017363 2.298753
vt 0.016317 2.302635
vt 0.012172 2.300087
vt 0.017363 2.298753
vt 0.020912 2.299430
vt 0.020912 2.303513
vt 0.016317 2.302635
vt 0.020912 2.299430
vt 0.024460 2.298753
vt 0.025506 2.302635
vt 0.020912 2.303513
vt 0.024460 2.298753
vt 0.027662 2.296785
vt 0.029651 2.300087
vt 0.025506 2.302635
vt 0.027662 2.296785
vt 0.030202 2.293721
vt 0.032941 2.296120
vt 0.029651 2.300087
vt 0.030202 2.293721
vt 0.031834 2.289860
vt 0.035053 2.291121
vt 0.032941 2.296120
vt 0.031834 2.289860
vt 0.032396 2.285579
vt 0.035780 2.285579
vt 0.035053 2.291121
vt 0.032396 2.285579
vt 0.031834 2.281299
vt 0.035053 2.280038
vt 0.035780 2.285579
vt 0.035053 2.280038
vt 0.032941 2.275039
vt 0.035382 2.272899
vt 0.037923 2.278913
vt 0.032941 2.275039
vt 0.029651 2.271071
vt 0.031425 2.268126
vt 0.035382 2.272899
vt 0.029651 2.271071
vt 0.025506 2.268524
vt 0.026439 2.265062
vt 0.031425 2.268126
vt 0.025506 2.268524
vt 0.020912 2.267646
vt 0.020912 2.264006
vt 0.026439 2.265062
vt 0.020912 2.267646
vt 0.016317 2.268524
vt 0.015384 2.265062
vt 0.020912 2.264006
vt 0.016317 2.268524
vt 0.012172 2.271071
vt 0.010398 2.268126
vt 0.015384 2.265062
vt 0.012172 2.271071
vt 0.008883 2.275039
vt 0.006441 2.272899
vt 0.010398 2.268126
vt 0.008883 2.275039
vt 0.006771 2.280038
vt 0.003900 2.278913
vt 0.006441 2.272899
vt 0.006771 2.280038
vt 0.006043 2.285579
vt 0.003025 2.285579
vt 0.003900 2.278913
vt 0.006043 2.285579
vt 0.006771 2.291121
vt 0.003900 2.292246
vt 0.003025 2.285579
vt 0.006771 2.291121
vt 0.008883 2.296120
vt 0.006441 2.298260
vt 0.003900 2.292246
vt 0.008883 2.296120
vt 0.012172 2.300087
vt 0.010398 2.303033
vt 0.006441 2.298260
vt 0.012172 2.300087
vt 0.016317 2.302635
vt 0.015384 2.306097
vt 0.010398 2.303033
vt 0.016317 2.302635
vt 0.020912 2.303513
vt 0.020912 2.307153
vt 0.015384 2.306097
vt 0.020912 2.303513
vt 0.025506 2.302635
vt 0.026439 2.306097
vt 0.020912 2.307153
vt 0.025506 2.302635
vt 0.029651 2.300087
vt 0.031425 2.303033
vt 0.026439 2.306097
vt 0.029651 2.300087
vt 0.032941 2.296120
vt 0.035382 2.298260
vt 0.031425 2.303033
vt 0.032941 2.296120
vt 0.035053 2.291121
vt 0.037923 2.292246
vt 0.035382 2.298260
vt 0.035053 2.291121
vt 0.035780 2.285579
vt 0.038799 2.285579
vt 0.037923 2.292246
vt 0.035780 2.285579
vt 0.035053 2.280038
vt 0.037923 2.278913
vt 0.038799 2.285579
vt 0.037923 2.278913
vt 0.035382 2.272899
vt 0.037468 2.271071
vt 0.040375 2.277952
vt 0.035382 2.272899
vt 0.031425 2.268126
vt 0.032941 2.265610
vt 0.037468 2.271071
vt 0.031425 2.268126
vt 0.026439 2.265062
vt 0.027236 2.262105
vt 0.032941 2.265610
vt 0.026439 2.265062
vt 0.020912 2.264006
vt 0.020912 2.260896
vt 0.027236 2.262105
vt 0.020912 2.264006
vt 0.015384 2.265062
vt 0.014588 2.262105
vt 0.020912 2.260896
vt 0.015384 2.265062
vt 0.010398 2.268126
vt 0.008883 2.265610
vt 0.014588 2.262105
vt 0.010398 2.268126
vt 0.006441 2.272899
vt 0.004355 2.271071
vt 0.008883 2.265610
vt 0.006441 2.272899
vt 0.003900 2.278913
vt 0.001448 2.277952
vt 0.004355 2.271071
vt 0.003900 2.278913
vt 0.003025 2.285579
vt 0.000447 2.285579
vt 0.001448 2.277952
vt 0.003025 2.285579
vt 0.003900 2.292246
vt 0.001448 2.293207
vt 0.000447 2.285579
vt 0.003900 2.292246
vt 0.006441 2.298260
vt 0.004355 2.300087
vt 0.001448 2.293207
vt 0.006441 2.298260
vt 0.010398 2.303033
vt 0.008883 2.305548
vt 0.004355 2.300087
vt 0.010398 2.303033
vt 0.015384 2.306097
vt 0.014588 2.309054
vt 0.008883 2.305548
vt 0.015384 2.306097
vt 0.020912 2.307153
vt 0.020912 2.310263
vt 0.014588 2.309054
vt 0.020912 2.307153
vt 0.026439 2.306097
vt 0.027236 2.309054
vt 0.020912 2.310263
vt 0.026439 2.306097
vt 0.031425 2.303033
vt 0.032941 2.305548
vt 0.027236 2.309054
vt 0.031425 2.303033
vt 0.035382 2.298260
vt 0.037468 2.300087
vt 0.032941 2.305548
vt 0.035382 2.298260
vt 0.037923 2.292246
vt 0.040375 2.293207
vt 0.037468 2.300087
vt 0.037923 2.292246
vt 0.038799 2.285579
vt 0.041376 2.285579
vt 0.040375 2.293207
vt 0.038799 2.285579
vt 0.037923 2.278913
vt 0.040375 2.277952
vt 0.041376 2.285579
vt 0.040375 2.277952
vt 0.037468 2.271071
vt 0.039146 2.269600
vt 0.042347 2.277179
vt 0.037468 2.271071
vt 0.032941 2.265610
vt 0.034160 2.263587
vt 0.039146 2.269600
vt 0.032941 2.265610
vt 0.027236 2.262105
vt 0.027877 2.259725
vt 0.034160 2.263587
vt 0.027236 2.262105
vt 0.020912 2.260896
vt 0.020912 2.258395
vt 0.027877 2.259725
vt 0.020912 2.260896
vt 0.014588 2.262105
vt 0.013947 2.259725
vt 0.020912 2.258395
vt 0.014588 2.262105
vt 0.008883 2.265610
vt 0.007664 2.263587
vt 0.013947 2.259725
vt 0.008883 2.265610
vt 0.004355 2.271071
vt 0.002677 2.269600
vt 0.007664 2.263587
vt 0.004355 2.271071
vt 0.001448 2.277952
vt -0.000524 2.277179
vt 0.002677 2.269600
vt 0.001448 2.277952
vt 0.000447 2.285579
vt -0.001627 2.285579
vt -0.000524 2.277179
vt 0.000447 2.285579
vt 0.001448 2.293207
vt -0.000524 2.293980
vt -0.001627 2.285579
vt 0.001448 2.293207
vt 0.004355 2.300087
vt 0.002677 2.301558
vt -0.000524 2.293980
vt 0.004355 2.300087
vt 0.008883 2.305548
vt 0.007664 2.307572
vt 0.002677 2.301558
vt 0.008883 2.305548
vt 0.014588 2.309054
vt 0.013947 2.311433
vt 0.007664 2.307572
vt 0.014588 2.309054
vt 0.020912 2.310263
vt 0.020912 2.312764
vt 0.013947 2.311433
vt 0.020912 2.310263
vt 0.027236 2.309054
vt 0.027877 2.311433
vt 0.020912 2.312764
vt 0.027236 2.309054
vt 0.032941 2.305548
vt 0.034160 2.307572
vt 0.027877 2.311433
vt 0.032941 2.305548
vt 0.037468 2.300087
vt 0.039146 2.301558
vt 0.034160 2.307572
vt 0.037468 2.300087
vt 0.040375 2.293207
vt 0.042347 2.293980
vt 0.039146 2.301558
vt 0.040375 2.293207
vt 0.041376 2.285579
vt 0.043450 2.285579
vt 0.042347 2.293980
vt 0.041376 2.285579
vt 0.040375 2.277952
vt 0.042347 2.277179
vt 0.043450 2.285579
vt -0.056548 2.274678
vt -0.056548 2.267099
vt -0.052881 2.266022
vt -0.052881 2.274111
vt -0.056548 2.267099
vt -0.056548 2.261086
vt -0.052881 2.259603
vt -0.052881 2.266022
vt -0.180401 2.260349
vt -0.180401 2.267927
vt -0.184068 2.267361
vt -0.184068 2.259272
vt -0.180401 2.267927
vt -0.180401 2.276328
vt -0.184068 2.276328
vt -0.184068 2.267361
vt -0.180401 2.276328
vt -0.180401 2.284729
vt -0.184068 2.285295
vt -0.184068 2.276328
vt -0.180401 2.284729
vt -0.180401 2.292307
vt -0.184068 2.293383
vt -0.184068 2.285295
vt -0.180401 2.292307
vt -0.180401 2.298321
vt -0.184068 2.299803
vt -0.184068 2.293383
vt -0.269345 2.299057
vt -0.269345 2.291478
vt -0.265677 2.292044
vt -0.265677 2.300133
vt -0.269345 2.291478
vt -0.269345 2.283078
vt -0.265677 2.283078
vt -0.265677 2.292044
vt -0.269345 2.283078
vt -0.269345 2.274678
vt -0.265677 2.274111
vt -0.265677 2.283078
vt -0.269345 2.274678
vt -0.269345 2.267099
vt -0.265677 2.266022
vt -0.265677 2.274111
vt -0.269345 2.267099
vt -0.269345 2.261085
vt -0.265677 2.259603
vt -0.265677 2.266022
vt -0.318359 2.258395
vt -0.312076 2.258395
vt -0.312546 2.262818
vt -0.319252 2.262818
vt -0.312076 2.258395
vt -0.305111 2.258395
vt -0.305111 2.262818
vt -0.312546 2.262818
vt -0.305111 2.258395
vt -0.298146 2.258395
vt -0.297677 2.262818
vt -0.305111 2.262818
vt -0.298146 2.258395
vt -0.291863 2.258395
vt -0.290970 2.262818
vt -0.297677 2.262818
vt -0.056548 2.305071
vt -0.056548 2.299057
vt -0.052881 2.300133
vt -0.052881 2.306553
vt -0.056548 2.299057
vt -0.056548 2.291479
vt -0.052881 2.292045
vt -0.052881 2.300133
vt -0.056548 2.291479
vt -0.056548 2.283078
vt -0.052881 2.283078
vt -0.052881 2.292045
vt -0.056548 2.283078
vt -0.056548 2.274678
vt -0.052881 2.274111
vt -0.052881 2.283078
vt -0.052881 2.274111
vt -0.052881 2.266022
vt -0.049021 2.265365
vt -0.049021 2.273766
vt -0.052881 2.266022
vt -0.052881 2.259603
vt -0.049021 2.258699
vt -0.049021 2.265365
vt -0.184068 2.259272
vt -0.184068 2.267361
vt -0.187928 2.267016
vt -0.187928 2.258615
vt -0.184068 2.267361
vt -0.184068 2.276328
vt -0.187928 2.276328
vt -0.187928 2.267016
vt -0.184068 2.276328
vt -0.184068 2.285295
vt -0.187928 2.285640
vt -0.187928 2.276328
vt -0.184068 2.285295
vt -0.184068 2.293383
vt -0.187928 2.294040
vt -0.187928 2.285640
vt -0.184068 2.293383
vt -0.184068 2.299803
vt -0.187928 2.300707
vt -0.187928 2.294040
vt -0.265677 2.300133
vt -0.265677 2.292044
vt -0.261818 2.292390
vt -0.261818 2.300790
vt -0.265677 2.292044
vt -0.265677 2.283078
vt -0.261818 2.283078
vt -0.261818 2.292390
vt -0.265677 2.283078
vt -0.265677 2.274111
vt -0.261818 2.273766
vt -0.261818 2.283078
vt -0.265677 2.274111
vt -0.265677 2.266022
vt -0.261818 2.265365
vt -0.261818 2.273766
vt -0.265677 2.266022
vt -0.265677 2.259603
vt -0.261818 2.258698
vt -0.261818 2.265365
vt -0.319252 2.262818
vt -0.312546 2.262818
vt -0.312832 2.267473
vt -0.319797 2.267473
vt -0.312546 2.262818
vt -0.305111 2.262818
vt -0.305111 2.267473
vt -0.312832 2.267473
vt -0.305111 2.262818
vt -0.297677 2.262818
vt -0.297391 2.267473
vt -0.305111 2.267473
vt -0.297677 2.262818
vt -0.290970 2.262818
vt -0.290426 2.267473
vt -0.297391 2.267473
vt -0.052881 2.306553
vt -0.052881 2.300133
vt -0.049021 2.300790
vt -0.049021 2.307457
vt -0.052881 2.300133
vt -0.052881 2.292045
vt -0.049021 2.292390
vt -0.049021 2.300790
vt -0.052881 2.292045
vt -0.052881 2.283078
vt -0.049021 2.283078
vt -0.049021 2.292390
vt -0.052881 2.283078
vt -0.052881 2.274111
vt -0.049021 2.273766
vt -0.049021 2.283078
vt -0.049021 2.273766
vt -0.049021 2.265365
vt -0.045064 2.265145
vt -0.045064 2.273650
vt -0.049021 2.265365
vt -0.049021 2.258699
vt -0.045064 2.258395
vt -0.045064 2.265145
vt -0.187928 2.258615
vt -0.187928 2.267016
vt -0.191885 2.266900
vt -0.191885 2.258394
vt -0.187928 2.267016
vt -0.187928 2.276328
vt -0.191885 2.276328
vt -0.191885 2.266900
vt -0.187928 2.276328
vt -0.187928 2.285640
vt -0.191885 2.285756
vt -0.191885 2.276328
vt -0.187928 2.285640
vt -0.187928 2.294040
vt -0.191885 2.294261
vt -0.191885 2.285756
vt -0.187928 2.294040
vt -0.187928 2.300707
vt -0.191885 2.301011
vt -0.191885 2.294261
vt -0.261818 2.300790
vt -0.261818 2.292390
vt -0.257860 2.292506
vt -0.257860 2.301011
vt -0.261818 2.292390
vt -0.261818 2.283078
vt -0.257860 2.283078
vt -0.257860 2.292506
vt -0.261818 2.283078
vt -0.261818 2.273766
vt -0.257860 2.273649
vt -0.257860 2.283078
vt -0.261818 2.273766
vt -0.261818 2.265365
vt -0.257860 2.265144
vt -0.257860 2.273649
vt -0.261818 2.265365
vt -0.261818 2.258698
vt -0.257860 2.258394
vt -0.257860 2.265144
vt -0.319797 2.267473
vt -0.312832 2.267473
vt -0.312928 2.272246
vt -0.319980 2.272246
vt -0.312832 2.267473
vt -0.305111 2.267473
vt -0.305111 2.272246
vt -0.312928 2.272246
vt -0.305111 2.267473
vt -0.297391 2.267473
vt -0.297294 2.272246
vt -0.305111 2.272246
vt -0.297391 2.267473
vt -0.290426 2.267473
vt -0.290243 2.272246
vt -0.297294 2.272246
vt -0.049021 2.307457
vt -0.049021 2.300790
vt -0.045064 2.301011
vt -0.045064 2.307761
vt -0.049021 2.300790
vt -0.049021 2.292390
vt -0.045064 2.292506
vt -0.045064 2.301011
vt -0.049021 2.292390
vt -0.049021 2.283078
vt -0.045064 2.283078
vt -0.045064 2.292506
vt -0.049021 2.283078
vt -0.049021 2.273766
vt -0.045064 2.273650
vt -0.045064 2.283078
vt -0.045064 2.273650
vt -0.045064 2.265145
vt -0.041107 2.265365
vt -0.041107 2.273766
vt -0.045064 2.265145
vt -0.045064 2.258395
vt -0.041107 2.258699
vt -0.041107 2.265365
vt -0.191885 2.258394
vt -0.191885 2.266900
vt -0.195842 2.267016
vt -0.195842 2.258615
vt -0.191885 2.266900
vt -0.191885 2.276328
vt -0.195842 2.276328
vt -0.195842 2.267016
vt -0.191885 2.276328
vt -0.191885 2.285756
vt -0.195842 2.285640
vt -0.195842 2.276328
vt -0.191885 2.285756
vt -0.191885 2.294261
vt -0.195842 2.294040
vt -0.195842 2.285640
vt -0.191885 2.294261
vt -0.191885 2.301011
vt -0.195842 2.300707
vt -0.195842 2.294040
vt -0.257860 2.301011
vt -0.257860 2.292506
vt -0.253903 2.292390
vt -0.253903 2.300790
vt -0.257860 2.292506
vt -0.257860 2.283078
vt -0.253903 2.283078
vt -0.253903 2.292390
vt -0.257860 2.283078
vt -0.257860 2.273649
vt -0.253903 2.273766
vt -0.253903 2.283078
vt -0.257860 2.273649
vt -0.257860 2.265144
vt -0.253903 2.265365
vt -0.253903 2.273766
vt -0.257860 2.265144
vt -0.257860 2.258394
vt -0.253903 2.258698
vt -0.253903 2.265365
vt -0.319980 2.272246
vt -0.312928 2.272246
vt -0.312832 2.277019
vt -0.319797 2.277019
vt -0.312928 2.272246
vt -0.305111 2.272246
vt -0.305111 2.277019
vt -0.312832 2.277019
vt -0.305111 2.272246
vt -0.297294 2.272246
vt -0.297391 2.277019
vt -0.305111 2.277019
vt -0.297294 2.272246
vt -0.290243 2.272246
vt -0.290426 2.277019
vt -0.297391 2.277019
vt -0.045064 2.307761
vt -0.045064 2.301011
vt -0.041107 2.300790
vt -0.041107 2.307457
vt -0.045064 2.301011
vt -0.045064 2.292506
vt -0.041107 2.292390
vt -0.041107 2.300790
vt -0.045064 2.292506
vt -0.045064 2.283078
vt -0.041107 2.283078
vt -0.041107 2.292390
vt -0.045064 2.283078
vt -0.045064 2.273650
vt -0.041107 2.273766
vt -0.041107 2.283078
vt -0.041107 2.273766
vt -0.041107 2.265365
vt -0.037247 2.266022
vt -0.037247 2.274111
vt -0.041107 2.265365
vt -0.041107 2.258699
vt -0.037247 2.259603
vt -0.037247 2.266022
vt -0.195842 2.258615
vt -0.195842 2.267016
vt -0.199702 2.267361
vt -0.199702 2.259272
vt -0.195842 2.267016
vt -0.195842 2.276328
vt -0.199702 2.276328
vt -0.199702 2.267361
vt -0.195842 2.276328
vt -0.195842 2.285640
vt -0.199702 2.285295
vt -0.199702 2.276328
vt -0.195842 2.285640
vt -0.195842 2.294040
vt -0.199702 2.293383
vt -0.199702 2.285295
vt -0.195842 2.294040
vt -0.195842 2.300707
vt -0.199702 2.299803
vt -0.199702 2.293383
vt -0.253903 2.300790
vt -0.253903 2.292390
vt -0.250044 2.292044
vt -0.250044 2.300133
vt -0.253903 2.292390
vt -0.253903 2.283078
vt -0.250044 2.283078
vt -0.250044 2.292044
vt -0.253903 2.283078
vt -0.253903 2.273766
vt -0.250044 2.274111
vt -0.250044 2.283078
vt -0.253903 2.273766
vt -0.253903 2.265365
vt -0.250044 2.266022
vt -0.250044 2.274111
vt -0.253903 2.265365
vt -0.253903 2.258698
vt -0.250044 2.259603
vt -0.250044 2.266022
vt -0.319797 2.277019
vt -0.312832 2.277019
vt -0.312546 2.281674
vt -0.319252 2.281674
vt -0.312832 2.277019
vt -0.305111 2.277019
vt -0.305111 2.281674
vt -0.312546 2.281674
vt -0.305111 2.277019
vt -0.297391 2.277019
vt -0.297677 2.281674
vt -0.305111 2.281674
vt -0.297391 2.277019
vt -0.290426 2.277019
vt -0.290970 2.281674
vt -0.297677 2.281674
vt -0.041107 2.307457
vt -0.041107 2.300790
vt -0.037247 2.300133
vt -0.037247 2.306553
vt -0.041107 2.300790
vt -0.041107 2.292390
vt -0.037247 2.292045
vt -0.037247 2.300133
vt -0.041107 2.292390
vt -0.041107 2.283078
vt -0.037247 2.283078
vt -0.037247 2.292045
vt -0.041107 2.283078
vt -0.041107 2.273766
vt -0.037247 2.274111
vt -0.037247 2.283078
vt -0.037247 2.274111
vt -0.037247 2.266022
vt -0.033580 2.267099
vt -0.033580 2.274678
vt -0.037247 2.266022
vt -0.037247 2.259603
vt -0.033580 2.261086
vt -0.033580 2.267099
vt -0.199702 2.259272
vt -0.199702 2.267361
vt -0.203369 2.267927
vt -0.203369 2.260349
vt -0.199702 2.267361
vt -0.199702 2.276328
vt -0.203369 2.276328
vt -0.203369 2.267927
vt -0.199702 2.276328
vt -0.199702 2.285295
vt -0.203369 2.284729
vt -0.203369 2.276328
vt -0.199702 2.285295
vt -0.199702 2.293383
vt -0.203369 2.292307
vt -0.203369 2.284729
vt -0.199702 2.293383
vt -0.199702 2.299803
vt -0.203369 2.298321
vt -0.203369 2.292307
vt -0.250044 2.300133
vt -0.250044 2.292044
vt -0.246376 2.291478
vt -0.246376 2.299057
vt -0.250044 2.292044
vt -0.250044 2.283078
vt -0.246376 2.283078
vt -0.246376 2.291478
vt -0.250044 2.283078
vt -0.250044 2.274111
vt -0.246376 2.274678
vt -0.246376 2.283078
vt -0.250044 2.274111
vt -0.250044 2.266022
vt -0.246376 2.267099
vt -0.246376 2.274678
vt -0.250044 2.266022
vt -0.250044 2.259603
vt -0.246376 2.261085
vt -0.246376 2.267099
vt -0.319252 2.281674
vt -0.312546 2.281674
vt -0.312076 2.286097
vt -0.318359 2.286097
vt -0.312546 2.281674
vt -0.305111 2.281674
vt -0.305111 2.286097
vt -0.312076 2.286097
vt -0.305111 2.281674
vt -0.297677 2.281674
vt -0.298146 2.286097
vt -0.305111 2.286097
vt -0.297677 2.281674
vt -0.290970 2.281674
vt -0.291863 2.286097
vt -0.298146 2.286097
vt -0.037247 2.306553
vt -0.037247 2.300133
vt -0.033580 2.299057
vt -0.033580 2.305071
vt -0.037247 2.300133
vt -0.037247 2.292045
vt -0.033580 2.291479
vt -0.033580 2.299057
vt -0.037247 2.292045
vt -0.037247 2.283078
vt -0.033580 2.283078
vt -0.033580 2.291479
vt -0.037247 2.283078
vt -0.037247 2.274111
vt -0.033580 2.274678
vt -0.033580 2.283078
vt -0.033580 2.274678
vt -0.033580 2.267099
vt -0.030196 2.268570
vt -0.030196 2.275451
vt -0.033580 2.267099
vt -0.033580 2.261086
vt -0.030196 2.263109
vt -0.030196 2.268570
vt -0.203369 2.260349
vt -0.203369 2.267927
vt -0.206753 2.268701
vt -0.206753 2.261819
vt -0.203369 2.267927
vt -0.203369 2.276328
vt -0.206753 2.276328
vt -0.206753 2.268701
vt -0.203369 2.276328
vt -0.203369 2.284729
vt -0.206753 2.283955
vt -0.206753 2.276328
vt -0.203369 2.284729
vt -0.203369 2.292307
vt -0.206753 2.290836
vt -0.206753 2.283955
vt -0.203369 2.292307
vt -0.203369 2.298321
vt -0.206753 2.296297
vt -0.206753 2.290836
vt -0.246376 2.299057
vt -0.246376 2.291478
vt -0.242992 2.290705
vt -0.242992 2.297586
vt -0.246376 2.291478
vt -0.246376 2.283078
vt -0.242992 2.283078
vt -0.242992 2.290705
vt -0.246376 2.283078
vt -0.246376 2.274678
vt -0.242992 2.275450
vt -0.242992 2.283078
vt -0.246376 2.274678
vt -0.246376 2.267099
vt -0.242992 2.268569
vt -0.242992 2.275450
vt -0.246376 2.267099
vt -0.246376 2.261085
vt -0.242992 2.263109
vt -0.242992 2.268569
vt -0.318359 2.286097
vt -0.312076 2.286097
vt -0.311435 2.290179
vt -0.317140 2.290179
vt -0.312076 2.286097
vt -0.305111 2.286097
vt -0.305111 2.290179
vt -0.311435 2.290179
vt -0.305111 2.286097
vt -0.298146 2.286097
vt -0.298787 2.290179
vt -0.305111 2.290179
vt -0.298146 2.286097
vt -0.291863 2.286097
vt -0.293082 2.290179
vt -0.298787 2.290179
vt -0.033580 2.305071
vt -0.033580 2.299057
vt -0.030196 2.297586
vt -0.030196 2.303047
vt -0.033580 2.299057
vt -0.033580 2.291479
vt -0.030196 2.290706
vt -0.030196 2.297586
vt -0.033580 2.291479
vt -0.033580 2.283078
vt -0.030196 2.283078
vt -0.030196 2.290706
vt -0.033580 2.283078
vt -0.033580 2.274678
vt -0.030196 2.275451
vt -0.030196 2.283078
vt -0.030196 2.275451
vt -0.030196 2.268570
vt -0.027177 2.270397
vt -0.027177 2.276412
vt -0.030196 2.268570
vt -0.030196 2.263109
vt -0.027177 2.265625
vt -0.027177 2.270397
vt -0.206753 2.261819
vt -0.206753 2.268701
vt -0.209772 2.269661
vt -0.209772 2.263647
vt -0.206753 2.268701
vt -0.206753 2.276328
vt -0.209772 2.276328
vt -0.209772 2.269661
vt -0.206753 2.276328
vt -0.206753 2.283955
vt -0.209772 2.282995
vt -0.209772 2.276328
vt -0.206753 2.283955
vt -0.206753 2.290836
vt -0.209772 2.289009
vt -0.209772 2.282995
vt -0.206753 2.290836
vt -0.206753 2.296297
vt -0.209772 2.293781
vt -0.209772 2.289009
vt -0.242992 2.297586
vt -0.242992 2.290705
vt -0.239974 2.289744
vt -0.239974 2.295758
vt -0.242992 2.290705
vt -0.242992 2.283078
vt -0.239974 2.283078
vt -0.239974 2.289744
vt -0.242992 2.283078
vt -0.242992 2.275450
vt -0.239974 2.276411
vt -0.239974 2.283078
vt -0.242992 2.275450
vt -0.242992 2.268569
vt -0.239974 2.270397
vt -0.239974 2.276411
vt -0.242992 2.268569
vt -0.242992 2.263109
vt -0.239974 2.265624
vt -0.239974 2.270397
vt -0.317140 2.290179
vt -0.311435 2.290179
vt -0.310639 2.293820
vt -0.315625 2.293820
vt -0.311435 2.290179
vt -0.305111 2.290179
vt -0.305111 2.293820
vt -0.310639 2.293820
vt -0.305111 2.290179
vt -0.298787 2.290179
vt -0.299584 2.293820
vt -0.305111 2.293820
vt -0.298787 2.290179
vt -0.293082 2.290179
vt -0.294598 2.293820
vt -0.299584 2.293820
vt -0.030196 2.303047
vt -0.030196 2.297586
vt -0.027177 2.295758
vt -0.027177 2.300531
vt -0.030196 2.297586
vt -0.030196 2.290706
vt -0.027177 2.289745
vt -0.027177 2.295758
vt -0.030196 2.290706
vt -0.030196 2.283078
vt -0.027177 2.283078
vt -0.027177 2.289745
vt -0.030196 2.283078
vt -0.030196 2.275451
vt -0.027177 2.276412
vt -0.027177 2.283078
vt -0.027177 2.276412
vt -0.027177 2.270397
vt -0.024599 2.272537
vt -0.024599 2.277536
vt -0.386119 2.258394
vt -0.382162 2.263167
vt -0.384603 2.265307
vt -0.387893 2.261340
vt -0.209772 2.263647
vt -0.209772 2.269661
vt -0.212349 2.270786
vt -0.212349 2.265787
vt -0.209772 2.269661
vt -0.209772 2.276328
vt -0.212349 2.276328
vt -0.212349 2.270786
vt -0.209772 2.276328
vt -0.209772 2.282995
vt -0.212349 2.281869
vt -0.212349 2.276328
vt -0.209772 2.282995
vt -0.209772 2.289009
vt -0.212349 2.286869
vt -0.212349 2.281869
vt -0.382162 2.288528
vt -0.386119 2.293301
vt -0.387893 2.290356
vt -0.384603 2.286389
vt -0.239974 2.295758
vt -0.239974 2.289744
vt -0.237396 2.288619
vt -0.237396 2.293619
vt -0.239974 2.289744
vt -0.239974 2.283078
vt -0.237396 2.283078
vt -0.237396 2.288619
vt -0.239974 2.283078
vt -0.239974 2.276411
vt -0.237396 2.277536
vt -0.237396 2.283078
vt -0.239974 2.276411
vt -0.239974 2.270397
vt -0.237396 2.272537
vt -0.237396 2.277536
vt -0.407146 2.293301
vt -0.411103 2.288528
vt -0.408661 2.286389
vt -0.405372 2.290356
vt -0.315625 2.293820
vt -0.310639 2.293820
vt -0.309706 2.296929
vt -0.313851 2.296929
vt -0.310639 2.293820
vt -0.305111 2.293820
vt -0.305111 2.296929
vt -0.309706 2.296929
vt -0.305111 2.293820
vt -0.299584 2.293820
vt -0.300517 2.296929
vt -0.305111 2.296929
vt -0.299584 2.293820
vt -0.294598 2.293820
vt -0.296372 2.296929
vt -0.300517 2.296929
vt -0.411103 2.263167
vt -0.407146 2.258394
vt -0.405372 2.261340
vt -0.408661 2.265307
vt -0.027177 2.295758
vt -0.027177 2.289745
vt -0.024599 2.288620
vt -0.024599 2.293619
vt -0.027177 2.289745
vt -0.027177 2.283078
vt -0.024599 2.283078
vt -0.024599 2.288620
vt -0.027177 2.283078
vt -0.027177 2.276412
vt -0.024599 2.277536
vt -0.024599 2.283078
vt -0.392038 2.258792
vt -0.387893 2.261340
vt -0.389882 2.264642
vt -0.393084 2.262675
vt -0.387893 2.261340
vt -0.384603 2.265307
vt -0.387342 2.267706
vt -0.389882 2.264642
vt -0.384603 2.265307
vt -0.382492 2.270306
vt -0.385710 2.271568
vt -0.387342 2.267706
vt -0.212349 2.270786
vt -0.212349 2.276328
vt -0.214424 2.276328
vt -0.214424 2.272048
vt -0.212349 2.276328
vt -0.212349 2.281869
vt -0.214424 2.280608
vt -0.214424 2.276328
vt -0.382492 2.281389
vt -0.384603 2.286389
vt -0.387342 2.283989
vt -0.385710 2.280128
vt -0.384603 2.286389
vt -0.387893 2.290356
vt -0.389882 2.287054
vt -0.387342 2.283989
vt -0.387893 2.290356
vt -0.392038 2.292903
vt -0.393084 2.289021
vt -0.389882 2.287054
vt -0.237396 2.288619
vt -0.237396 2.283078
vt -0.235322 2.283078
vt -0.235322 2.287358
vt -0.237396 2.283078
vt -0.237396 2.277536
vt -0.235322 2.278797
vt -0.235322 2.283078
vt -0.401227 2.292903
vt -0.405372 2.290356
vt -0.403383 2.287054
vt -0.400181 2.289021
vt -0.405372 2.290356
vt -0.408661 2.286389
vt -0.405923 2.283989
vt -0.403383 2.287054
vt -0.408661 2.286389
vt -0.410773 2.281389
vt -0.407555 2.280128
vt -0.405923 2.283989
vt -0.309706 2.296929
vt -0.305111 2.296929
vt -0.305111 2.299430
vt -0.308660 2.299430
vt -0.305111 2.296929
vt -0.300517 2.296929
vt -0.301563 2.299430
vt -0.305111 2.299430
vt -0.410773 2.270306
vt -0.408661 2.265307
vt -0.405923 2.267706
vt -0.407555 2.271568
vt -0.408661 2.265307
vt -0.405372 2.261340
vt -0.403383 2.264642
vt -0.405923 2.267706
vt -0.405372 2.261340
vt -0.401227 2.258792
vt -0.400181 2.262675
vt -0.403383 2.264642
vt -0.024599 2.288620
vt -0.024599 2.283078
vt -0.022525 2.283078
vt -0.022525 2.287359
vt -0.024599 2.283078
vt -0.024599 2.277536
vt -0.022525 2.278798
vt -0.022525 2.283078
vt -0.393084 2.262675
vt -0.389882 2.264642
vt -0.392038 2.268221
vt -0.394217 2.266881
vt -0.389882 2.264642
vt -0.387342 2.267706
vt -0.390308 2.270306
vt -0.392038 2.268221
vt -0.387342 2.267706
vt -0.385710 2.271568
vt -0.389198 2.272934
vt -0.390308 2.270306
vt -0.385710 2.271568
vt -0.385148 2.275848
vt -0.388816 2.275848
vt -0.389198 2.272934
vt -0.385148 2.275848
vt -0.385710 2.280128
vt -0.389198 2.278761
vt -0.388816 2.275848
vt -0.385710 2.280128
vt -0.387342 2.283989
vt -0.390308 2.281389
vt -0.389198 2.278761
vt -0.387342 2.283989
vt -0.389882 2.287054
vt -0.392038 2.283475
vt -0.390308 2.281389
vt -0.389882 2.287054
vt -0.393084 2.289021
vt -0.394217 2.284815
vt -0.392038 2.283475
vt -0.393084 2.289021
vt -0.396632 2.289699
vt -0.396632 2.285276
vt -0.394217 2.284815
vt -0.396632 2.289699
vt -0.400181 2.289021
vt -0.399048 2.284815
vt -0.396632 2.285276
vt -0.400181 2.289021
vt -0.403383 2.287054
vt -0.401227 2.283475
vt -0.399048 2.284815
vt -0.403383 2.287054
vt -0.405923 2.283989
vt -0.402956 2.281389
vt -0.401227 2.283475
vt -0.405923 2.283989
vt -0.407555 2.280128
vt -0.404067 2.278761
vt -0.402956 2.281389
vt -0.407555 2.280128
vt -0.408117 2.275848
vt -0.404449 2.275848
vt -0.404067 2.278761
vt -0.408117 2.275848
vt -0.407555 2.271568
vt -0.404067 2.272934
vt -0.404449 2.275848
vt -0.407555 2.271568
vt -0.405923 2.267706
vt -0.402956 2.270306
vt -0.404067 2.272934
vt -0.405923 2.267706
vt -0.403383 2.264642
vt -0.401227 2.268221
vt -0.402956 2.270306
vt -0.403383 2.264642
vt -0.400181 2.262675
vt -0.399048 2.266881
vt -0.401227 2.268221
vt -0.400181 2.262675
vt -0.396632 2.261997
vt -0.396632 2.266420
vt -0.399048 2.266881
vt -0.396632 2.261997
vt -0.393084 2.262675
vt -0.394217 2.266881
vt -0.396632 2.266420
vt -0.394217 2.266881
vt -0.392038 2.268221
vt -0.394306 2.271987
vt -0.395410 2.271309
vt -0.392038 2.268221
vt -0.390308 2.270306
vt -0.393431 2.273043
vt -0.394306 2.271987
vt -0.390308 2.270306
vt -0.389198 2.272934
vt -0.392869 2.274373
vt -0.393431 2.273043
vt -0.389198 2.272934
vt -0.388816 2.275848
vt -0.392675 2.275848
vt -0.392869 2.274373
vt -0.388816 2.275848
vt -0.389198 2.278761
vt -0.392869 2.277323
vt -0.392675 2.275848
vt -0.389198 2.278761
vt -0.390308 2.281389
vt -0.393431 2.278654
vt -0.392869 2.277323
vt -0.390308 2.281389
vt -0.392038 2.283475
vt -0.394306 2.279709
vt -0.393431 2.278654
vt -0.392038 2.283475
vt -0.394217 2.284815
vt -0.395410 2.280387
vt -0.394306 2.279709
vt -0.394217 2.284815
vt -0.396632 2.285276
vt -0.396632 2.280621
vt -0.395410 2.280387
vt -0.396632 2.285276
vt -0.399048 2.284815
vt -0.397855 2.280387
vt -0.396632 2.280621
vt -0.399048 2.284815
vt -0.401227 2.283475
vt -0.398959 2.279709
vt -0.397855 2.280387
vt -0.401227 2.283475
vt -0.402956 2.281389
vt -0.399834 2.278654
vt -0.398959 2.279709
vt -0.402956 2.281389
vt -0.404067 2.278761
vt -0.400396 2.277323
vt -0.399834 2.278654
vt -0.404067 2.278761
vt -0.404449 2.275848
vt -0.400590 2.275848
vt -0.400396 2.277323
vt -0.404449 2.275848
vt -0.404067 2.272934
vt -0.400396 2.274373
vt -0.400590 2.275848
vt -0.404067 2.272934
vt -0.402956 2.270306
vt -0.399834 2.273043
vt -0.400396 2.274373
vt -0.402956 2.270306
vt -0.401227 2.268221
vt -0.398959 2.271987
vt -0.399834 2.273043
vt -0.401227 2.268221
vt -0.399048 2.266881
vt -0.397855 2.271309
vt -0.398959 2.271987
vt -0.399048 2.266881
vt -0.396632 2.266420
vt -0.396632 2.271075
vt -0.397855 2.271309
vt -0.396632 2.266420
vt -0.394217 2.266881
vt -0.395410 2.271309
vt -0.396632 2.271075
vt 0.024113 2.282773
vt 0.024675 2.284104
vt 0.020912 2.285579
vt 0.023238 2.281718
vt 0.024113 2.282773
vt 0.020912 2.285579
vt 0.022134 2.281040
vt 0.023238 2.281718
vt 0.020912 2.285579
vt 0.020912 2.280807
vt 0.022134 2.281040
vt 0.020912 2.285579
vt 0.019689 2.281040
vt 0.020912 2.280807
vt 0.020912 2.285579
vt 0.018586 2.281718
vt 0.019689 2.281040
vt 0.020912 2.285579
vt 0.017710 2.282773
vt 0.018586 2.281718
vt 0.020912 2.285579
vt 0.017148 2.284104
vt 0.017710 2.282773
vt 0.020912 2.285579
vt 0.016954 2.285579
vt 0.017148 2.284104
vt 0.020912 2.285579
vt 0.017148 2.287055
vt 0.016954 2.285579
vt 0.020912 2.285579
vt 0.017710 2.288385
vt 0.017148 2.287055
vt 0.020912 2.285579
vt 0.018586 2.289441
vt 0.017710 2.288385
vt 0.020912 2.285579
vt 0.019689 2.290119
vt 0.018586 2.289441
vt 0.020912 2.285579
vt 0.020912 2.290352
vt 0.019689 2.290119
vt 0.020912 2.285579
vt 0.022134 2.290119
vt 0.020912 2.290352
vt 0.020912 2.285579
vt 0.023238 2.289441
vt 0.022134 2.290119
vt 0.020912 2.285579
vt 0.024113 2.288385
vt 0.023238 2.289441
vt 0.020912 2.285579
vt 0.024675 2.287055
vt 0.024113 2.288385
vt 0.020912 2.285579
vt 0.024869 2.285579
vt 0.024675 2.287055
vt 0.020912 2.285579
vt 0.024675 2.284104
vt 0.024869 2.285579
vt 0.020912 2.285579
vt -0.395410 2.271309
vt -0.394306 2.271987
vt -0.396632 2.275848
vt -0.394306 2.271987
vt -0.393431 2.273043
vt -0.396632 2.275848
vt -0.393431 2.273043
vt -0.392869 2.274373
vt -0.396632 2.275848
vt -0.392869 2.274373
vt -0.392675 2.275848
vt -0.396632 2.275848
vt -0.392675 2.275848
vt -0.392869 2.277323
vt -0.396632 2.275848
vt -0.392869 2.277323
vt -0.393431 2.278654
vt -0.396632 2.275848
vt -0.393431 2.278654
vt -0.394306 2.279709
vt -0.396632 2.275848
vt -0.394306 2.279709
vt -0.395410 2.280387
vt -0.396632 2.275848
vt -0.395410 2.280387
vt -0.396632 2.280621
vt -0.396632 2.275848
vt -0.396632 2.280621
vt -0.397855 2.280387
vt -0.396632 2.275848
vt -0.397855 2.280387
vt -0.398959 2.279709
vt -0.396632 2.275848
vt -0.398959 2.279709
vt -0.399834 2.278654
vt -0.396632 2.275848
vt -0.399834 2.278654
vt -0.400396 2.277323
vt -0.396632 2.275848
vt -0.400396 2.277323
vt -0.400590 2.275848
vt -0.396632 2.275848
vt -0.400590 2.275848
vt -0.400396 2.274373
vt -0.396632 2.275848
vt -0.400396 2.274373
vt -0.399834 2.273043
vt -0.396632 2.275848
vt -0.399834 2.273043
vt -0.398959 2.271987
vt -0.396632 2.275848
vt -0.398959 2.271987
vt -0.397855 2.271309
vt -0.396632 2.275848
vt -0.397855 2.271309
vt -0.396632 2.271075
vt -0.396632 2.275848
vt -0.396632 2.271075
vt -0.395410 2.271309
vt -0.396632 2.275848
vt 0.613324 2.247824
vt 0.613324 2.157017
vt 0.674878 2.156864
vt 0.674878 2.247979
vt 1.287185 2.276700
vt 1.287185 2.376112
vt 1.225632 2.374650
vt 1.225632 2.278162
vt 0.486383 2.247825
vt 0.486383 2.157018
vt 0.547937 2.156864
vt 0.547937 2.247979
vt 1.143179 2.376112
vt 1.143179 2.276700
vt 1.204733 2.278162
vt 1.204733 2.374650
vt 0.938302 2.355385
vt 0.938302 2.133253
vt 0.985329 2.175151
vt 0.985329 2.313487
vt 1.357735 2.196438
vt 1.357735 2.456373
vt 1.331675 2.399653
vt 1.331675 2.253159
vt 0.917404 2.133253
vt 0.917404 2.355385
vt 0.870377 2.313487
vt 0.870377 2.175151
vt 1.072630 2.456373
vt 1.072630 2.196439
vt 1.098690 2.253158
vt 1.098690 2.399653
vt 2.008308 2.570864
vt 1.706938 2.570864
vt 1.765538 2.474398
vt 1.949708 2.474398
vt 1.706938 2.117996
vt 2.008308 2.117996
vt 1.949708 2.214463
vt 1.765538 2.214463
vt 2.008308 2.117996
vt 2.008308 2.570864
vt 1.949708 2.474398
vt 1.949708 2.214463
vt 1.706938 2.570864
vt 1.706938 2.117996
vt 1.765538 2.214463
vt 1.765538 2.474398
vt 1.632814 2.101598
vt 1.241315 2.101598
vt 1.286379 1.962714
vt 1.587750 1.962714
vt 1.241315 1.370962
vt 1.632814 1.370962
vt 1.587750 1.509846
vt 1.286379 1.509846
vt 1.632814 1.370962
vt 1.632814 2.101598
vt 1.587750 1.962714
vt 1.587750 1.509846
vt 1.241315 2.101598
vt 1.241315 1.370962
vt 1.286379 1.509846
vt 1.286379 1.962714
vt 0.845299 2.116855
vt 0.345112 2.116855
vt 0.399456 2.059585
vt 0.790955 2.059585
vt 0.345112 1.271678
vt 0.845299 1.271678
vt 0.790955 1.328948
vt 0.399456 1.328948
vt 0.845299 1.271678
vt 0.845299 2.116855
vt 0.790955 2.059585
vt 0.790955 1.328948
vt 0.345112 2.116855
vt 0.345112 1.271678
vt 0.399456 1.328948
vt 0.399456 2.059585
vt -0.052882 2.241997
vt -0.723693 2.241997
vt -0.638381 2.151452
vt -0.138194 2.151452
vt -0.723693 1.215731
vt -0.052882 1.215731
vt -0.138194 1.306275
vt -0.638381 1.306275
vt -0.052882 1.215731
vt -0.052882 2.241997
vt -0.138194 2.151452
vt -0.138194 1.306275
vt -0.723693 2.241997
vt -0.723693 1.215731
vt -0.638381 1.306275
vt -0.638381 2.151452
vt -0.276230 1.181683
vt -1.151783 1.181683
vt -1.049412 1.086754
vt -0.378601 1.086754
vt -1.151783 -0.034442
vt -0.276230 -0.034442
vt -0.378601 0.060488
vt -1.049412 0.060488
vt -0.276230 -0.034442
vt -0.276230 1.181683
vt -0.378601 1.086754
vt -0.378601 0.060488
vt -1.151783 1.181683
vt -1.151783 -0.034442
vt -1.049412 0.060488
vt -1.049412 1.086754
vt -1.105451 -0.202789
vt -0.229898 -0.202789
vt -0.133017 -0.050840
vt -1.202332 -0.050840
vt 0.226261 -0.193965
vt 1.055303 -0.193965
vt 1.175440 -0.050840
vt 0.106125 -0.050840
vt 1.055303 -1.427739
vt 0.226261 -1.427739
vt 0.106125 -1.570864
vt 1.175440 -1.570864
vt -0.229898 -1.418914
vt -1.105451 -1.418914
vt -1.202332 -1.570864
vt -0.133017 -1.570864
vt 0.226261 -1.427739
vt 0.226261 -0.193965
vt 0.106125 -0.050840
vt 0.106125 -1.570864
vt -0.229898 -0.202789
vt -0.229898 -1.418914
vt -0.133017 -1.570864
vt -0.133017 -0.050840
vt -1.105451 -1.418914
vt -1.105451 -0.202789
vt -1.202332 -0.050840
vt -1.202332 -1.570864
vt 1.055303 -0.193965
vt 1.055303 -1.427739
vt 1.175440 -1.570864
vt 1.175440 -0.050840
vt 1.253638 -0.259474
vt 2.082680 -0.259474
vt 2.134835 -0.181858
vt 1.201484 -0.181858
vt 1.117802 1.276948
vt 1.946844 1.276948
vt 1.998999 1.354564
vt 1.065648 1.354564
vt 1.946844 0.043174
vt 1.117802 0.043174
vt 1.065648 -0.034442
vt 1.998999 -0.034442
vt 2.082680 -1.493248
vt 1.253638 -1.493248
vt 1.201484 -1.570864
vt 2.134835 -1.570864
vt 1.117802 0.043174
vt 1.117802 1.276948
vt 1.065648 1.354564
vt 1.065648 -0.034442
vt 2.082680 -0.259474
vt 2.082680 -1.493248
vt 2.134835 -1.570864
vt 2.134835 -0.181858
vt 1.253638 -1.493248
vt 1.253638 -0.259474
vt 1.201484 -0.181858
vt 1.201484 -1.570864
vt 1.946844 1.276948
vt 1.946844 0.043174
vt 1.998999 -0.034442
vt 1.998999 1.354564
vt 0.318575 2.215655
vt 0.252173 2.215655
vt 0.252173 1.215731
vt 0.318575 1.215731
vt -1.033972 2.323814
vt -1.108728 2.323814
vt -1.108728 1.198081
vt -1.033972 1.198081
vt 1.044749 1.255280
vt 0.962941 1.255280
vt 0.962941 -0.034442
vt 1.044749 -0.034442
vt -0.839445 2.254103
vt -0.909572 2.254103
vt -0.909572 1.198082
vt -0.839445 1.198082
vt 1.125517 2.180040
vt 1.055436 2.180040
vt 1.055436 1.370962
vt 1.125517 1.370962
vt 2.021833 1.974247
vt 1.951639 1.974247
vt 1.951639 1.370962
vt 2.021833 1.370962
vt 2.190308 2.200730
vt 2.116507 2.200730
vt 2.116507 1.728536
vt 2.190308 1.728536
vt 1.598739 2.481485
vt 1.532336 2.481485
vt 1.532336 2.117996
vt 1.598739 2.117996
vt 0.849479 2.355385
vt 0.783077 2.355385
vt 0.783077 2.133253
vt 0.849479 2.133253
vt 0.159233 1.215731
vt 0.225635 1.215731
vt 0.225635 2.215655
vt 0.159233 2.215655
vt -1.009150 1.198081
vt -0.934394 1.198081
vt -0.934394 2.323813
vt -1.009150 2.323813
vt 0.860234 -0.034442
vt 0.942043 -0.034442
vt 0.942043 1.255280
vt 0.860234 1.255280
vt -0.816633 1.198081
vt -0.746505 1.198081
vt -0.746505 2.254103
vt -0.816633 2.254103
vt 1.148376 1.370962
vt 1.218456 1.370962
vt 1.218456 2.180040
vt 1.148376 2.180040
vt 1.858699 1.370962
vt 1.928893 1.370962
vt 1.928893 1.974247
vt 1.858699 1.974247
vt 2.044579 1.239943
vt 2.118380 1.239943
vt 2.118380 1.712138
vt 2.044579 1.712138
vt 1.445036 2.117996
vt 1.511438 2.117996
vt 1.511438 2.481484
vt 1.445036 2.481484
vt 0.695777 2.133253
vt 0.762179 2.133253
vt 0.762179 2.355385
vt 0.695777 2.355385
vt 0.772934 1.199333
vt 0.772934 -0.034442
vt 0.839336 -0.034442
vt 0.839336 1.199333
vt 2.115551 1.223545
vt 2.115551 -0.165460
vt 2.190308 -0.165460
vt 2.190308 1.223545
vt -0.106309 -0.050840
vt -0.106309 -1.570864
vt -0.024500 -1.570864
vt -0.024500 -0.050840
vt -0.255332 1.181684
vt -0.255332 -0.034442
vt -0.185205 -0.034442
vt -0.185205 1.181684
vt 0.066293 2.241997
vt 0.066293 1.215731
vt 0.136374 1.215731
vt 0.136374 2.241997
vt 0.962496 2.116855
vt 0.962496 1.271678
vt 1.032690 1.271678
vt 1.032690 2.116855
vt 1.659543 2.101598
vt 1.659543 1.370962
vt 1.733344 1.370962
vt 1.733344 2.101598
vt 1.619637 2.570864
vt 1.619637 2.117996
vt 1.686040 2.117996
vt 1.686040 2.570864
vt 1.357735 2.456373
vt 1.357735 2.196438
vt 1.424137 2.196438
vt 1.424137 2.456373
vt 0.064349 2.354883
vt 0.064349 2.258394
vt 0.139892 2.258394
vt 0.139892 2.354883
vt 0.080682 2.335747
vt 0.064488 2.335747
vt 0.064488 2.354710
vt 0.080682 2.354710
vt 0.138620 2.335747
vt 0.122425 2.335747
vt 0.122425 2.354710
vt 0.138620 2.354710
vt 0.064488 2.277385
vt 0.080682 2.277385
vt 0.080682 2.258422
vt 0.064488 2.258422
vt 0.122425 2.277385
vt 0.138620 2.277385
vt 0.138620 2.258422
vt 0.122425 2.258422
vt 1.006227 2.456373
vt 1.006227 2.196439
vt 1.072630 2.196439
vt 1.072630 2.456373
vt 2.029206 2.443513
vt 2.029206 1.990645
vt 2.095608 1.990645
vt 2.095608 2.443513
vt 1.759121 2.101598
vt 1.759121 1.370962
vt 1.832922 1.370962
vt 1.832922 2.101598
vt 0.869557 2.116855
vt 0.869557 1.271678
vt 0.939750 1.271678
vt 0.939750 2.116855
vt -0.026646 2.241997
vt -0.026646 1.215731
vt 0.043435 1.215731
vt 0.043435 2.241997
vt -1.202332 2.414207
vt -1.202332 1.198082
vt -1.132204 1.198082
vt -1.132204 2.414207
vt -0.000092 -0.050840
vt -0.000092 -1.570864
vt 0.081716 -1.570864
vt 0.081716 -0.050840
vt 2.019897 1.223545
vt 2.019897 -0.165460
vt 2.094654 -0.165460
vt 2.094654 1.223545
vt -0.164307 1.199333
vt -0.164307 -0.034442
vt -0.097905 -0.034442
vt -0.097905 1.199333
vt -0.077006 1.199333
vt -0.077006 -0.034442
vt 0.752036 -0.034442
vt 0.752036 1.199333
vt -0.570873 2.277927
vt -0.570873 2.258395
vt -0.560182 2.259912
vt -0.560182 2.276410
vt -0.602462 2.277927
vt -0.602462 2.258395
vt -0.591771 2.259912
vt -0.591771 2.276410
vt -0.812897 2.270501
vt -0.812897 2.289463
vt -0.823589 2.287990
vt -0.823589 2.271975
vt -1.078893 2.340212
vt -1.065615 2.340212
vt -1.065615 2.356709
vt -1.078893 2.356709
vt -0.886768 2.289463
vt -0.886768 2.270501
vt -0.876077 2.271975
vt -0.876077 2.287990
vt -0.697231 2.277927
vt -0.697231 2.258394
vt -0.686539 2.259912
vt -0.686539 2.276409
vt -0.728820 2.277927
vt -0.728820 2.258395
vt -0.718129 2.259912
vt -0.718129 2.276410
vt -0.844487 2.270501
vt -0.844487 2.289463
vt -0.855179 2.287990
vt -0.855179 2.271975
vt -1.113070 2.340212
vt -1.099791 2.340212
vt -1.099791 2.356709
vt -1.113070 2.356709
vt -0.918358 2.359174
vt -0.918358 2.340212
vt -0.907666 2.341685
vt -0.907666 2.357701
vt -0.634052 2.277927
vt -0.634052 2.258395
vt -0.623360 2.259912
vt -0.623360 2.276410
vt -0.665641 2.277927
vt -0.665641 2.258395
vt -0.654950 2.259912
vt -0.654950 2.276410
vt -1.002435 2.340212
vt -1.002435 2.359174
vt -1.013127 2.357701
vt -1.013127 2.341685
vt -1.147247 2.430605
vt -1.133968 2.430605
vt -1.133968 2.447102
vt -1.147247 2.447102
vt -0.949948 2.359174
vt -0.949948 2.340212
vt -0.939256 2.341685
vt -0.939256 2.357701
vt -0.760410 2.290033
vt -0.760410 2.270501
vt -0.749718 2.272018
vt -0.749718 2.288516
vt -0.791999 2.290033
vt -0.791999 2.270501
vt -0.781308 2.272018
vt -0.781308 2.288516
vt -1.034025 2.340212
vt -1.034025 2.359174
vt -1.044717 2.357701
vt -1.044717 2.341685
vt -1.181423 2.430605
vt -1.168145 2.430605
vt -1.168145 2.447102
vt -1.181423 2.447102
vt -0.981537 2.359174
vt -0.981537 2.340212
vt -0.970846 2.341685
vt -0.970846 2.357701
vt 0.482691 2.249379
vt 0.482691 2.155463
vt 0.486383 2.157018
vt 0.486383 2.247825
vt 1.290877 2.274998
vt 1.290877 2.377813
vt 1.287185 2.376112
vt 1.287185 2.276700
vt 0.609632 2.249378
vt 0.609632 2.155463
vt 0.613324 2.157017
vt 0.613324 2.247824
vt 1.139487 2.377813
vt 1.139487 2.274999
vt 1.143179 2.276700
vt 1.143179 2.376112
vt 0.441893 2.271589
vt 0.441893 2.133253
vt 0.482691 2.155463
vt 0.482691 2.249379
vt 1.331675 2.253159
vt 1.331675 2.399653
vt 1.290877 2.377813
vt 1.290877 2.274998
vt 0.568835 2.271589
vt 0.568835 2.133253
vt 0.609632 2.155463
vt 0.609632 2.249378
vt 1.098690 2.399653
vt 1.098690 2.253158
vt 1.139487 2.274999
vt 1.139487 2.377813
vt -1.656234 4.474622
vt -1.656233 4.474620
vt -1.974300 4.474621
vt -1.974299 4.474622
vt -1.656233 4.474623
vt -1.656234 4.474622
vt -1.974299 4.474622
vt -1.974299 4.474624
vt -1.656233 4.474624
vt -1.656233 4.474623
vt -1.974299 4.474624
vt -1.974300 4.474624
vt -1.656234 4.474625
vt -1.656233 4.474624
vt -1.974300 4.474624
vt -1.974299 4.474625
vt -1.656234 4.533642
vt -1.656233 4.533639
vt -1.974300 4.533639
vt -1.974299 4.533642
vt -1.656233 4.533643
vt -1.656234 4.533642
vt -1.974299 4.533642
vt -1.974299 4.533644
vt -1.656233 4.533644
vt -1.656233 4.533643
vt -1.974299 4.533644
vt -1.974300 4.533644
vt -1.656234 4.533645
vt -1.656233 4.533644
vt -1.974300 4.533644
vt -1.974299 4.533645
vt -1.656233 4.533646
vt -1.656234 4.533645
vt -1.974299 4.533645
vt -1.974300 4.533647
vt -1.656234 4.592662
vt -1.656233 4.592660
vt -1.974300 4.592661
vt -1.974299 4.592662
vt -1.656233 4.592663
vt -1.656234 4.592662
vt -1.974299 4.592662
vt -1.974299 4.592664
vt -1.656233 4.592664
vt -1.656233 4.592663
vt -1.974299 4.592664
vt -1.974300 4.592664
vt -1.656234 4.592665
vt -1.656233 4.592664
vt -1.974300 4.592664
vt -1.974299 4.592665
vt -1.974301 4.299657
vt -1.974301 4.299658
vt -1.656234 4.299658
vt -1.656234 4.299657
vt -1.974301 4.299655
vt -1.974301 4.299657
vt -1.656234 4.299657
vt -1.656234 4.299655
vt -1.974301 4.299654
vt -1.974301 4.299655
vt -1.656234 4.299655
vt -1.656234 4.299654
vt -1.974301 4.299653
vt -1.974301 4.299654
vt -1.656234 4.299654
vt -1.656234 4.299653
vt -1.656233 4.474618
vt -1.656233 4.474618
vt -1.974300 4.474619
vt -1.974300 4.474619
vt -1.656233 4.474619
vt -1.656233 4.474618
vt -1.974300 4.474619
vt -1.974300 4.474620
vt -1.656233 4.474620
vt -1.656233 4.474619
vt -1.974300 4.474620
vt -1.974300 4.474621
vt -3.300450 4.067370
vt -3.300450 4.067370
vt -3.265485 4.067371
vt -3.267199 4.054777
vt -3.298738 3.378949
vt -3.298738 3.378949
vt -3.265485 3.366356
vt -3.270453 3.354995
vt -3.265488 3.097747
vt -3.265485 3.097746
vt -3.286037 3.064776
vt -3.293774 3.073793
vt -3.265487 3.966252
vt -3.265485 3.966249
vt -3.293774 3.942296
vt -3.298738 3.953658
vt -3.265488 3.966252
vt -3.265487 3.966252
vt -3.298738 3.953658
vt -3.300452 3.966253
vt -3.265487 3.966254
vt -3.265488 3.966252
vt -3.300452 3.966253
vt -3.298738 3.978848
vt -3.265485 3.261262
vt -3.265488 3.261260
vt -3.298738 3.273854
vt -3.293774 3.285215
vt -2.027794 4.612977
vt -2.027795 4.612977
vt -2.056081 4.636932
vt -2.048345 4.645947
vt -2.027794 4.612978
vt -2.027794 4.612977
vt -2.048345 4.645947
vt -2.038598 4.651737
vt -2.027793 4.612978
vt -2.027794 4.612978
vt -2.038598 4.651737
vt -2.027793 4.653733
vt -2.027791 4.612979
vt -2.027793 4.612978
vt -2.027793 4.653733
vt -2.016987 4.651738
vt -2.027790 4.612977
vt -2.027791 4.612979
vt -2.016987 4.651738
vt -2.007238 4.645948
vt -3.300451 4.152091
vt -3.300451 4.152092
vt -3.279900 4.185062
vt -3.272165 4.176044
vt -3.300450 4.152089
vt -3.300451 4.152091
vt -3.272165 4.176044
vt -3.267198 4.164683
vt -3.300450 4.152088
vt -3.300450 4.152089
vt -3.267198 4.164683
vt -3.265485 4.152088
vt -3.300450 3.866365
vt -3.300450 3.866367
vt -3.265485 3.866367
vt -3.267199 3.853772
vt -3.300452 3.866364
vt -3.300450 3.866365
vt -3.267199 3.853772
vt -3.272165 3.842410
vt -3.293774 3.004013
vt -3.293774 3.004014
vt -3.265485 2.980059
vt -3.273224 2.971042
vt -3.300450 4.067373
vt -3.300452 4.067373
vt -3.272164 4.091329
vt -3.267198 4.079966
vt -3.300450 4.067370
vt -3.300450 4.067373
vt -3.267198 4.079966
vt -3.265485 4.067371
vt -1.974300 4.672059
vt -1.974300 4.684654
vt -1.656233 4.684653
vt -1.656233 4.672059
vt -1.974299 4.660698
vt -1.974300 4.672059
vt -1.656233 4.672059
vt -1.656233 4.660697
vt -1.974299 4.651681
vt -1.974299 4.660698
vt -1.656233 4.660697
vt -1.656234 4.651681
vt -1.656234 4.370035
vt -1.656234 4.358674
vt -1.974301 4.358673
vt -1.974301 4.370035
vt -1.656234 4.382629
vt -1.656234 4.370035
vt -1.974301 4.370035
vt -1.974301 4.382629
vt -1.656234 4.395224
vt -1.656234 4.382629
vt -1.974301 4.382629
vt -1.974301 4.395224
vt -1.656234 4.406587
vt -1.656234 4.395224
vt -1.974301 4.395224
vt -1.974301 4.406587
vt -1.656234 4.415604
vt -1.656234 4.406587
vt -1.974301 4.406587
vt -1.974301 4.415604
vt -1.974299 4.822209
vt -1.974300 4.833572
vt -1.656233 4.833572
vt -1.656234 4.822209
vt -1.974299 4.809615
vt -1.974299 4.822209
vt -1.656234 4.822209
vt -1.656234 4.809615
vt -1.974299 4.797022
vt -1.974299 4.809615
vt -1.656234 4.809615
vt -1.656233 4.797021
vt -1.974300 4.785659
vt -1.974299 4.797022
vt -1.656233 4.797021
vt -1.656233 4.785658
vt -1.974300 4.776643
vt -1.974300 4.785659
vt -1.656233 4.785658
vt -1.656233 4.776643
vt -1.974300 4.929138
vt -1.974299 4.940501
vt -1.656234 4.940501
vt -1.656233 4.929138
vt -1.974299 4.916545
vt -1.974300 4.929138
vt -1.656233 4.929138
vt -1.656233 4.916545
vt -1.974300 4.903949
vt -1.974299 4.916545
vt -1.656233 4.916545
vt -1.656233 4.903949
vt -1.974300 4.892588
vt -1.974300 4.903949
vt -1.656233 4.903949
vt -1.656233 4.892588
vt -1.974300 4.708611
vt -1.974300 4.717628
vt -1.656233 4.717628
vt -1.656233 4.708610
vt -1.974299 4.697249
vt -1.974300 4.708611
vt -1.656233 4.708610
vt -1.656233 4.697248
vt -1.974300 4.684654
vt -1.974299 4.697249
vt -1.656233 4.697248
vt -1.656233 4.684653
vt -2.016987 4.502492
vt -2.027793 4.500497
vt -2.027793 4.541250
vt -2.027791 4.541249
vt -2.007240 4.508281
vt -2.016987 4.502492
vt -2.027791 4.541249
vt -2.027790 4.541251
vt -3.270453 3.448728
vt -3.278188 3.439711
vt -3.298740 3.472681
vt -3.298738 3.472683
vt -3.265485 3.460090
vt -3.270453 3.448728
vt -3.298738 3.472683
vt -3.298738 3.472684
vt -3.265485 3.760038
vt -3.267199 3.747443
vt -3.300450 3.760036
vt -3.300450 3.760038
vt -3.267199 3.772633
vt -3.265485 3.760038
vt -3.300450 3.760038
vt -3.300450 3.760039
vt -3.270453 4.280742
vt -3.265485 4.269381
vt -3.298738 4.256786
vt -3.298738 4.256788
vt -3.278188 4.289760
vt -3.270453 4.280742
vt -3.298738 4.256788
vt -3.298740 4.256788
vt -3.287936 4.295547
vt -3.278188 4.289760
vt -3.298740 4.256788
vt -3.298742 4.256789
vt -3.298743 4.297544
vt -3.287936 4.295547
vt -3.298742 4.256789
vt -3.298743 4.256790
vt -3.309546 4.295548
vt -3.298743 4.297544
vt -3.298743 4.256790
vt -3.298744 4.256789
vt -3.293775 3.561209
vt -3.298742 3.572572
vt -3.265487 3.585164
vt -3.265487 3.585163
vt -3.286039 3.552193
vt -3.293775 3.561209
vt -3.265487 3.585163
vt -3.265487 3.585163
vt -3.276291 3.546404
vt -3.286039 3.552193
vt -3.265487 3.585163
vt -3.265485 3.585161
vt -3.300450 3.666305
vt -3.298738 3.678899
vt -3.265487 3.666305
vt -3.265487 3.666304
vt -3.298738 3.653709
vt -3.300450 3.666305
vt -3.265487 3.666304
vt -3.265487 3.666302
vt -3.293774 3.167526
vt -3.298738 3.178889
vt -3.265487 3.191481
vt -3.265485 3.191480
vt -2.048346 4.508281
vt -2.056082 4.517298
vt -2.027795 4.541251
vt -2.027794 4.541252
vt -2.038598 4.502491
vt -2.048346 4.508281
vt -2.027794 4.541252
vt -2.027794 4.541250
vt -2.027793 4.500497
vt -2.038598 4.502491
vt -2.027794 4.541250
vt -2.027793 4.541250
vt -1.691871 5.036103
vt -1.690026 5.037198
vt -1.686232 5.031114
vt -1.689876 5.028950
vt -1.690026 5.037198
vt -1.688563 5.038904
vt -1.683343 5.034484
vt -1.686232 5.031114
vt -1.688563 5.038904
vt -1.687622 5.041054
vt -1.681486 5.038730
vt -1.683343 5.034484
vt -1.687622 5.041054
vt -1.687299 5.043437
vt -1.680846 5.043437
vt -1.681486 5.038730
vt -1.687299 5.043437
vt -1.687622 5.045820
vt -1.681486 5.048145
vt -1.680846 5.043437
vt -1.687622 5.045820
vt -1.688563 5.047970
vt -1.683343 5.052392
vt -1.681486 5.048145
vt -1.688563 5.047970
vt -1.690026 5.049676
vt -1.686232 5.055761
vt -1.683343 5.052392
vt -1.690026 5.049676
vt -1.691870 5.050771
vt -1.689876 5.057924
vt -1.686232 5.055761
vt -1.691870 5.050771
vt -1.693915 5.051148
vt -1.693914 5.058670
vt -1.689876 5.057924
vt -1.693915 5.051148
vt -1.695960 5.050772
vt -1.697953 5.057924
vt -1.693914 5.058670
vt -1.695960 5.050772
vt -1.697804 5.049675
vt -1.701597 5.055761
vt -1.697953 5.057924
vt -1.697804 5.049675
vt -1.699267 5.047970
vt -1.704487 5.052392
vt -1.701597 5.055761
vt -1.699267 5.047970
vt -1.700207 5.045820
vt -1.706345 5.048145
vt -1.704487 5.052392
vt -1.700207 5.045820
vt -1.700531 5.043437
vt -1.706984 5.043437
vt -1.706345 5.048145
vt -1.700531 5.043437
vt -1.700207 5.041054
vt -1.706345 5.038731
vt -1.706984 5.043437
vt -1.700207 5.041054
vt -1.699267 5.038904
vt -1.704487 5.034484
vt -1.706345 5.038731
vt -1.699267 5.038904
vt -1.697804 5.037198
vt -1.701597 5.031114
vt -1.704487 5.034484
vt -1.697804 5.037198
vt -1.695960 5.036103
vt -1.697953 5.028950
vt -1.701597 5.031114
vt -1.695960 5.036103
vt -1.693914 5.035726
vt -1.693915 5.028205
vt -1.697953 5.028950
vt -1.693914 5.035726
vt -1.691871 5.036103
vt -1.689876 5.028950
vt -1.693915 5.028205
vt -1.689876 5.028950
vt -1.686232 5.031114
vt -1.682631 5.025332
vt -1.687981 5.022153
vt -1.686232 5.031114
vt -1.683343 5.034484
vt -1.678382 5.030283
vt -1.682631 5.025332
vt -1.683343 5.034484
vt -1.681486 5.038730
vt -1.675654 5.036522
vt -1.678382 5.030283
vt -1.681486 5.038730
vt -1.680846 5.043437
vt -1.674715 5.043438
vt -1.675654 5.036522
vt -1.680846 5.043437
vt -1.681486 5.048145
vt -1.675654 5.050352
vt -1.674715 5.043438
vt -1.681486 5.048145
vt -1.683343 5.052392
vt -1.678382 5.056591
vt -1.675654 5.050352
vt -1.683343 5.052392
vt -1.686232 5.055761
vt -1.682630 5.061541
vt -1.678382 5.056591
vt -1.686232 5.055761
vt -1.689876 5.057924
vt -1.687981 5.064719
vt -1.682630 5.061541
vt -1.689876 5.057924
vt -1.693914 5.058670
vt -1.693914 5.065816
vt -1.687981 5.064719
vt -1.693914 5.058670
vt -1.697953 5.057924
vt -1.699847 5.064720
vt -1.693914 5.065816
vt -1.697953 5.057924
vt -1.701597 5.055761
vt -1.705199 5.061541
vt -1.699847 5.064720
vt -1.701597 5.055761
vt -1.704487 5.052392
vt -1.709447 5.056590
vt -1.705199 5.061541
vt -1.704487 5.052392
vt -1.706345 5.048145
vt -1.712175 5.050352
vt -1.709447 5.056590
vt -1.706345 5.048145
vt -1.706984 5.043437
vt -1.713115 5.043437
vt -1.712175 5.050352
vt -1.706984 5.043437
vt -1.706345 5.038731
vt -1.712175 5.036522
vt -1.713115 5.043437
vt -1.706345 5.038731
vt -1.704487 5.034484
vt -1.709447 5.030283
vt -1.712175 5.036522
vt -1.704487 5.034484
vt -1.701597 5.031114
vt -1.705199 5.025331
vt -1.709447 5.030283
vt -1.701597 5.031114
vt -1.697953 5.028950
vt -1.699847 5.022154
vt -1.705199 5.025331
vt -1.697953 5.028950
vt -1.693915 5.028205
vt -1.693914 5.021058
vt -1.699847 5.022154
vt -1.693915 5.028205
vt -1.689876 5.028950
vt -1.687981 5.022153
vt -1.693914 5.021058
vt -1.687981 5.022153
vt -1.682631 5.025332
vt -1.679303 5.019997
vt -1.686232 5.015881
vt -1.682631 5.025332
vt -1.678382 5.030283
vt -1.673805 5.026406
vt -1.679303 5.019997
vt -1.678382 5.030283
vt -1.675654 5.036522
vt -1.670274 5.034484
vt -1.673805 5.026406
vt -1.675654 5.036522
vt -1.674715 5.043438
vt -1.669056 5.043437
vt -1.670274 5.034484
vt -1.674715 5.043438
vt -1.675654 5.050352
vt -1.670274 5.052392
vt -1.669056 5.043437
vt -1.675654 5.050352
vt -1.678382 5.056591
vt -1.673805 5.060468
vt -1.670274 5.052392
vt -1.678382 5.056591
vt -1.682630 5.061541
vt -1.679303 5.066877
vt -1.673805 5.060468
vt -1.682630 5.061541
vt -1.687981 5.064719
vt -1.686232 5.070992
vt -1.679303 5.066877
vt -1.687981 5.064719
vt -1.693914 5.065816
vt -1.693915 5.072412
vt -1.686232 5.070992
vt -1.693914 5.065816
vt -1.699847 5.064720
vt -1.701597 5.070992
vt -1.693915 5.072412
vt -1.699847 5.064720
vt -1.705199 5.061541
vt -1.708526 5.066878
vt -1.701597 5.070992
vt -1.705199 5.061541
vt -1.709447 5.056590
vt -1.714025 5.060468
vt -1.708526 5.066878
vt -1.709447 5.056590
vt -1.712175 5.050352
vt -1.717557 5.052392
vt -1.714025 5.060468
vt -1.712175 5.050352
vt -1.713115 5.043437
vt -1.718773 5.043437
vt -1.717557 5.052392
vt -1.713115 5.043437
vt -1.712175 5.036522
vt -1.717557 5.034484
vt -1.718773 5.043437
vt -1.712175 5.036522
vt -1.709447 5.030283
vt -1.714026 5.026406
vt -1.717557 5.034484
vt -1.709447 5.030283
vt -1.705199 5.025331
vt -1.708526 5.019997
vt -1.714026 5.026406
vt -1.705199 5.025331
vt -1.699847 5.022154
vt -1.701597 5.015882
vt -1.708526 5.019997
vt -1.699847 5.022154
vt -1.693914 5.021058
vt -1.693914 5.014462
vt -1.701597 5.015882
vt -1.693914 5.021058
vt -1.687981 5.022153
vt -1.686232 5.015881
vt -1.693914 5.014462
vt -1.686232 5.015881
vt -1.679303 5.019997
vt -1.676338 5.015237
vt -1.684674 5.010287
vt -1.679303 5.019997
vt -1.673805 5.026406
vt -1.669722 5.022949
vt -1.676338 5.015237
vt -1.673805 5.026406
vt -1.670274 5.034484
vt -1.665473 5.032667
vt -1.669722 5.022949
vt -1.670274 5.034484
vt -1.669056 5.043437
vt -1.664011 5.043438
vt -1.665473 5.032667
vt -1.669056 5.043437
vt -1.670274 5.052392
vt -1.665473 5.054209
vt -1.664011 5.043438
vt -1.670274 5.052392
vt -1.673805 5.060468
vt -1.669721 5.063926
vt -1.665473 5.054209
vt -1.673805 5.060468
vt -1.679303 5.066877
vt -1.676338 5.071636
vt -1.669721 5.063926
vt -1.679303 5.066877
vt -1.686232 5.070992
vt -1.684674 5.076588
vt -1.676338 5.071636
vt -1.686232 5.070992
vt -1.693915 5.072412
vt -1.693915 5.078293
vt -1.684674 5.076588
vt -1.693915 5.072412
vt -1.701597 5.070992
vt -1.703156 5.076587
vt -1.693915 5.078293
vt -1.701597 5.070992
vt -1.708526 5.066878
vt -1.711492 5.071636
vt -1.703156 5.076587
vt -1.708526 5.066878
vt -1.714025 5.060468
vt -1.718108 5.063925
vt -1.711492 5.071636
vt -1.714025 5.060468
vt -1.717557 5.052392
vt -1.722356 5.054209
vt -1.718108 5.063925
vt -1.717557 5.052392
vt -1.718773 5.043437
vt -1.723819 5.043438
vt -1.722356 5.054209
vt -1.718773 5.043437
vt -1.717557 5.034484
vt -1.722356 5.032666
vt -1.723819 5.043438
vt -1.717557 5.034484
vt -1.714026 5.026406
vt -1.718107 5.022949
vt -1.722356 5.032666
vt -1.714026 5.026406
vt -1.708526 5.019997
vt -1.711492 5.015237
vt -1.718107 5.022949
vt -1.708526 5.019997
vt -1.701597 5.015882
vt -1.703156 5.010286
vt -1.711492 5.015237
vt -1.701597 5.015882
vt -1.693914 5.014462
vt -1.693914 5.008581
vt -1.703156 5.010286
vt -1.693914 5.014462
vt -1.686232 5.015881
vt -1.684674 5.010287
vt -1.693914 5.008581
vt -1.684674 5.010287
vt -1.676338 5.015237
vt -1.673805 5.011174
vt -1.683343 5.005508
vt -1.676338 5.015237
vt -1.669722 5.022949
vt -1.666235 5.019997
vt -1.673805 5.011174
vt -1.669722 5.022949
vt -1.665473 5.032667
vt -1.661375 5.031115
vt -1.666235 5.019997
vt -1.665473 5.032667
vt -1.664011 5.043438
vt -1.659701 5.043437
vt -1.661375 5.031115
vt -1.664011 5.043438
vt -1.665473 5.054209
vt -1.661374 5.055761
vt -1.659701 5.043437
vt -1.665473 5.054209
vt -1.669721 5.063926
vt -1.666235 5.066877
vt -1.661374 5.055761
vt -1.669721 5.063926
vt -1.676338 5.071636
vt -1.673805 5.075700
vt -1.666235 5.066877
vt -1.676338 5.071636
vt -1.684674 5.076588
vt -1.683343 5.081365
vt -1.673805 5.075700
vt -1.684674 5.076588
vt -1.693915 5.078293
vt -1.693915 5.083317
vt -1.683343 5.081365
vt -1.693915 5.078293
vt -1.703156 5.076587
vt -1.704487 5.081365
vt -1.693915 5.083317
vt -1.703156 5.076587
vt -1.711492 5.071636
vt -1.714025 5.075700
vt -1.704487 5.081365
vt -1.711492 5.071636
vt -1.718108 5.063925
vt -1.721595 5.066878
vt -1.714025 5.075700
vt -1.718108 5.063925
vt -1.722356 5.054209
vt -1.726454 5.055761
vt -1.721595 5.066878
vt -1.722356 5.054209
vt -1.723819 5.043438
vt -1.728129 5.043437
vt -1.726454 5.055761
vt -1.723819 5.043438
vt -1.722356 5.032666
vt -1.726454 5.031114
vt -1.728129 5.043437
vt -1.722356 5.032666
vt -1.718107 5.022949
vt -1.721595 5.019997
vt -1.726454 5.031114
vt -1.718107 5.022949
vt -1.711492 5.015237
vt -1.714026 5.011174
vt -1.721595 5.019997
vt -1.711492 5.015237
vt -1.703156 5.010286
vt -1.704487 5.005508
vt -1.714026 5.011174
vt -1.703156 5.010286
vt -1.693914 5.008581
vt -1.693914 5.003558
vt -1.704487 5.005508
vt -1.693914 5.008581
vt -1.684674 5.010287
vt -1.683343 5.005508
vt -1.693914 5.003558
vt -1.683343 5.005508
vt -1.673805 5.011174
vt -1.671766 5.007904
vt -1.682271 5.001666
vt -1.673805 5.011174
vt -1.666235 5.019997
vt -1.663429 5.017620
vt -1.671766 5.007904
vt -1.666235 5.019997
vt -1.661375 5.031115
vt -1.658077 5.029864
vt -1.663429 5.017620
vt -1.661375 5.031115
vt -1.659701 5.043437
vt -1.656234 5.043437
vt -1.658077 5.029864
vt -1.659701 5.043437
vt -1.661374 5.055761
vt -1.658077 5.057010
vt -1.656234 5.043437
vt -1.661374 5.055761
vt -1.666235 5.066877
vt -1.663430 5.069255
vt -1.658077 5.057010
vt -1.666235 5.066877
vt -1.673805 5.075700
vt -1.671766 5.078971
vt -1.663430 5.069255
vt -1.673805 5.075700
vt -1.683343 5.081365
vt -1.682271 5.085210
vt -1.671766 5.078971
vt -1.683343 5.081365
vt -1.693915 5.083317
vt -1.693915 5.087358
vt -1.682271 5.085210
vt -1.693915 5.083317
vt -1.704487 5.081365
vt -1.705559 5.085209
vt -1.693915 5.087358
vt -1.704487 5.081365
vt -1.714025 5.075700
vt -1.716063 5.078971
vt -1.705559 5.085209
vt -1.714025 5.075700
vt -1.721595 5.066878
vt -1.724400 5.069255
vt -1.716063 5.078971
vt -1.721595 5.066878
vt -1.726454 5.055761
vt -1.729751 5.057009
vt -1.724400 5.069255
vt -1.726454 5.055761
vt -1.728129 5.043437
vt -1.731596 5.043437
vt -1.729751 5.057009
vt -1.728129 5.043437
vt -1.726454 5.031114
vt -1.729752 5.029864
vt -1.731596 5.043437
vt -1.726454 5.031114
vt -1.721595 5.019997
vt -1.724400 5.017620
vt -1.729752 5.029864
vt -1.721595 5.019997
vt -1.714026 5.011174
vt -1.716063 5.007905
vt -1.724400 5.017620
vt -1.714026 5.011174
vt -1.704487 5.005508
vt -1.705559 5.001665
vt -1.716063 5.007905
vt -1.704487 5.005508
vt -1.693914 5.003558
vt -1.693914 4.999516
vt -1.705559 5.001665
vt -1.693914 5.003558
vt -1.683343 5.005508
vt -1.682271 5.001666
vt -1.693914 4.999516
vt -1.787105 5.180518
vt -1.776601 5.180518
vt -1.775107 5.173372
vt -1.786320 5.173372
vt -1.776601 5.180518
vt -1.768265 5.180518
vt -1.766211 5.173372
vt -1.775107 5.173372
vt -2.009949 4.981114
vt -2.020453 4.981115
vt -2.019668 4.988260
vt -2.008456 4.988260
vt -2.020453 4.981115
vt -2.032097 4.981114
vt -2.032097 4.988261
vt -2.019668 4.988260
vt -2.032097 4.981114
vt -2.043741 4.981114
vt -2.044527 4.988260
vt -2.032097 4.988261
vt -2.043741 4.981114
vt -2.054245 4.981114
vt -2.055738 4.988261
vt -2.044527 4.988260
vt -2.054245 4.981114
vt -2.062582 4.981115
vt -2.064637 4.988260
vt -2.055738 4.988261
vt -2.063602 4.916187
vt -2.053097 4.916187
vt -2.053883 4.909041
vt -2.065094 4.909041
vt -2.053097 4.916187
vt -2.041454 4.916187
vt -2.041453 4.909041
vt -2.053883 4.909041
vt -2.041454 4.916187
vt -2.029809 4.916187
vt -2.029025 4.909040
vt -2.041453 4.909041
vt -2.029809 4.916187
vt -2.019304 4.916187
vt -2.017812 4.909041
vt -2.029025 4.909040
vt -2.019304 4.916187
vt -2.010969 4.916187
vt -2.008914 4.909040
vt -2.017812 4.909041
vt -2.007239 4.781802
vt -2.007240 4.769558
vt -2.013370 4.770473
vt -2.013370 4.783542
vt -2.007240 4.769558
vt -2.007240 4.755985
vt -2.013370 4.755985
vt -2.013370 4.770473
vt -2.007240 4.755985
vt -2.007240 4.742413
vt -2.013370 4.741499
vt -2.013370 4.755985
vt -2.007240 4.742413
vt -2.007240 4.730169
vt -2.013370 4.728429
vt -2.013370 4.741499
vt -1.829235 5.180518
vt -1.820899 5.180518
vt -1.822391 5.173372
vt -1.831289 5.173372
vt -1.820899 5.180518
vt -1.810394 5.180518
vt -1.811178 5.173372
vt -1.822391 5.173372
vt -1.810394 5.180518
vt -1.798750 5.180518
vt -1.798750 5.173372
vt -1.811178 5.173372
vt -1.798750 5.180518
vt -1.787105 5.180518
vt -1.786320 5.173372
vt -1.798750 5.173372
vt -1.786320 5.173372
vt -1.775107 5.173372
vt -1.774198 5.165851
vt -1.785843 5.165851
vt -1.775107 5.173372
vt -1.766211 5.173372
vt -1.764957 5.165851
vt -1.774198 5.165851
vt -2.008456 4.988260
vt -2.019668 4.988260
vt -2.019189 4.995783
vt -2.007544 4.995783
vt -2.019668 4.988260
vt -2.032097 4.988261
vt -2.032097 4.995783
vt -2.019189 4.995783
vt -2.032097 4.988261
vt -2.044527 4.988260
vt -2.045005 4.995784
vt -2.032097 4.995783
vt -2.044527 4.988260
vt -2.055738 4.988261
vt -2.056650 4.995783
vt -2.045005 4.995784
vt -2.055738 4.988261
vt -2.064637 4.988260
vt -2.065890 4.995783
vt -2.056650 4.995783
vt -2.065094 4.909041
vt -2.053883 4.909041
vt -2.054362 4.901520
vt -2.066006 4.901520
vt -2.053883 4.909041
vt -2.041453 4.909041
vt -2.041454 4.901521
vt -2.054362 4.901520
vt -2.041453 4.909041
vt -2.029025 4.909040
vt -2.028545 4.901521
vt -2.041454 4.901521
vt -2.029025 4.909040
vt -2.017812 4.909041
vt -2.016901 4.901520
vt -2.028545 4.901521
vt -2.017812 4.909041
vt -2.008914 4.909040
vt -2.007660 4.901521
vt -2.016901 4.901520
vt -2.013370 4.783542
vt -2.013370 4.770473
vt -2.019823 4.771030
vt -2.019824 4.784602
vt -2.013370 4.770473
vt -2.013370 4.755985
vt -2.019824 4.755985
vt -2.019823 4.771030
vt -2.013370 4.755985
vt -2.013370 4.741499
vt -2.019823 4.740940
vt -2.019824 4.755985
vt -2.013370 4.741499
vt -2.013370 4.728429
vt -2.019824 4.727368
vt -2.019823 4.740940
vt -1.831289 5.173372
vt -1.822391 5.173372
vt -1.823302 5.165850
vt -1.832543 5.165851
vt -1.822391 5.173372
vt -1.811178 5.173372
vt -1.811658 5.165851
vt -1.823302 5.165850
vt -1.811178 5.173372
vt -1.798750 5.173372
vt -1.798750 5.165850
vt -1.811658 5.165851
vt -1.798750 5.173372
vt -1.786320 5.173372
vt -1.785843 5.165851
vt -1.798750 5.165850
vt -1.785843 5.165851
vt -1.774198 5.165851
vt -1.773891 5.158139
vt -1.785682 5.158138
vt -1.774198 5.165851
vt -1.764957 5.165851
vt -1.764536 5.158139
vt -1.773891 5.158139
vt -2.007544 4.995783
vt -2.019189 4.995783
vt -2.019028 5.003493
vt -2.007239 5.003493
vt -2.019189 4.995783
vt -2.032097 4.995783
vt -2.032097 5.003493
vt -2.019028 5.003493
vt -2.032097 4.995783
vt -2.045005 4.995784
vt -2.045165 5.003494
vt -2.032097 5.003493
vt -2.045005 4.995784
vt -2.056650 4.995783
vt -2.056956 5.003493
vt -2.045165 5.003494
vt -2.056650 4.995783
vt -2.065890 4.995783
vt -2.066311 5.003493
vt -2.056956 5.003493
vt -2.066006 4.901520
vt -2.054362 4.901520
vt -2.054521 4.893808
vt -2.066312 4.893808
vt -2.054362 4.901520
vt -2.041454 4.901521
vt -2.041453 4.893808
vt -2.054521 4.893808
vt -2.041454 4.901521
vt -2.028545 4.901521
vt -2.028384 4.893808
vt -2.041453 4.893808
vt -2.028545 4.901521
vt -2.016901 4.901520
vt -2.016595 4.893808
vt -2.028384 4.893808
vt -2.016901 4.901520
vt -2.007660 4.901521
vt -2.007240 4.893808
vt -2.016595 4.893808
vt -2.019824 4.784602
vt -2.019823 4.771030
vt -2.026439 4.771219
vt -2.026439 4.784961
vt -2.019823 4.771030
vt -2.019824 4.755985
vt -2.026439 4.755986
vt -2.026439 4.771219
vt -2.019824 4.755985
vt -2.019823 4.740940
vt -2.026439 4.740753
vt -2.026439 4.755986
vt -2.019823 4.740940
vt -2.019824 4.727368
vt -2.026439 4.727012
vt -2.026439 4.740753
vt -1.832543 5.165851
vt -1.823302 5.165850
vt -1.823607 5.158138
vt -1.832964 5.158138
vt -1.823302 5.165850
vt -1.811658 5.165851
vt -1.811818 5.158138
vt -1.823607 5.158138
vt -1.811658 5.165851
vt -1.798750 5.165850
vt -1.798750 5.158138
vt -1.811818 5.158138
vt -1.798750 5.165850
vt -1.785843 5.165851
vt -1.785682 5.158138
vt -1.798750 5.158138
vt -1.785682 5.158138
vt -1.773891 5.158139
vt -1.774198 5.150427
vt -1.785843 5.150427
vt -1.773891 5.158139
vt -1.764536 5.158139
vt -1.764957 5.150428
vt -1.774198 5.150427
vt -2.007239 5.003493
vt -2.019028 5.003493
vt -2.019189 5.011205
vt -2.007544 5.011206
vt -2.019028 5.003493
vt -2.032097 5.003493
vt -2.032097 5.011206
vt -2.019189 5.011205
vt -2.032097 5.003493
vt -2.045165 5.003494
vt -2.045005 5.011206
vt -2.032097 5.011206
vt -2.045165 5.003494
vt -2.056956 5.003493
vt -2.056650 5.011206
vt -2.045005 5.011206
vt -2.056956 5.003493
vt -2.066311 5.003493
vt -2.065890 5.011206
vt -2.056650 5.011206
vt -2.066312 4.893808
vt -2.054521 4.893808
vt -2.054361 4.886096
vt -2.066006 4.886096
vt -2.054521 4.893808
vt -2.041453 4.893808
vt -2.041454 4.886096
vt -2.054361 4.886096
vt -2.041453 4.893808
vt -2.028384 4.893808
vt -2.028545 4.886096
vt -2.041454 4.886096
vt -2.028384 4.893808
vt -2.016595 4.893808
vt -2.016901 4.886096
vt -2.028545 4.886096
vt -2.016595 4.893808
vt -2.007240 4.893808
vt -2.007660 4.886096
vt -2.016901 4.886096
vt -2.026439 4.784961
vt -2.026439 4.771219
vt -2.033055 4.771030
vt -2.033055 4.784602
vt -2.026439 4.771219
vt -2.026439 4.755986
vt -2.033055 4.755985
vt -2.033055 4.771030
vt -2.026439 4.755986
vt -2.026439 4.740753
vt -2.033055 4.740940
vt -2.033055 4.755985
vt -2.026439 4.740753
vt -2.026439 4.727012
vt -2.033055 4.727368
vt -2.033055 4.740940
vt -1.832964 5.158138
vt -1.823607 5.158138
vt -1.823302 5.150427
vt -1.832543 5.150428
vt -1.823607 5.158138
vt -1.811818 5.158138
vt -1.811658 5.150427
vt -1.823302 5.150427
vt -1.811818 5.158138
vt -1.798750 5.158138
vt -1.798750 5.150427
vt -1.811658 5.150427
vt -1.798750 5.158138
vt -1.785682 5.158138
vt -1.785843 5.150427
vt -1.798750 5.150427
vt -1.785843 5.150427
vt -1.774198 5.150427
vt -1.775108 5.142905
vt -1.786321 5.142905
vt -1.774198 5.150427
vt -1.764957 5.150428
vt -1.766210 5.142905
vt -1.775108 5.142905
vt -2.007544 5.011206
vt -2.019189 5.011205
vt -2.019668 5.018726
vt -2.008456 5.018726
vt -2.019189 5.011205
vt -2.032097 5.011206
vt -2.032097 5.018727
vt -2.019668 5.018726
vt -2.032097 5.011206
vt -2.045005 5.011206
vt -2.044527 5.018726
vt -2.032097 5.018727
vt -2.045005 5.011206
vt -2.056650 5.011206
vt -2.055738 5.018727
vt -2.044527 5.018726
vt -2.056650 5.011206
vt -2.065890 5.011206
vt -2.064637 5.018726
vt -2.055738 5.018727
vt -2.066006 4.886096
vt -2.054361 4.886096
vt -2.053883 4.878576
vt -2.065094 4.878576
vt -2.054361 4.886096
vt -2.041454 4.886096
vt -2.041454 4.878576
vt -2.053883 4.878576
vt -2.041454 4.886096
vt -2.028545 4.886096
vt -2.029024 4.878575
vt -2.041454 4.878576
vt -2.028545 4.886096
vt -2.016901 4.886096
vt -2.017812 4.878575
vt -2.029024 4.878575
vt -2.016901 4.886096
vt -2.007660 4.886096
vt -2.008914 4.878576
vt -2.017812 4.878575
vt -2.033055 4.784602
vt -2.033055 4.771030
vt -2.039507 4.770473
vt -2.039507 4.783543
vt -2.033055 4.771030
vt -2.033055 4.755985
vt -2.039507 4.755985
vt -2.039507 4.770473
vt -2.033055 4.755985
vt -2.033055 4.740940
vt -2.039507 4.741499
vt -2.039507 4.755985
vt -2.033055 4.740940
vt -2.033055 4.727368
vt -2.039507 4.728429
vt -2.039507 4.741499
vt -1.832543 5.150428
vt -1.823302 5.150427
vt -1.822391 5.142905
vt -1.831289 5.142905
vt -1.823302 5.150427
vt -1.811658 5.150427
vt -1.811178 5.142906
vt -1.822391 5.142905
vt -1.811658 5.150427
vt -1.798750 5.150427
vt -1.798750 5.142905
vt -1.811178 5.142906
vt -1.798750 5.150427
vt -1.785843 5.150427
vt -1.786321 5.142905
vt -1.798750 5.142905
vt -1.786321 5.142905
vt -1.775108 5.142905
vt -1.776600 5.135759
vt -1.787105 5.135759
vt -1.775108 5.142905
vt -1.766210 5.142905
vt -1.768265 5.135759
vt -1.776600 5.135759
vt -2.008456 5.018726
vt -2.019668 5.018726
vt -2.020453 5.025873
vt -2.009948 5.025872
vt -2.019668 5.018726
vt -2.032097 5.018727
vt -2.032097 5.025873
vt -2.020453 5.025873
vt -2.032097 5.018727
vt -2.044527 5.018726
vt -2.043741 5.025873
vt -2.032097 5.025873
vt -2.044527 5.018726
vt -2.055738 5.018727
vt -2.054245 5.025873
vt -2.043741 5.025873
vt -2.055738 5.018727
vt -2.064637 5.018726
vt -2.062582 5.025872
vt -2.054245 5.025873
vt -2.065094 4.878576
vt -2.053883 4.878576
vt -2.053097 4.871429
vt -2.063602 4.871429
vt -2.053883 4.878576
vt -2.041454 4.878576
vt -2.041454 4.871429
vt -2.053097 4.871429
vt -2.041454 4.878576
vt -2.029024 4.878575
vt -2.029809 4.871429
vt -2.041454 4.871429
vt -2.029024 4.878575
vt -2.017812 4.878575
vt -2.019304 4.871429
vt -2.029809 4.871429
vt -2.017812 4.878575
vt -2.008914 4.878576
vt -2.010969 4.871429
vt -2.019304 4.871429
vt -2.039507 4.783543
vt -2.039507 4.770473
vt -2.045639 4.769559
vt -2.045639 4.781802
vt -2.039507 4.770473
vt -2.039507 4.755985
vt -2.045639 4.755986
vt -2.045639 4.769559
vt -2.039507 4.755985
vt -2.039507 4.741499
vt -2.045639 4.742414
vt -2.045639 4.755986
vt -2.039507 4.741499
vt -2.039507 4.728429
vt -2.045639 4.730170
vt -2.045639 4.742414
vt -1.831289 5.142905
vt -1.822391 5.142905
vt -1.820899 5.135759
vt -1.829235 5.135760
vt -1.822391 5.142905
vt -1.811178 5.142906
vt -1.810394 5.135760
vt -1.820899 5.135759
vt -1.811178 5.142906
vt -1.798750 5.142905
vt -1.798750 5.135759
vt -1.810394 5.135760
vt -1.798750 5.142905
vt -1.786321 5.142905
vt -1.787105 5.135759
vt -1.798750 5.135759
vt -1.787105 5.135759
vt -1.776600 5.135759
vt -1.778638 5.129165
vt -1.788177 5.129164
vt -1.776600 5.135759
vt -1.768265 5.135759
vt -1.771070 5.129164
vt -1.778638 5.129165
vt -2.009948 5.025872
vt -2.020453 5.025873
vt -2.021525 5.032468
vt -2.011987 5.032468
vt -2.020453 5.025873
vt -2.032097 5.025873
vt -2.032097 5.032468
vt -2.021525 5.032468
vt -2.032097 5.025873
vt -2.043741 5.025873
vt -2.042669 5.032469
vt -2.032097 5.032468
vt -2.043741 5.025873
vt -2.054245 5.025873
vt -2.052208 5.032468
vt -2.042669 5.032469
vt -2.054245 5.025873
vt -2.062582 5.025872
vt -2.059777 5.032468
vt -2.052208 5.032468
vt -2.063602 4.871429
vt -2.053097 4.871429
vt -2.052026 4.864835
vt -2.061564 4.864835
vt -2.053097 4.871429
vt -2.041454 4.871429
vt -2.041454 4.864835
vt -2.052026 4.864835
vt -2.041454 4.871429
vt -2.029809 4.871429
vt -2.030881 4.864835
vt -2.041454 4.864835
vt -2.029809 4.871429
vt -2.019304 4.871429
vt -2.021343 4.864835
vt -2.030881 4.864835
vt -2.019304 4.871429
vt -2.010969 4.871429
vt -2.013773 4.864835
vt -2.021343 4.864835
vt -2.045639 4.781802
vt -2.045639 4.769559
vt -2.051296 4.768309
vt -2.051296 4.779428
vt -2.045639 4.769559
vt -2.045639 4.755986
vt -2.051296 4.755986
vt -2.051296 4.768309
vt -2.045639 4.755986
vt -2.045639 4.742414
vt -2.051296 4.743663
vt -2.051296 4.755986
vt -2.045639 4.742414
vt -2.045639 4.730170
vt -2.051296 4.732545
vt -2.051296 4.743663
vt -1.829235 5.135760
vt -1.820899 5.135759
vt -1.818860 5.129165
vt -1.826430 5.129164
vt -1.820899 5.135759
vt -1.810394 5.135760
vt -1.809323 5.129164
vt -1.818860 5.129165
vt -1.810394 5.135760
vt -1.798750 5.135759
vt -1.798750 5.129164
vt -1.809323 5.129164
vt -1.798750 5.135759
vt -1.787105 5.135759
vt -1.788177 5.129164
vt -1.798750 5.129164
vt -1.788177 5.129164
vt -1.778638 5.129165
vt -1.781173 5.123282
vt -1.789509 5.123282
vt -1.778638 5.129165
vt -1.771070 5.129164
vt -1.774557 5.123282
vt -1.781173 5.123282
vt -2.011987 5.032468
vt -2.021525 5.032468
vt -2.022856 5.038351
vt -2.014520 5.038351
vt -2.021525 5.032468
vt -2.032097 5.032468
vt -2.032097 5.038350
vt -2.022856 5.038351
vt -2.032097 5.032468
vt -2.042669 5.032469
vt -2.041338 5.038350
vt -2.032097 5.038350
vt -2.042669 5.032469
vt -2.052208 5.032468
vt -2.049675 5.038350
vt -2.041338 5.038350
vt -2.052208 5.032468
vt -2.059777 5.032468
vt -2.056290 5.038350
vt -2.049675 5.038350
vt -2.061564 4.864835
vt -2.052026 4.864835
vt -2.050694 4.858953
vt -2.059031 4.858953
vt -2.052026 4.864835
vt -2.041454 4.864835
vt -2.041453 4.858953
vt -2.050694 4.858953
vt -2.041454 4.864835
vt -2.030881 4.864835
vt -2.032212 4.858953
vt -2.041453 4.858953
vt -2.030881 4.864835
vt -2.021343 4.864835
vt -2.023877 4.858953
vt -2.032212 4.858953
vt -2.021343 4.864835
vt -2.013773 4.864835
vt -2.017261 4.858953
vt -2.023877 4.858953
vt -2.051296 4.779428
vt -2.051296 4.768309
vt -2.056343 4.766757
vt -2.056343 4.776473
vt -2.051296 4.768309
vt -2.051296 4.755986
vt -2.056343 4.755985
vt -2.056343 4.766757
vt -2.051296 4.755986
vt -2.051296 4.743663
vt -2.056343 4.745214
vt -2.056343 4.755985
vt -2.051296 4.743663
vt -2.051296 4.732545
vt -2.056343 4.735498
vt -2.056343 4.745214
vt -1.826430 5.129164
vt -1.818860 5.129165
vt -1.816327 5.123282
vt -1.822943 5.123282
vt -1.818860 5.129165
vt -1.809323 5.129164
vt -1.807990 5.123282
vt -1.816327 5.123282
vt -1.809323 5.129164
vt -1.798750 5.129164
vt -1.798750 5.123282
vt -1.807990 5.123282
vt -1.798750 5.129164
vt -1.788177 5.129164
vt -1.789509 5.123282
vt -1.798750 5.123282
vt -1.789509 5.123282
vt -1.781173 5.123282
vt -1.784138 5.118258
vt -1.791068 5.118258
vt -2.007240 4.380083
vt -2.013857 4.372373
vt -2.016821 4.377131
vt -2.011323 4.383541
vt -2.014520 5.038351
vt -2.022856 5.038351
vt -2.024415 5.043373
vt -2.017486 5.043373
vt -2.022856 5.038351
vt -2.032097 5.038350
vt -2.032097 5.043373
vt -2.024415 5.043373
vt -2.032097 5.038350
vt -2.041338 5.038350
vt -2.039778 5.043374
vt -2.032097 5.043373
vt -2.041338 5.038350
vt -2.049675 5.038350
vt -2.046708 5.043374
vt -2.039778 5.043374
vt -2.049010 4.372374
vt -2.055626 4.380084
vt -2.051544 4.383542
vt -2.046044 4.377131
vt -2.059031 4.858953
vt -2.050694 4.858953
vt -2.049135 4.853929
vt -2.056065 4.853929
vt -2.050694 4.858953
vt -2.041453 4.858953
vt -2.041454 4.853930
vt -2.049135 4.853929
vt -2.041453 4.858953
vt -2.032212 4.858953
vt -2.033772 4.853930
vt -2.041454 4.853930
vt -2.032212 4.858953
vt -2.023877 4.858953
vt -2.026842 4.853929
vt -2.033772 4.853930
vt -2.055626 4.421061
vt -2.049010 4.428771
vt -2.046045 4.424012
vt -2.051544 4.417603
vt -2.056343 4.776473
vt -2.056343 4.766757
vt -2.060654 4.764939
vt -2.060654 4.773016
vt -2.056343 4.766757
vt -2.056343 4.755985
vt -2.060654 4.755985
vt -2.060654 4.764939
vt -2.056343 4.755985
vt -2.056343 4.745214
vt -2.060654 4.747033
vt -2.060654 4.755985
vt -2.056343 4.745214
vt -2.056343 4.735498
vt -2.060654 4.738955
vt -2.060654 4.747033
vt -2.013857 4.428770
vt -2.007240 4.421061
vt -2.011322 4.417602
vt -2.016821 4.424012
vt -1.816327 5.123282
vt -1.807990 5.123282
vt -1.806431 5.118259
vt -1.813361 5.118259
vt -1.807990 5.123282
vt -1.798750 5.123282
vt -1.798750 5.118259
vt -1.806431 5.118259
vt -1.798750 5.123282
vt -1.789509 5.123282
vt -1.791068 5.118258
vt -1.798750 5.118259
vt -2.007792 4.391619
vt -2.011323 4.383541
vt -2.015900 4.387417
vt -2.013173 4.393657
vt -2.011323 4.383541
vt -2.016821 4.377131
vt -2.020148 4.382467
vt -2.015900 4.387417
vt -2.016821 4.377131
vt -2.023751 4.373016
vt -2.025500 4.379289
vt -2.020148 4.382467
vt -2.024415 5.043373
vt -2.032097 5.043373
vt -2.032097 5.047415
vt -2.026165 5.047415
vt -2.032097 5.043373
vt -2.039778 5.043374
vt -2.038029 5.047416
vt -2.032097 5.047415
vt -2.039115 4.373016
vt -2.046044 4.377131
vt -2.042718 4.382467
vt -2.037367 4.379289
vt -2.046044 4.377131
vt -2.051544 4.383542
vt -2.046966 4.387417
vt -2.042718 4.382467
vt -2.051544 4.383542
vt -2.055075 4.391619
vt -2.049693 4.393656
vt -2.046966 4.387417
vt -2.049135 4.853929
vt -2.041454 4.853930
vt -2.041453 4.849887
vt -2.047386 4.849887
vt -2.041454 4.853930
vt -2.033772 4.853930
vt -2.035520 4.849887
vt -2.041453 4.849887
vt -2.055075 4.409526
vt -2.051544 4.417603
vt -2.046967 4.413726
vt -2.049693 4.407487
vt -2.051544 4.417603
vt -2.046045 4.424012
vt -2.042718 4.418676
vt -2.046967 4.413726
vt -2.046045 4.424012
vt -2.039115 4.428128
vt -2.037366 4.421856
vt -2.042718 4.418676
vt -2.060654 4.764939
vt -2.060654 4.755985
vt -2.064121 4.755985
vt -2.064121 4.762901
vt -2.060654 4.755985
vt -2.060654 4.747033
vt -2.064121 4.749070
vt -2.064121 4.755985
vt -2.023751 4.428128
vt -2.016821 4.424012
vt -2.020148 4.418675
vt -2.025500 4.421856
vt -2.016821 4.424012
vt -2.011322 4.417602
vt -2.015900 4.413726
vt -2.020148 4.418675
vt -2.011322 4.417602
vt -2.007792 4.409527
vt -2.013173 4.407487
vt -2.015900 4.413726
vt -1.806431 5.118259
vt -1.798750 5.118259
vt -1.798750 5.114218
vt -1.804682 5.114218
vt -1.798750 5.118259
vt -1.791068 5.118258
vt -1.792817 5.114218
vt -1.798750 5.114218
vt -2.013173 4.393657
vt -2.015900 4.387417
vt -2.020861 4.391618
vt -2.019004 4.395865
vt -2.015900 4.387417
vt -2.020148 4.382467
vt -2.023751 4.388247
vt -2.020861 4.391618
vt -2.020148 4.382467
vt -2.025500 4.379289
vt -2.027394 4.386085
vt -2.023751 4.388247
vt -2.025500 4.379289
vt -2.031433 4.378194
vt -2.031433 4.385339
vt -2.027394 4.386085
vt -2.031433 4.378194
vt -2.037367 4.379289
vt -2.035471 4.386085
vt -2.031433 4.385339
vt -2.037367 4.379289
vt -2.042718 4.382467
vt -2.039115 4.388247
vt -2.035471 4.386085
vt -2.042718 4.382467
vt -2.046966 4.387417
vt -2.042006 4.391618
vt -2.039115 4.388247
vt -2.046966 4.387417
vt -2.049693 4.393656
vt -2.043862 4.395865
vt -2.042006 4.391618
vt -2.049693 4.393656
vt -2.050633 4.400572
vt -2.044502 4.400572
vt -2.043862 4.395865
vt -2.050633 4.400572
vt -2.049693 4.407487
vt -2.043862 4.405279
vt -2.044502 4.400572
vt -2.049693 4.407487
vt -2.046967 4.413726
vt -2.042006 4.409526
vt -2.043862 4.405279
vt -2.046967 4.413726
vt -2.042718 4.418676
vt -2.039115 4.412895
vt -2.042006 4.409526
vt -2.042718 4.418676
vt -2.037366 4.421856
vt -2.035471 4.415059
vt -2.039115 4.412895
vt -2.037366 4.421856
vt -2.031433 4.422952
vt -2.031433 4.415804
vt -2.035471 4.415059
vt -2.031433 4.422952
vt -2.025500 4.421856
vt -2.027394 4.415059
vt -2.031433 4.415804
vt -2.025500 4.421856
vt -2.020148 4.418675
vt -2.023751 4.412895
vt -2.027394 4.415059
vt -2.020148 4.418675
vt -2.015900 4.413726
vt -2.020861 4.409526
vt -2.023751 4.412895
vt -2.015900 4.413726
vt -2.013173 4.407487
vt -2.019004 4.405279
vt -2.020861 4.409526
vt -2.013173 4.407487
vt -2.012233 4.400572
vt -2.018365 4.400572
vt -2.019004 4.405279
vt -2.012233 4.400572
vt -2.013173 4.393657
vt -2.019004 4.395865
vt -2.018365 4.400572
vt -2.019004 4.395865
vt -2.020861 4.391618
vt -2.026081 4.396039
vt -2.025141 4.398189
vt -2.020861 4.391618
vt -2.023751 4.388247
vt -2.027545 4.394334
vt -2.026081 4.396039
vt -2.023751 4.388247
vt -2.027394 4.386085
vt -2.029388 4.393239
vt -2.027545 4.394334
vt -2.027394 4.386085
vt -2.031433 4.385339
vt -2.031433 4.392860
vt -2.029388 4.393239
vt -2.031433 4.385339
vt -2.035471 4.386085
vt -2.033477 4.393239
vt -2.031433 4.392860
vt -2.035471 4.386085
vt -2.039115 4.388247
vt -2.035322 4.394333
vt -2.033477 4.393239
vt -2.039115 4.388247
vt -2.042006 4.391618
vt -2.036785 4.396039
vt -2.035322 4.394333
vt -2.042006 4.391618
vt -2.043862 4.395865
vt -2.037725 4.398189
vt -2.036785 4.396039
vt -2.043862 4.395865
vt -2.044502 4.400572
vt -2.038049 4.400572
vt -2.037725 4.398189
vt -2.044502 4.400572
vt -2.043862 4.405279
vt -2.037725 4.402955
vt -2.038049 4.400572
vt -2.043862 4.405279
vt -2.042006 4.409526
vt -2.036785 4.405105
vt -2.037725 4.402955
vt -2.042006 4.409526
vt -2.039115 4.412895
vt -2.035322 4.406810
vt -2.036785 4.405105
vt -2.039115 4.412895
vt -2.035471 4.415059
vt -2.033477 4.407906
vt -2.035322 4.406810
vt -2.035471 4.415059
vt -2.031433 4.415804
vt -2.031433 4.408284
vt -2.033477 4.407906
vt -2.031433 4.415804
vt -2.027394 4.415059
vt -2.029388 4.407906
vt -2.031433 4.408284
vt -2.027394 4.415059
vt -2.023751 4.412895
vt -2.027545 4.406810
vt -2.029388 4.407906
vt -2.023751 4.412895
vt -2.020861 4.409526
vt -2.026081 4.405105
vt -2.027545 4.406810
vt -2.020861 4.409526
vt -2.019004 4.405279
vt -2.025141 4.402955
vt -2.026081 4.405105
vt -2.019004 4.405279
vt -2.018365 4.400572
vt -2.024817 4.400572
vt -2.025141 4.402955
vt -2.018365 4.400572
vt -2.019004 4.395865
vt -2.025141 4.398189
vt -2.024817 4.400572
vt -1.690026 5.037198
vt -1.691871 5.036103
vt -1.693915 5.043438
vt -1.688563 5.038904
vt -1.690026 5.037198
vt -1.693915 5.043438
vt -1.687622 5.041054
vt -1.688563 5.038904
vt -1.693915 5.043438
vt -1.687299 5.043437
vt -1.687622 5.041054
vt -1.693915 5.043438
vt -1.687622 5.045820
vt -1.687299 5.043437
vt -1.693915 5.043438
vt -1.688563 5.047970
vt -1.687622 5.045820
vt -1.693915 5.043438
vt -1.690026 5.049676
vt -1.688563 5.047970
vt -1.693915 5.043438
vt -1.691870 5.050771
vt -1.690026 5.049676
vt -1.693915 5.043438
vt -1.693915 5.051148
vt -1.691870 5.050771
vt -1.693915 5.043438
vt -1.695960 5.050772
vt -1.693915 5.051148
vt -1.693915 5.043438
vt -1.697804 5.049675
vt -1.695960 5.050772
vt -1.693915 5.043438
vt -1.699267 5.047970
vt -1.697804 5.049675
vt -1.693915 5.043438
vt -1.700207 5.045820
vt -1.699267 5.047970
vt -1.693915 5.043438
vt -1.700531 5.043437
vt -1.700207 5.045820
vt -1.693915 5.043438
vt -1.700207 5.041054
vt -1.700531 5.043437
vt -1.693915 5.043438
vt -1.699267 5.038904
vt -1.700207 5.041054
vt -1.693915 5.043438
vt -1.697804 5.037198
vt -1.699267 5.038904
vt -1.693915 5.043438
vt -1.695960 5.036103
vt -1.697804 5.037198
vt -1.693915 5.043438
vt -1.693914 5.035726
vt -1.695960 5.036103
vt -1.693915 5.043438
vt -1.691871 5.036103
vt -1.693914 5.035726
vt -1.693915 5.043438
vt -2.025141 4.398189
vt -2.026081 4.396039
vt -2.031433 4.400572
vt -2.026081 4.396039
vt -2.027545 4.394334
vt -2.031433 4.400572
vt -2.027545 4.394334
vt -2.029388 4.393239
vt -2.031433 4.400572
vt -2.029388 4.393239
vt -2.031433 4.392860
vt -2.031433 4.400572
vt -2.031433 4.392860
vt -2.033477 4.393239
vt -2.031433 4.400572
vt -2.033477 4.393239
vt -2.035322 4.394333
vt -2.031433 4.400572
vt -2.035322 4.394333
vt -2.036785 4.396039
vt -2.031433 4.400572
vt -2.036785 4.396039
vt -2.037725 4.398189
vt -2.031433 4.400572
vt -2.037725 4.398189
vt -2.038049 4.400572
vt -2.031433 4.400572
vt -2.038049 4.400572
vt -2.037725 4.402955
vt -2.031433 4.400572
vt -2.037725 4.402955
vt -2.036785 4.405105
vt -2.031433 4.400572
vt -2.036785 4.405105
vt -2.035322 4.406810
vt -2.031433 4.400572
vt -2.035322 4.406810
vt -2.033477 4.407906
vt -2.031433 4.400572
vt -2.033477 4.407906
vt -2.031433 4.408284
vt -2.031433 4.400572
vt -2.031433 4.408284
vt -2.029388 4.407906
vt -2.031433 4.400572
vt -2.029388 4.407906
vt -2.027545 4.406810
vt -2.031433 4.400572
vt -2.027545 4.406810
vt -2.026081 4.405105
vt -2.031433 4.400572
vt -2.026081 4.405105
vt -2.025141 4.402955
vt -2.031433 4.400572
vt -2.025141 4.402955
vt -2.024817 4.400572
vt -2.031433 4.400572
vt -2.024817 4.400572
vt -2.025141 4.398189
vt -2.031433 4.400572
vt 2.221200 -2.563788
vt 4.424047 -2.563788
vt 4.424047 -4.049320
vt 2.221200 -4.049321
vt 0.992350 2.204019
vt 1.155832 2.204019
vt 1.155832 2.025941
vt 0.992350 2.025941
vt 2.221199 -1.007803
vt 4.424047 -1.007802
vt 4.424047 -2.493336
vt 2.221199 -2.493336
vt -0.014587 -2.000568
vt 2.188260 -2.000568
vt 2.188260 -4.400073
vt -0.014587 -4.400074
vt -0.096381 -0.456021
vt 1.962241 -0.456021
vt 1.962240 -1.941554
vt -0.096381 -1.941554
vt -0.096381 1.088527
vt 1.962241 1.088527
vt 1.962240 -0.397006
vt -0.096381 -0.397006
vt 1.995179 5.180517
vt 4.424047 5.180517
vt 4.424046 5.061814
vt 1.995179 5.061814
vt 2.154202 -0.632867
vt 4.424047 -0.632867
vt 4.424047 -0.751569
vt 2.154202 -0.751569
vt 4.424047 2.154185
vt 1.995179 2.154184
vt 1.995179 2.272888
vt 4.424047 2.272888
vt 2.154202 -0.820335
vt 4.424047 -0.820335
vt 4.424047 -0.939038
vt 2.154202 -0.939038
vt 2.108190 1.962320
vt 4.311036 1.962320
vt 4.088159 1.719544
vt 2.331068 1.719544
vt 4.311036 1.962320
vt 4.311036 -0.437186
vt 4.088159 -0.194412
vt 4.088159 1.719544
vt 4.311036 -0.437186
vt 2.108190 -0.437186
vt 2.331068 -0.194411
vt 4.088159 -0.194412
vt 2.108190 -0.437186
vt 2.108190 1.962320
vt 2.331068 1.719544
vt 2.331068 -0.194411
vt -1.604088 3.172735
vt 0.153003 3.172735
vt 0.153003 3.049037
vt -1.604088 3.049037
vt -1.771369 0.435701
vt -0.129319 0.435701
vt -0.129319 0.312002
vt -1.771370 0.312002
vt -0.129320 0.874407
vt -1.886410 0.874407
vt -1.886410 0.998105
vt -0.129320 0.998105
vt -1.771369 0.248233
vt -0.129320 0.248233
vt -0.129320 0.124534
vt -1.771369 0.124534
vt -1.886411 2.985267
vt -0.129319 2.985267
vt -0.258584 2.844461
vt -1.757145 2.844461
vt -0.129319 2.985267
vt -0.129319 1.071311
vt -0.258584 1.212117
vt -0.258584 2.844461
vt -0.129319 1.071311
vt -1.886411 1.071311
vt -1.757145 1.212117
vt -0.258584 1.212117
vt -1.886411 1.071311
vt -1.886411 2.985267
vt -1.757145 2.844461
vt -1.757145 1.212117
vt -3.086827 -4.266587
vt -1.588265 -4.266587
vt -1.588265 -4.400075
vt -3.086827 -4.400075
vt -3.319796 1.274668
vt -1.919349 1.274668
vt -1.919349 1.141179
vt -3.319796 1.141180
vt -1.588266 -4.207574
vt -3.086827 -4.207574
vt -3.086828 -4.074084
vt -1.588266 -4.074084
vt -3.319796 1.082164
vt -1.919349 1.082164
vt -1.919349 0.948676
vt -3.319795 0.948676
vt -3.086827 -2.382725
vt -1.588266 -2.382725
vt -1.634946 -2.433572
vt -3.040148 -2.433572
vt -1.588266 -2.382725
vt -1.588266 -4.015068
vt -1.634945 -3.964223
vt -1.634946 -2.433572
vt -1.588266 -4.015068
vt -3.086827 -4.015068
vt -3.040148 -3.964221
vt -1.634945 -3.964223
vt -3.086827 -4.015068
vt -3.086827 -2.382725
vt -3.040148 -2.433572
vt -3.040148 -3.964221
vt -3.190442 -0.593324
vt -1.785242 -0.593324
vt -1.785242 -2.017294
vt -3.190442 -2.017294
vt -3.232548 2.757652
vt -1.919349 2.757653
vt -1.919349 1.333682
vt -3.232548 1.333682
vt -1.919349 -0.534309
vt -3.324552 -0.534309
vt -3.324552 0.889661
vt -1.919349 0.889661
vt -3.232548 4.240638
vt -1.919349 4.240638
vt -1.919349 2.816667
vt -3.232548 2.816667
vt -1.555327 -2.545041
vt -0.047526 -2.545040
vt -0.047526 -2.639234
vt -1.555327 -2.639234
vt -3.006269 -2.229517
vt -1.597188 -2.229518
vt -1.597188 -2.323709
vt -3.006269 -2.323709
vt -0.047526 -2.470512
vt -1.555327 -2.470512
vt -1.555327 -2.376319
vt -0.047526 -2.376319
vt -3.006269 -2.076309
vt -1.597188 -2.076309
vt -1.597188 -2.170502
vt -3.006270 -2.170502
vt -1.504026 -4.300291
vt -0.098826 -4.300291
vt -0.047526 -4.356171
vt -1.555327 -4.356171
vt -0.129319 -2.007060
vt -1.752303 -2.007060
vt -1.694712 -1.944328
vt -0.186911 -1.944328
vt -0.098826 -4.300291
vt -0.098826 -2.769643
vt -0.047526 -2.713762
vt -0.047526 -4.356171
vt -0.129319 -0.239184
vt -0.129319 -2.007060
vt -0.186911 -1.944328
vt -0.186911 -0.301917
vt -0.098826 -2.769643
vt -1.504026 -2.769643
vt -1.555326 -2.713762
vt -0.047526 -2.713762
vt -1.752303 -0.239184
vt -0.129319 -0.239184
vt -0.186911 -0.301917
vt -1.694712 -0.301917
vt -1.504026 -2.769643
vt -1.504026 -4.300291
vt -1.555327 -4.356171
vt -1.555326 -2.713762
vt -1.752303 -2.007060
vt -1.752303 -0.239184
vt -1.694712 -0.301917
vt -1.694712 -1.944328
vt -1.752303 -0.089209
vt -0.129320 -0.089209
vt -0.129320 -0.170334
vt -1.752303 -0.170334
vt -1.564249 -2.076371
vt -0.047526 -2.076371
vt -0.047526 -2.157494
vt -1.564249 -2.157495
vt -0.129319 -0.020359
vt -1.752303 -0.020359
vt -1.752304 0.060766
vt -0.129319 0.060766
vt -1.564249 -2.226346
vt -0.047526 -2.226346
vt -0.047526 -2.307470
vt -1.564249 -2.307469
vt 0.185942 3.425134
vt 1.962239 3.425134
vt 1.962240 3.312790
vt 0.185942 3.312791
vt -1.789318 0.810637
vt -0.129320 0.810637
vt -0.129320 0.698295
vt -1.789318 0.698293
vt 1.962240 3.141433
vt 0.185943 3.141433
vt 0.185943 3.253776
vt 1.962240 3.253775
vt -1.789318 0.623169
vt -0.129320 0.623168
vt -0.129320 0.510824
vt -1.789318 0.510825
vt -1.546638 3.329142
vt 0.076347 3.329142
vt 0.153003 3.245642
vt -1.623294 3.245642
vt 1.885583 2.998918
vt 0.262599 2.998918
vt 0.185943 3.082418
vt 1.962240 3.082418
vt 0.076347 3.329142
vt 0.076347 5.097017
vt 0.153003 5.180517
vt 0.153003 3.245642
vt 1.885583 1.231042
vt 1.885583 2.998918
vt 1.962240 3.082418
vt 1.962240 1.147542
vt 0.076347 5.097017
vt -1.546638 5.097017
vt -1.623294 5.180517
vt 0.153003 5.180517
vt 0.262598 1.231042
vt 1.885583 1.231042
vt 1.962240 1.147542
vt 0.185942 1.147542
vt -1.546638 5.097017
vt -1.546638 3.329142
vt -1.623294 3.245642
vt -1.623294 5.180517
vt 0.262599 2.998918
vt 0.262598 1.231042
vt 0.185942 1.147542
vt 0.185943 3.082418
vt 2.108189 2.468569
vt 4.311035 2.468569
vt 4.424047 2.345469
vt 1.995179 2.345469
vt 4.311036 1.962320
vt 2.108190 1.962320
vt 1.995180 2.085419
vt 4.424047 2.085420
vt 4.311035 2.468569
vt 4.311036 4.868075
vt 4.424047 4.991175
vt 4.424047 2.345469
vt 4.311036 -0.437186
vt 4.311036 1.962320
vt 4.424047 2.085420
vt 4.424047 -0.560286
vt 4.311036 4.868075
vt 2.108189 4.868075
vt 1.995179 4.991175
vt 4.424047 4.991175
vt 2.108190 -0.437186
vt 4.311036 -0.437186
vt 4.424047 -0.560286
vt 1.995179 -0.560286
vt 2.108189 4.868075
vt 2.108189 2.468569
vt 1.995179 2.345469
vt 1.995179 4.991175
vt 2.108190 1.962320
vt 2.108190 -0.437186
vt 1.995179 -0.560286
vt 1.995180 2.085419
vt 0.262599 2.998918
vt 1.885583 2.998918
vt 1.300905 2.362042
vt 0.847277 2.362043
vt 1.885583 2.998918
vt 1.885583 1.231042
vt 1.300905 1.867918
vt 1.300905 2.362042
vt 1.885583 1.231042
vt 0.262598 1.231042
vt 0.847277 1.867918
vt 1.300905 1.867918
vt 0.262598 1.231042
vt 0.262599 2.998918
vt 0.847277 2.362043
vt 0.847277 1.867918
vt 0.847277 2.362043
vt 1.300905 2.362042
vt 1.205711 2.258349
vt 0.942471 2.258349
vt 1.300905 2.362042
vt 1.300905 1.867918
vt 1.205710 1.971610
vt 1.205711 2.258349
vt 1.300905 1.867918
vt 0.847277 1.867918
vt 0.942471 1.971610
vt 1.205710 1.971610
vt 0.847277 1.867918
vt 0.847277 2.362043
vt 0.942471 2.258349
vt 0.942471 1.971610
vt 0.942471 2.258349
vt 1.205711 2.258349
vt 1.155832 2.204019
vt 0.992350 2.204019
vt 1.205711 2.258349
vt 1.205710 1.971610
vt 1.155832 2.025941
vt 1.155832 2.204019
vt 1.205710 1.971610
vt 0.942471 1.971610
vt 0.992350 2.025941
vt 1.155832 2.025941
vt 0.942471 1.971610
vt 0.942471 2.258349
vt 0.992350 2.204019
vt 0.992350 2.025941
vt 0.650772 -0.139420
vt 0.820107 -0.139422
vt 0.817504 0.690713
vt 0.653727 0.794290
vt 0.989054 -0.138961
vt 0.982760 0.590563
vt 1.156988 -0.138161
vt 1.149513 0.495840
vt 1.323586 -0.137237
vt 1.310041 0.443599
vt 1.488901 -0.136435
vt 1.483856 0.444401
vt 1.653310 -0.135971
vt 1.658142 0.444865
vt -0.346690 -0.135971
vt -0.182600 -0.135969
vt -0.180628 0.498032
vt -0.341858 0.444865
vt -0.018170 -0.136430
vt -0.011910 0.593094
vt 0.147183 -0.137230
vt 0.156954 0.692905
vt 0.313827 -0.138155
vt 0.324816 0.795555
vt 0.481800 -0.138956
vt 0.490395 0.860578
vt 1.732645 -0.137696
vt -0.267355 -0.137696
vt 0.741568 0.525723
vt 1.819372 0.498032
vt 0.626165 0.003954
vt 0.795835 0.003952
vt 0.793224 0.669642
vt 0.629133 0.752700
vt 0.965082 0.004322
vt 0.958771 0.589331
vt 1.133193 0.004963
vt 1.125710 0.513372
vt 1.299803 0.005705
vt 1.286289 0.471480
vt 1.464970 0.006347
vt 1.459958 0.472123
vt 1.629113 0.006719
vt 1.633947 0.472495
vt -0.370887 0.006719
vt -0.207112 0.006721
vt -0.205147 0.515130
vt -0.366053 0.472495
vt -0.042968 0.006351
vt -0.036726 0.591360
vt 0.122197 0.005710
vt 0.131957 0.671399
vt 0.288808 0.004968
vt 0.299808 0.753715
vt 0.456918 0.004326
vt 0.465536 0.805857
vt 1.711011 0.005336
vt -0.288989 0.005336
vt 0.713006 0.537335
vt 1.794853 0.515130
vt 0.672936 -0.214854
vt 0.842606 -0.214855
vt 0.839994 0.615280
vt 0.675904 0.718856
vt 1.011852 -0.214395
vt 1.005540 0.515129
vt 1.179963 -0.213595
vt 1.172479 0.420407
vt 1.346573 -0.212670
vt 1.333059 0.368166
vt 1.511740 -0.211869
vt 1.506729 0.368968
vt -0.488260 -0.211869
vt -0.324116 -0.211405
vt -0.319282 0.369431
vt -0.493271 0.368968
vt -0.160340 -0.211403
vt -0.158376 0.422598
vt 0.003804 -0.211864
vt 0.010045 0.517660
vt 0.168969 -0.212664
vt 0.178729 0.617472
vt 0.335580 -0.213588
vt 0.346580 0.720121
vt 0.503690 -0.214390
vt 0.512308 0.785145
vt 1.757798 -0.213129
vt -0.242202 -0.213129
vt 0.759737 0.450290
vt 1.680718 0.369431
vt 1.841624 0.422598
vt 0.641645 -0.200505
vt 0.810980 -0.200507
vt 0.808377 0.629629
vt 0.644600 0.733205
vt 0.979927 -0.200046
vt 0.973633 0.529478
vt 1.147861 -0.199246
vt 1.140387 0.434755
vt 1.314460 -0.198322
vt 1.300914 0.382515
vt 1.479775 -0.197520
vt 1.474729 0.383316
vt 1.644183 -0.197056
vt 1.649015 0.383780
vt -0.355817 -0.197056
vt -0.191727 -0.197054
vt -0.189755 0.436947
vt -0.350985 0.383780
vt -0.027297 -0.197515
vt -0.021037 0.532009
vt 0.138056 -0.198315
vt 0.147826 0.631820
vt 0.304699 -0.199239
vt 0.315689 0.734470
vt 0.472673 -0.200041
vt 0.481267 0.799493
vt 1.723518 -0.198781
vt -0.276482 -0.198781
vt 0.732436 0.464638
vt 1.810245 0.436947
vt 0.668942 -0.124297
vt 0.838277 -0.124299
vt 0.835674 0.705836
vt 0.671897 0.809412
vt 1.007224 -0.123839
vt 1.000930 0.605686
vt 1.175158 -0.123039
vt 1.167683 0.510963
vt 1.341756 -0.122114
vt 1.328211 0.458722
vt 1.507072 -0.121312
vt 1.502026 0.459524
vt -0.492928 -0.121312
vt -0.328520 -0.120848
vt -0.323688 0.459987
vt -0.497974 0.459524
vt -0.164430 -0.120846
vt -0.162458 0.513155
vt 0.000000 -0.121307
vt 0.006260 0.608216
vt 0.165353 -0.122107
vt 0.175123 0.708028
vt 0.331996 -0.123032
vt 0.342986 0.810678
vt 0.499970 -0.123833
vt 0.508564 0.875701
vt 1.750814 -0.122573
vt -0.249186 -0.122573
vt 0.759734 0.540846
vt 1.676312 0.459987
vt 1.837542 0.513155
vt 0.687554 -0.133639
vt 0.857224 -0.133641
vt 0.854613 0.696494
vt 0.690522 0.800071
vt 1.026471 -0.133180
vt 1.020159 0.596344
vt 1.194582 -0.132380
vt 1.187099 0.501621
vt 1.361192 -0.131456
vt 1.347678 0.449380
vt 1.526359 -0.130654
vt 1.521347 0.450182
vt -0.473641 -0.130654
vt -0.309498 -0.130190
vt -0.304664 0.450646
vt -0.478653 0.450182
vt -0.145722 -0.130188
vt -0.143758 0.503813
vt 0.018421 -0.130649
vt 0.024663 0.598875
vt 0.183586 -0.131449
vt 0.193346 0.698686
vt 0.350197 -0.132374
vt 0.361197 0.801336
vt 0.518307 -0.133175
vt 0.526926 0.866359
vt 1.772400 -0.131915
vt -0.227600 -0.131915
vt 0.774395 0.531504
vt 1.695336 0.450646
vt 1.856242 0.503813
vt 0.123876 0.125086
vt 0.975101 0.125086
vt 0.975101 0.321431
vt 0.123876 0.321431
vt 2.118513 0.715325
vt 2.973422 0.715325
vt 1.120068 0.715323
vt 1.975387 0.715323
vt 1.973340 0.321431
vt 1.122116 0.321431
vt 1.122116 0.125086
vt 1.973340 0.125086
vt -0.023139 0.125086
vt -0.023139 0.321431
vt 0.980186 0.324401
vt 0.118791 0.324401
vt 1.117031 0.324401
vt 1.978425 0.324401
vt -0.018054 0.324401
vt 0.980186 0.333159
vt 0.118791 0.333159
vt 1.117031 0.333159
vt 1.978425 0.333159
vt -0.018054 0.333159
vt 0.980186 0.348507
vt 0.118791 0.348507
vt 1.117031 0.348507
vt 1.978425 0.348507
vt -0.018053 0.348507
vt 0.980186 0.364528
vt 0.118791 0.364528
vt 1.117031 0.364527
vt 1.978425 0.364527
vt -0.018053 0.364527
vt 0.980187 0.384835
vt 0.118791 0.384835
vt 1.117030 0.384835
vt 1.978426 0.384835
vt -0.018053 0.384835
vt 0.980186 0.409190
vt 0.118791 0.409190
vt 1.117030 0.409190
vt 1.978426 0.409190
vt -0.018053 0.409190
vt 0.980186 0.438801
vt 0.118791 0.438801
vt 1.117030 0.438801
vt 1.978426 0.438801
vt -0.018053 0.438801
vt 0.980187 0.469318
vt 0.118790 0.469318
vt 1.117031 0.469318
vt 1.978425 0.469318
vt -0.018053 0.469318
vt 0.980187 0.497372
vt 0.118790 0.497372
vt 1.117031 0.497371
vt 1.978425 0.497371
vt -0.018053 0.497371
vt 0.977047 0.531283
vt 0.121930 0.531283
vt 1.120168 0.531282
vt 1.975288 0.531282
vt -0.021191 0.531282
vt 0.977047 0.556025
vt 0.121930 0.556025
vt 1.120168 0.556024
vt 1.975288 0.556024
vt -0.021191 0.556024
vt 0.977047 0.573960
vt 0.121930 0.573960
vt 1.120168 0.573960
vt 1.975288 0.573960
vt -0.021191 0.573960
vt 0.977047 0.596447
vt 0.121930 0.596447
vt 1.120168 0.596446
vt 1.975288 0.596446
vt -0.021190 0.596446
vt 0.977047 0.617508
vt 0.121930 0.617508
vt 1.120167 0.617508
vt 1.975288 0.617508
vt -0.021190 0.617508
vt 0.977047 0.633242
vt 0.121930 0.633242
vt 1.120167 0.633242
vt 1.975289 0.633242
vt -0.021190 0.633242
vt 0.977047 0.646315
vt 0.121931 0.646315
vt 1.120167 0.646315
vt 1.975289 0.646315
vt -0.021189 0.646315
vt 0.977047 0.656949
vt 0.121930 0.656949
vt 1.120166 0.656949
vt 1.975290 0.656949
vt -0.021189 0.656949
vt 0.977046 0.670864
vt 0.121931 0.670864
vt 1.120166 0.670864
vt 1.975290 0.670864
vt -0.021189 0.670864
vt 0.977034 0.702916
vt 0.121943 0.702916
vt 1.120156 0.702916
vt 1.975300 0.702916
vt -0.021178 0.702916
vt 0.976943 0.715325
vt 0.122035 0.715325
vt -0.021092 0.715323
vn -1.000000 0.000000 0.000000
vn -1.000000 0.000000 0.000000
vn -1.000000 0.000000 0.000000
vn -1.000000 0.000000 0.000000
vn -1.000000 0.000000 0.000000
vn -1.000000 0.000000 0.000000
vn -1.000000 0.000000 0.000000
vn -1.000000 0.000000 0.000000
vn -1.000000 0.000000 0.000000
vn -1.000000 0.000000 0.000000
vn -1.000000 0.000000 0.000000
vn -1.000000 0.000000 0.000000
vn -1.000000 0.000000 0.000000
vn -1.000000 0.000000 0.000000
vn -1.000000 0.000000 0.000000
vn -1.000000 0.000000 0.000000
vn -1.000000 0.000000 0.000000
vn -1.000000 0.000000 0.000000
vn -1.000000 0.000000 0.000000
vn -1.000000 0.000000 0.000000
vn -1.000000 0.000000 0.000000
vn -1.000000 0.000000 0.000000
vn -1.000000 0.000000 0.000000
vn -1.000000 0.000000 0.000000
vn -1.000000 0.000000 0.000000
vn -1.000000 0.000000 0.000000
vn -1.000000 0.000000 0.000000
vn -0.000001 0.000000 1.000000
vn -0.000001 0.000000 1.000000
vn -0.000001 0.000000 1.000000
vn -0.000001 0.000000 1.000000
vn 1.000000 -0.000000 0.000000
vn 1.000000 -0.000000 0.000000
vn 1.000000 -0.000000 0.000000
vn 1.000000 -0.000000 0.000000
vn 1.000000 -0.000000 0.000000
vn 1.000000 -0.000000 0.000000
vn 1.000000 -0.000000 0.000000
vn 1.000000 -0.000000 0.000000
vn 1.000000 -0.000000 0.000000
vn 1.000000 -0.000000 0.000000
vn 1.000000 -0.000000 0.000000
vn 1.000000 -0.000000 0.000000
vn 1.000000 -0.000000 0.000000
vn 1.000000 -0.000000 0.000000
vn 1.000000 -0.000000 0.000000
vn 1.000000 -0.000000 0.000000
vn 1.000000 -0.000000 0.000000
vn 1.000000 -0.000000 0.000000
vn 1.000000 -0.000000 0.000000
vn 1.000000 -0.000000 0.000000
vn 1.000000 -0.000000 0.000000
vn 1.000000 -0.000000 0.000000
vn 1.000000 -0.000000 0.000000
vn 1.000000 -0.000000 0.000000
vn 1.000000 -0.000000 0.000000
vn 1.000000 -0.000000 0.000000
vn 1.000000 -0.000000 0.000000
vn 0.000000 0.000000 1.000000
vn 0.000000 0.000000 1.000000
vn 0.000000 0.000000 1.000000
vn 0.000000 0.000000 1.000000
vn 0.000000 -1.000000 -0.000000
vn 0.000000 -1.000000 -0.000000
vn 0.000000 -1.000000 -0.000000
vn 0.000000 -1.000000 -0.000000
vn 0.000000 0.995203 0.097826
vn 0.000000 0.995203 0.097826
vn 0.000000 0.995203 0.097826
vn 0.000000 0.995203 0.097826
vn 0.000000 -1.000000 0.000000
vn 0.000000 -1.000000 0.000000
vn 0.000000 -1.000000 0.000000
vn 0.000000 -1.000000 0.000000
vn 0.000000 0.000000 1.000000
vn 0.000000 0.000000 1.000000
vn 0.000000 0.000000 1.000000
vn 0.000000 0.000000 1.000000
vn 0.000000 1.000000 0.000000
vn 0.000000 1.000000 0.000000
vn 0.000000 1.000000 0.000000
vn 0.000000 1.000000 0.000000
vn 0.000000 -0.999893 -0.014614
vn 0.000000 -0.999893 -0.014614
vn 0.000000 -0.999893 -0.014614
vn 0.000000 -0.999893 -0.014614
vn 0.000000 -1.000000 0.000000
vn 0.000000 -1.000000 0.000000
vn 0.000000 -1.000000 0.000000
vn 0.000000 -1.000000 0.000000
vn 0.000000 0.000000 1.000000
vn 0.000000 0.000000 1.000000
vn 0.000000 0.000000 1.000000
vn 0.000000 0.000000 1.000000
vn 0.000000 1.000000 -0.000000
vn 0.000000 1.000000 -0.000000
vn 0.000000 1.000000 -0.000000
vn 0.000000 1.000000 -0.000000
vn 0.000000 0.999893 -0.014611
vn 0.000000 0.999893 -0.014611
vn 0.000000 0.999893 -0.014611
vn 0.000000 0.999893 -0.014611
vn 0.000000 -0.995120 0.098668
vn 0.000000 -0.995120 0.098668
vn 0.000000 -0.995120 0.098668
vn 0.000000 -0.995120 0.098668
vn 0.000000 -1.000000 -0.000000
vn 0.000000 -1.000000 -0.000000
vn 0.000000 -1.000000 -0.000000
vn 0.000000 -1.000000 -0.000000
vn 0.000000 0.000000 1.000000
vn 0.000000 0.000000 1.000000
vn 0.000000 0.000000 1.000000
vn 0.000000 0.000000 1.000000
vn 0.000000 1.000000 -0.000000
vn 0.000000 1.000000 -0.000000
vn 0.000000 1.000000 -0.000000
vn 0.000000 1.000000 -0.000000
vn 0.000000 0.991966 -0.126502
vn 0.000000 0.991966 -0.126502
vn 0.000000 0.991966 -0.126502
vn 0.000000 0.991966 -0.126502
vn 0.000000 -0.991966 -0.126501
vn 0.000000 -0.991966 -0.126501
vn 0.000000 -0.991966 -0.126501
vn 0.000000 -0.991966 -0.126501
vn 0.000000 1.000000 0.000000
vn 0.000000 1.000000 0.000000
vn 0.000000 1.000000 0.000000
vn 0.000000 1.000000 0.000000
vn 0.000000 1.000000 0.000000
vn 0.000000 1.000000 0.000000
vn 0.000000 1.000000 0.000000
vn 0.000000 1.000000 0.000000
vn 1.000000 0.000000 0.000000
vn 1.000000 0.000000 0.000000
vn 1.000000 0.000000 0.000000
vn 1.000000 0.000000 0.000000
vn 0.000000 -1.000000 0.000000
vn 0.000000 -1.000000 0.000000
vn 0.000000 -1.000000 0.000000
vn 0.000000 -1.000000 0.000000
vn -1.000000 0.000000 0.000000
vn -1.000000 0.000000 0.000000
vn -1.000000 0.000000 0.000000
vn -1.000000 0.000000 0.000000
vn 0.000000 1.000000 -0.000000
vn 0.000000 1.000000 -0.000000
vn 0.000000 1.000000 -0.000000
vn 0.000000 1.000000 -0.000000
vn 1.000000 0.000000 0.000000
vn 1.000000 0.000000 0.000000
vn 1.000000 0.000000 0.000000
vn 1.000000 0.000000 0.000000
vn -0.000000 -1.000000 0.000000
vn -0.000000 -1.000000 0.000000
vn -0.000000 -1.000000 0.000000
vn -0.000000 -1.000000 0.000000
vn -1.000000 0.000000 0.000000
vn -1.000000 0.000000 0.000000
vn -1.000000 0.000000 0.000000
vn -1.000000 0.000000 0.000000
vn 0.000000 1.000000 0.000000
vn 0.000000 1.000000 0.000000
vn 0.000000 1.000000 0.000000
vn 0.000000 1.000000 0.000000
vn 1.000000 0.000000 0.000000
vn 1.000000 0.000000 0.000000
vn 1.000000 0.000000 0.000000
vn 1.000000 0.000000 0.000000
vn 0.000000 -1.000000 0.000000
vn 0.000000 -1.000000 0.000000
vn 0.000000 -1.000000 0.000000
vn 0.000000 -1.000000 0.000000
vn -1.000000 0.000000 0.000000
vn -1.000000 0.000000 0.000000
vn -1.000000 0.000000 0.000000
vn -1.000000 0.000000 0.000000
vn 1.000000 0.000000 0.000000
vn 1.000000 0.000000 0.000000
vn 1.000000 0.000000 0.000000
vn 1.000000 0.000000 0.000000
vn 0.000000 -1.000000 0.000000
vn 0.000000 -1.000000 0.000000
vn 0.000000 -1.000000 0.000000
vn 0.000000 -1.000000 0.000000
vn -1.000000 0.000000 0.000000
vn -1.000000 0.000000 0.000000
vn -1.000000 0.000000 0.000000
vn -1.000000 0.000000 0.000000
vn 0.000000 1.000000 0.000000
vn 0.000000 1.000000 0.000000
vn 0.000000 1.000000 0.000000
vn 0.000000 1.000000 0.000000
vn 0.000000 -0.995120 0.098668
vn 0.000000 -0.995120 0.098668
vn 0.000000 -0.995120 0.098668
vn 0.000000 -0.995120 0.098668
vn 0.000000 0.999893 -0.014611
vn 0.000000 0.999893 -0.014611
vn 0.000000 0.999893 -0.014611
vn 0.000000 0.999893 -0.014611
vn 0.000000 0.000000 1.000000
vn 0.000000 0.000000 1.000000
vn 0.000000 0.000000 1.000000
vn 0.000000 0.000000 1.000000
vn 0.000000 -0.999893 -0.014618
vn 0.000000 -0.999893 -0.014618
vn 0.000000 -0.999893 -0.014618
vn 0.000000 -0.999893 -0.014618
vn 0.000000 0.000000 1.000000
vn 0.000000 0.000000 1.000000
vn 0.000000 0.000000 1.000000
vn 0.000000 0.000000 1.000000
vn 0.000000 0.995204 0.097823
vn 0.000000 0.995204 0.097823
vn 0.000000 0.995204 0.097823
vn 0.000000 0.995204 0.097823
vn 0.000000 0.000000 1.000000
vn 0.000000 0.000000 1.000000
vn 0.000000 0.000000 1.000000
vn 0.000000 0.000000 1.000000
vn 0.000000 -0.991966 -0.126502
vn 0.000000 -0.991966 -0.126502
vn 0.000000 -0.991966 -0.126502
vn 0.000000 -0.991966 -0.126502
vn 0.000000 0.991967 -0.126500
vn 0.000000 0.991967 -0.126500
vn 0.000000 0.991967 -0.126500
vn 0.000000 0.991967 -0.126500
vn 0.000000 0.000000 1.000000
vn 0.000000 0.000000 1.000000
vn 0.000000 0.000000 1.000000
vn 0.000000 0.000000 1.000000
vn 0.000000 0.000000 1.000000
vn 0.000000 0.000000 1.000000
vn 0.000000 0.000000 1.000000
vn 0.000000 0.000000 1.000000
vn 0.000000 -0.995120 0.098669
vn 0.000000 -0.995120 0.098669
vn 0.000000 -0.995120 0.098669
vn 0.000000 -0.995120 0.098669
vn 0.000000 0.999893 -0.014610
vn 0.000000 0.999893 -0.014610
vn 0.000000 0.999893 -0.014610
vn 0.000000 0.999893 -0.014610
vn 0.000000 0.000000 1.000000
vn 0.000000 0.000000 1.000000
vn 0.000000 0.000000 1.000000
vn 0.000000 0.000000 1.000000
vn -0.000000 -0.999893 -0.014614
vn -0.000000 -0.999893 -0.014614
vn -0.000000 -0.999893 -0.014614
vn -0.000000 -0.999893 -0.014614
vn 0.000000 0.000000 1.000000
vn 0.000000 0.000000 1.000000
vn 0.000000 0.000000 1.000000
vn 0.000000 0.000000 1.000000
vn 0.000000 0.995204 0.097826
vn 0.000000 0.995204 0.097826
vn 0.000000 0.995204 0.097826
vn 0.000000 0.995204 0.097826
vn 0.000000 0.000000 1.000000
vn 0.000000 0.000000 1.000000
vn 0.000000 0.000000 1.000000
vn 0.000000 0.000000 1.000000
vn 0.000000 -0.991966 -0.126504
vn 0.000000 -0.991966 -0.126504
vn 0.000000 -0.991966 -0.126504
vn 0.000000 -0.991966 -0.126504
vn 0.000000 0.991967 -0.126500
vn 0.000000 0.991967 -0.126500
vn 0.000000 0.991967 -0.126500
vn 0.000000 0.991967 -0.126500
vn 0.001412 0.999999 0.000000
vn 0.001412 0.999999 0.000000
vn 0.001412 0.999999 0.000000
vn 0.001412 0.999999 0.000000
vn 0.013785 -0.999905 0.000000
vn 0.013785 -0.999905 0.000000
vn 0.013785 -0.999905 0.000000
vn 0.013785 -0.999905 0.000000
vn 0.000000 1.000000 0.000901
vn 0.000000 1.000000 0.000901
vn 0.000000 1.000000 0.000901
vn 0.000000 1.000000 0.000901
vn 0.000000 -0.999893 0.014612
vn 0.000000 -0.999893 0.014612
vn 0.000000 -0.999893 0.014612
vn 0.000000 -0.999893 0.014612
vn -0.001412 0.999999 0.000000
vn -0.001412 0.999999 0.000000
vn -0.001412 0.999999 0.000000
vn -0.001412 0.999999 0.000000
vn -0.013785 -0.999905 0.000000
vn -0.013785 -0.999905 0.000000
vn -0.013785 -0.999905 0.000000
vn -0.013785 -0.999905 0.000000
vn 0.000000 0.999893 -0.014612
vn 0.000000 0.999893 -0.014612
vn 0.000000 0.999893 -0.014612
vn 0.000000 0.999893 -0.014612
vn 0.000000 -0.999893 -0.014612
vn 0.000000 -0.999893 -0.014612
vn 0.000000 -0.999893 -0.014612
vn 0.000000 -0.999893 -0.014612
vn 0.064455 0.997921 0.000000
vn 0.064455 0.997921 0.000000
vn 0.064455 0.997921 0.000000
vn 0.064455 0.997921 0.000000
vn -0.015770 -0.999876 0.000000
vn -0.015770 -0.999876 0.000000
vn -0.015770 -0.999876 0.000000
vn -0.015770 -0.999876 0.000000
vn 0.000000 0.998729 0.050408
vn 0.000000 0.998729 0.050408
vn 0.000000 0.998729 0.050408
vn 0.000000 0.998729 0.050408
vn 0.000000 -0.999946 -0.010369
vn 0.000000 -0.999946 -0.010369
vn 0.000000 -0.999946 -0.010369
vn 0.000000 -0.999946 -0.010369
vn -0.064454 0.997921 0.000000
vn -0.064454 0.997921 0.000000
vn -0.064454 0.997921 0.000000
vn -0.064454 0.997921 0.000000
vn 0.015770 -0.999876 0.000000
vn 0.015770 -0.999876 0.000000
vn 0.015770 -0.999876 0.000000
vn 0.015770 -0.999876 0.000000
vn 0.000000 0.991966 -0.126502
vn 0.000000 0.991966 -0.126502
vn 0.000000 0.991966 -0.126502
vn 0.000000 0.991966 -0.126502
vn 0.000000 -0.995120 0.098670
vn 0.000000 -0.995120 0.098670
vn 0.000000 -0.995120 0.098670
vn 0.000000 -0.995120 0.098670
vn 0.064455 -0.997921 0.000000
vn 0.064455 -0.997921 0.000000
vn 0.064455 -0.997921 0.000000
vn 0.064455 -0.997921 0.000000
vn -0.092336 0.995728 0.000000
vn -0.092336 0.995728 0.000000
vn -0.092336 0.995728 0.000000
vn -0.092336 0.995728 0.000000
vn 0.000000 -0.991966 -0.126503
vn 0.000000 -0.991966 -0.126503
vn 0.000000 -0.991966 -0.126503
vn 0.000000 -0.991966 -0.126503
vn 0.000000 0.995204 0.097826
vn 0.000000 0.995204 0.097826
vn 0.000000 0.995204 0.097826
vn 0.000000 0.995204 0.097826
vn -0.064454 -0.997921 0.000000
vn -0.064454 -0.997921 0.000000
vn -0.064454 -0.997921 0.000000
vn -0.064454 -0.997921 0.000000
vn 0.092337 0.995728 0.000000
vn 0.092337 0.995728 0.000000
vn 0.092337 0.995728 0.000000
vn 0.092337 0.995728 0.000000
vn 0.000000 -0.998729 0.050408
vn 0.000000 -0.998729 0.050408
vn 0.000000 -0.998729 0.050408
vn 0.000000 -0.998729 0.050408
vn 0.000000 0.995204 -0.097826
vn 0.000000 0.995204 -0.097826
vn 0.000000 0.995204 -0.097826
vn 0.000000 0.995204 -0.097826
vn -1.000000 0.000000 0.000000
vn -1.000000 0.000000 0.000000
vn -1.000000 0.000000 0.000000
vn -1.000000 0.000000 0.000000
vn 0.000000 0.000000 -1.000000
vn 0.000000 0.000000 -1.000000
vn 0.000000 0.000000 -1.000000
vn 0.000000 0.000000 -1.000000
vn 1.000000 0.000000 0.000000
vn 1.000000 0.000000 0.000000
vn 1.000000 0.000000 0.000000
vn 1.000000 0.000000 0.000000
vn 0.000000 0.000000 1.000000
vn 0.000000 0.000000 1.000000
vn 0.000000 0.000000 1.000000
vn 0.000000 0.000000 1.000000
vn -1.000000 0.000000 0.000000
vn -1.000000 0.000000 0.000000
vn -1.000000 0.000000 0.000000
vn -1.000000 0.000000 0.000000
vn 0.000000 0.000000 -1.000000
vn 0.000000 0.000000 -1.000000
vn 0.000000 0.000000 -1.000000
vn 0.000000 0.000000 -1.000000
vn 1.000000 0.000000 0.000000
vn 1.000000 0.000000 0.000000
vn 1.000000 0.000000 0.000000
vn 1.000000 0.000000 0.000000
vn 0.000000 0.000000 1.000000
vn 0.000000 0.000000 1.000000
vn 0.000000 0.000000 1.000000
vn 0.000000 0.000000 1.000000
vn -1.000000 0.000000 0.000000
vn -1.000000 0.000000 0.000000
vn -1.000000 0.000000 0.000000
vn -1.000000 0.000000 0.000000
vn 0.000000 0.000000 1.000000
vn 0.000000 0.000000 1.000000
vn 0.000000 0.000000 1.000000
vn 0.000000 0.000000 1.000000
vn 1.000000 0.000000 0.000000
vn 1.000000 0.000000 0.000000
vn 1.000000 0.000000 0.000000
vn 1.000000 0.000000 0.000000
vn 0.000000 0.000000 -1.000000
vn 0.000000 0.000000 -1.000000
vn 0.000000 0.000000 -1.000000
vn 0.000000 0.000000 -1.000000
vn -1.000000 0.000000 0.000000
vn -1.000000 0.000000 0.000000
vn -1.000000 0.000000 0.000000
vn -1.000000 0.000000 0.000000
vn 1.000000 0.000000 0.000000
vn 1.000000 0.000000 0.000000
vn 1.000000 0.000000 0.000000
vn 1.000000 0.000000 0.000000
vn 0.000000 0.000000 -1.000000
vn 0.000000 0.000000 -1.000000
vn 0.000000 0.000000 -1.000000
vn 0.000000 0.000000 -1.000000
vn -0.000000 1.000000 -0.000000
vn -0.000000 1.000000 -0.000000
vn -0.000000 1.000000 -0.000000
vn -0.000000 1.000000 -0.000000
vn -0.000000 1.000000 -0.000000
vn -0.000000 1.000000 -0.000000
vn -0.000000 1.000000 -0.000000
vn -0.000000 1.000000 -0.000000
vn -0.000000 1.000000 -0.000000
vn -0.000000 1.000000 -0.000000
vn 0.000000 0.000000 1.000000
vn 0.000000 0.000000 1.000000
vn 0.000000 0.000000 1.000000
vn 0.000000 0.000000 1.000000
vn 0.000000 -1.000000 -0.000000
vn 0.000000 -1.000000 -0.000000
vn 0.000000 -1.000000 -0.000000
vn 0.000000 -1.000000 -0.000000
vn 0.000000 -1.000000 -0.000000
vn 0.000000 -1.000000 -0.000000
vn 0.000000 -1.000000 -0.000000
vn 0.000000 -1.000000 -0.000000
vn 0.000000 -1.000000 -0.000000
vn 0.000000 -1.000000 -0.000000
vn 1.000000 0.000000 0.000000
vn 1.000000 0.000000 0.000000
vn 1.000000 0.000000 0.000000
vn 1.000000 0.000000 0.000000
vn 0.000000 1.000000 0.000000
vn 0.000000 1.000000 0.000000
vn 0.000000 1.000000 0.000000
vn 0.000000 1.000000 0.000000
vn -1.000000 0.000000 0.000000
vn -1.000000 0.000000 0.000000
vn -1.000000 0.000000 0.000000
vn -1.000000 0.000000 0.000000
vn 0.000000 -1.000000 0.000000
vn 0.000000 -1.000000 0.000000
vn 0.000000 -1.000000 0.000000
vn 0.000000 -1.000000 0.000000
vn -1.000000 0.000000 0.000000
vn -1.000000 0.000000 0.000000
vn -1.000000 0.000000 0.000000
vn -1.000000 0.000000 0.000000
vn 1.000000 0.000000 0.000000
vn 1.000000 0.000000 0.000000
vn 1.000000 0.000000 0.000000
vn 1.000000 0.000000 0.000000
vn -1.000000 0.000000 0.000000
vn -1.000000 0.000000 0.000000
vn -1.000000 0.000000 0.000000
vn -1.000000 0.000000 0.000000
vn 0.000000 0.000000 1.000000
vn 0.000000 0.000000 1.000000
vn 0.000000 0.000000 1.000000
vn 0.000000 0.000000 1.000000
vn 0.000000 0.000000 1.000000
vn 0.000000 0.000000 1.000000
vn 1.000000 0.000000 0.000000
vn 1.000000 0.000000 0.000000
vn 1.000000 0.000000 0.000000
vn 1.000000 0.000000 0.000000
vn -1.000000 0.000000 0.000000
vn -1.000000 0.000000 0.000000
vn -1.000000 0.000000 0.000000
vn -1.000000 0.000000 0.000000
vn 0.000000 0.000000 1.000000
vn 0.000000 0.000000 1.000000
vn 0.000000 0.000000 1.000000
vn 0.000000 0.000000 1.000000
vn 1.000000 0.000000 0.000000
vn 1.000000 0.000000 0.000000
vn 1.000000 0.000000 0.000000
vn 1.000000 0.000000 0.000000
vn -1.000000 0.000000 0.000000
vn -1.000000 0.000000 0.000000
vn -1.000000 0.000000 0.000000
vn -1.000000 0.000000 0.000000
vn 0.000000 0.000004 1.000000
vn 0.000000 0.000004 1.000000
vn 0.000000 0.000004 1.000000
vn 0.000000 0.000004 1.000000
vn 1.000000 0.000000 0.000000
vn 1.000000 0.000000 0.000000
vn 1.000000 0.000000 0.000000
vn 1.000000 0.000000 0.000000
vn -1.000000 0.000000 0.000000
vn -1.000000 0.000000 0.000000
vn -1.000000 0.000000 0.000000
vn -1.000000 0.000000 0.000000
vn 0.000000 0.000000 1.000000
vn 0.000000 0.000000 1.000000
vn 0.000000 0.000000 1.000000
vn 0.000000 0.000000 1.000000
vn 1.000000 0.000000 0.000000
vn 1.000000 0.000000 0.000000
vn 1.000000 0.000000 0.000000
vn 1.000000 0.000000 0.000000
vn -1.000000 0.000000 0.000000
vn -1.000000 0.000000 0.000000
vn -1.000000 0.000000 0.000000
vn -1.000000 0.000000 0.000000
vn -0.000000 0.000004 1.000000
vn -0.000000 0.000004 1.000000
vn -0.000000 0.000004 1.000000
vn -0.000000 0.000004 1.000000
vn 1.000000 0.000000 0.000000
vn 1.000000 0.000000 0.000000
vn 1.000000 0.000000 0.000000
vn 1.000000 0.000000 0.000000
vn -1.000000 0.000000 0.000000
vn -1.000000 0.000000 0.000000
vn -1.000000 0.000000 0.000000
vn -1.000000 0.000000 0.000000
vn 0.000000 1.000000 0.000001
vn 0.000000 1.000000 0.000001
vn 0.000000 1.000000 0.000001
vn 0.000000 1.000000 0.000001
vn 1.000000 0.000000 0.000000
vn 1.000000 0.000000 0.000000
vn 1.000000 0.000000 0.000000
vn 1.000000 0.000000 0.000000
vn -1.000000 0.000000 0.000000
vn -1.000000 0.000000 0.000000
vn -1.000000 0.000000 0.000000
vn -1.000000 0.000000 0.000000
vn 0.000000 -1.000000 -0.000001
vn 0.000000 -1.000000 -0.000001
vn 0.000000 -1.000000 -0.000001
vn 0.000000 -1.000000 -0.000001
vn 1.000000 0.000000 0.000000
vn 1.000000 0.000000 0.000000
vn 1.000000 0.000000 0.000000
vn 1.000000 0.000000 0.000000
vn 1.000000 0.000000 0.000000
vn 1.000000 0.000000 0.000000
vn 1.000000 0.000000 0.000000
vn 1.000000 0.000000 0.000000
vn 0.000000 1.000000 0.000000
vn 0.000000 1.000000 0.000000
vn 0.000000 1.000000 0.000000
vn 0.000000 1.000000 0.000000
vn -1.000000 0.000000 0.000000
vn -1.000000 0.000000 0.000000
vn -1.000000 0.000000 0.000000
vn -1.000000 0.000000 0.000000
vn 0.000000 -1.000000 0.000000
vn 0.000000 -1.000000 0.000000
vn 0.000000 -1.000000 0.000000
vn 0.000000 -1.000000 0.000000
vn 1.000000 0.000000 0.000000
vn 1.000000 0.000000 0.000000
vn 1.000000 0.000000 0.000000
vn 1.000000 0.000000 0.000000
vn 0.000000 1.000000 0.000000
vn 0.000000 1.000000 0.000000
vn 0.000000 1.000000 0.000000
vn 0.000000 1.000000 0.000000
vn -1.000000 0.000000 0.000000
vn -1.000000 0.000000 0.000000
vn -1.000000 0.000000 0.000000
vn -1.000000 0.000000 0.000000
vn 0.000000 -1.000000 0.000000
vn 0.000000 -1.000000 0.000000
vn 0.000000 -1.000000 0.000000
vn 0.000000 -1.000000 0.000000
vn 1.000000 0.000000 0.000000
vn 1.000000 0.000000 0.000000
vn 1.000000 0.000000 0.000000
vn 1.000000 0.000000 0.000000
vn 0.000000 1.000000 0.000000
vn 0.000000 1.000000 0.000000
vn 0.000000 1.000000 0.000000
vn 0.000000 1.000000 0.000000
vn -1.000000 0.000000 0.000000
vn -1.000000 0.000000 0.000000
vn -1.000000 0.000000 0.000000
vn -1.000000 0.000000 0.000000
vn 0.000000 -1.000000 0.000000
vn 0.000000 -1.000000 0.000000
vn 0.000000 -1.000000 0.000000
vn 0.000000 -1.000000 0.000000
vn 1.000000 0.000000 0.000000
vn 1.000000 0.000000 0.000000
vn 1.000000 0.000000 0.000000
vn 1.000000 0.000000 0.000000
vn 0.000000 1.000000 0.000001
vn 0.000000 1.000000 0.000001
vn 0.000000 1.000000 0.000001
vn 0.000000 1.000000 0.000001
vn -1.000000 0.000000 -0.000000
vn -1.000000 0.000000 -0.000000
vn -1.000000 0.000000 -0.000000
vn -1.000000 0.000000 -0.000000
vn -0.000000 -1.000000 -0.000002
vn -0.000000 -1.000000 -0.000002
vn -0.000000 -1.000000 -0.000002
vn -0.000000 -1.000000 -0.000002
vn -0.999945 -0.000000 -0.010483
vn -0.999945 -0.000000 -0.010483
vn -0.999945 -0.000000 -0.010483
vn -0.999945 -0.000000 -0.010483
vn -0.999945 -0.000000 -0.010483
vn -0.999945 -0.000000 -0.010483
vn -0.999945 -0.000000 -0.010483
vn -0.999945 -0.000000 -0.010483
vn 0.000000 0.000000 -1.000000
vn 0.000000 0.000000 -1.000000
vn 0.000000 0.000000 -1.000000
vn 0.000000 0.000000 -1.000000
vn 0.000000 0.000000 -1.000000
vn 0.000000 0.000000 -1.000000
vn 0.000000 1.000000 0.000000
vn 0.000000 1.000000 0.000000
vn 0.000000 1.000000 0.000000
vn 0.000000 1.000000 0.000000
vn 0.000000 1.000000 0.000000
vn 0.000000 1.000000 0.000000
vn 0.000000 1.000000 0.000000
vn 0.000000 1.000000 0.000000
vn 0.000000 -1.000000 0.000000
vn 0.000000 -1.000000 0.000000
vn 0.000000 -1.000000 0.000000
vn 0.000000 -1.000000 0.000000
vn -0.000002 0.000000 -1.000000
vn -0.000002 0.000000 -1.000000
vn -0.000002 0.000000 -1.000000
vn -0.000002 0.000000 -1.000000
vn -0.000002 0.000000 -1.000000
vn -0.000002 0.000000 -1.000000
vn -0.000002 0.000000 -1.000000
vn -0.000002 0.000000 -1.000000
vn -0.000002 0.000000 -1.000000
vn -0.000002 0.000000 -1.000000
vn -0.000002 0.000000 -1.000000
vn -0.000002 0.000000 -1.000000
vn -1.000000 0.000000 0.000000
vn -1.000000 0.000000 0.000000
vn -1.000000 0.000000 0.000000
vn -1.000000 0.000000 0.000000
vn 0.000000 1.000000 0.000000
vn 0.000000 1.000000 0.000000
vn 0.000000 1.000000 0.000000
vn 0.000000 1.000000 0.000000
vn 1.000000 0.000000 0.000000
vn 1.000000 0.000000 0.000000
vn 1.000000 0.000000 0.000000
vn 1.000000 0.000000 0.000000
vn 0.000000 -1.000000 0.000000
vn 0.000000 -1.000000 0.000000
vn 0.000000 -1.000000 0.000000
vn 0.000000 -1.000000 0.000000
vn -1.000000 0.000000 0.000000
vn -1.000000 0.000000 0.000000
vn -1.000000 0.000000 0.000000
vn -1.000000 0.000000 0.000000
vn 0.000000 -1.000000 0.000000
vn 0.000000 -1.000000 0.000000
vn 0.000000 -1.000000 0.000000
vn 0.000000 -1.000000 0.000000
vn 1.000000 0.000000 0.000000
vn 1.000000 0.000000 0.000000
vn 1.000000 0.000000 0.000000
vn 1.000000 0.000000 0.000000
vn 0.000000 1.000000 0.000000
vn 0.000000 1.000000 0.000000
vn 0.000000 1.000000 0.000000
vn 0.000000 1.000000 0.000000
vn -1.000000 0.000000 0.000000
vn -1.000000 0.000000 0.000000
vn -1.000000 0.000000 0.000000
vn -1.000000 0.000000 0.000000
vn 0.000000 1.000000 0.000000
vn 0.000000 1.000000 0.000000
vn 0.000000 1.000000 0.000000
vn 0.000000 1.000000 0.000000
vn 1.000000 0.000000 0.000000
vn 1.000000 0.000000 0.000000
vn 1.000000 0.000000 0.000000
vn 1.000000 0.000000 0.000000
vn 0.000000 -1.000000 0.000000
vn 0.000000 -1.000000 0.000000
vn 0.000000 -1.000000 0.000000
vn 0.000000 -1.000000 0.000000
vn -1.000000 0.000000 0.000000
vn -1.000000 0.000000 0.000000
vn -1.000000 0.000000 0.000000
vn -1.000000 0.000000 0.000000
vn 0.000000 -1.000000 0.000000
vn 0.000000 -1.000000 0.000000
vn 0.000000 -1.000000 0.000000
vn 0.000000 -1.000000 0.000000
vn 1.000000 0.000000 0.000000
vn 1.000000 0.000000 0.000000
vn 1.000000 0.000000 0.000000
vn 1.000000 0.000000 0.000000
vn 0.000000 1.000000 0.000000
vn 0.000000 1.000000 0.000000
vn 0.000000 1.000000 0.000000
vn 0.000000 1.000000 0.000000
vn -1.000000 0.000000 0.000000
vn -1.000000 0.000000 0.000000
vn -1.000000 0.000000 0.000000
vn -1.000000 0.000000 0.000000
vn -1.000000 0.000000 0.000000
vn -1.000000 0.000000 0.000000
vn -1.000000 0.000000 0.000000
vn -1.000000 0.000000 0.000000
vn 0.000000 -1.000000 -0.000000
vn 0.000000 -1.000000 -0.000000
vn 0.000000 -1.000000 -0.000000
vn 0.000000 -1.000000 -0.000000
vn 0.000000 -1.000000 -0.000000
vn 1.000000 0.000000 0.000000
vn 1.000000 0.000000 0.000000
vn 1.000000 0.000000 0.000000
vn 1.000000 0.000000 0.000000
vn 0.000000 1.000000 0.000000
vn 0.000000 1.000000 0.000000
vn 0.000000 1.000000 0.000000
vn 0.000000 1.000000 0.000000
vn -1.000000 0.000000 0.000000
vn -1.000000 0.000000 0.000000
vn -1.000000 0.000000 0.000000
vn -1.000000 0.000000 0.000000
vn 0.000000 1.000000 0.000000
vn 0.000000 1.000000 0.000000
vn 0.000000 1.000000 0.000000
vn 0.000000 1.000000 0.000000
vn 1.000000 0.000000 0.000000
vn 1.000000 0.000000 0.000000
vn 1.000000 0.000000 0.000000
vn 1.000000 0.000000 0.000000
vn 0.000000 -1.000000 0.000000
vn 0.000000 -1.000000 0.000000
vn 0.000000 -1.000000 0.000000
vn 0.000000 -1.000000 0.000000
vn 0.000000 1.000000 0.000000
vn 0.000000 1.000000 0.000000
vn 0.000000 1.000000 0.000000
vn 0.000000 1.000000 0.000000
vn 1.000000 0.000000 0.000000
vn 1.000000 0.000000 0.000000
vn 1.000000 0.000000 0.000000
vn 1.000000 0.000000 0.000000
vn 0.000000 -1.000000 0.000000
vn 0.000000 -1.000000 0.000000
vn 0.000000 -1.000000 0.000000
vn 0.000000 -1.000000 0.000000
vn -1.000000 0.000000 0.000000
vn -1.000000 0.000000 0.000000
vn -1.000000 0.000000 0.000000
vn -1.000000 0.000000 0.000000
vn 1.000000 0.000000 0.000000
vn 1.000000 0.000000 0.000000
vn 1.000000 0.000000 0.000000
vn 1.000000 0.000000 0.000000
vn 0.000000 -1.000000 0.000000
vn 0.000000 -1.000000 0.000000
vn 0.000000 -1.000000 0.000000
vn 0.000000 -1.000000 0.000000
vn -1.000000 0.000000 0.000000
vn -1.000000 0.000000 0.000000
vn -1.000000 0.000000 0.000000
vn -1.000000 0.000000 0.000000
vn 0.000000 1.000000 0.000000
vn 0.000000 1.000000 0.000000
vn 0.000000 1.000000 0.000000
vn 0.000000 1.000000 0.000000
vn 1.000000 0.000000 0.000000
vn 1.000000 0.000000 0.000000
vn 1.000000 0.000000 0.000000
vn 1.000000 0.000000 0.000000
vn 0.000000 -1.000000 0.000000
vn 0.000000 -1.000000 0.000000
vn 0.000000 -1.000000 0.000000
vn 0.000000 -1.000000 0.000000
vn -1.000000 0.000000 0.000000
vn -1.000000 0.000000 0.000000
vn -1.000000 0.000000 0.000000
vn -1.000000 0.000000 0.000000
vn 0.000000 1.000000 0.000000
vn 0.000000 1.000000 0.000000
vn 0.000000 1.000000 0.000000
vn 0.000000 1.000000 0.000000
vn 1.000000 0.000000 0.000000
vn 1.000000 0.000000 0.000000
vn 1.000000 0.000000 0.000000
vn 1.000000 0.000000 0.000000
vn 0.000000 -1.000000 0.000000
vn 0.000000 -1.000000 0.000000
vn 0.000000 -1.000000 0.000000
vn 0.000000 -1.000000 0.000000
vn -1.000000 0.000000 0.000000
vn -1.000000 0.000000 0.000000
vn -1.000000 0.000000 0.000000
vn -1.000000 0.000000 0.000000
vn 0.000000 1.000000 0.000000
vn 0.000000 1.000000 0.000000
vn 0.000000 1.000000 0.000000
vn 0.000000 1.000000 0.000000
vn -0.000000 1.000000 0.000000
vn -0.000000 1.000000 0.000000
vn -0.000000 1.000000 0.000000
vn -0.000000 1.000000 0.000000
vn 1.000000 0.000000 0.000000
vn 1.000000 0.000000 0.000000
vn 1.000000 0.000000 0.000000
vn 1.000000 0.000000 0.000000
vn 0.000000 -1.000000 0.000000
vn 0.000000 -1.000000 0.000000
vn 0.000000 -1.000000 0.000000
vn 0.000000 -1.000000 0.000000
vn -1.000000 0.000000 0.000000
vn -1.000000 0.000000 0.000000
vn -1.000000 0.000000 0.000000
vn -1.000000 0.000000 0.000000
vn -1.000000 0.000000 0.000000
vn -1.000000 0.000000 0.000000
vn -1.000000 0.000000 0.000000
vn -1.000000 0.000000 0.000000
vn -0.000000 1.000000 0.000000
vn -0.000000 1.000000 0.000000
vn -0.000000 1.000000 0.000000
vn -0.000000 1.000000 0.000000
vn 1.000000 0.000000 0.000000
vn 1.000000 0.000000 0.000000
vn 1.000000 0.000000 0.000000
vn 1.000000 0.000000 0.000000
vn 0.000000 -1.000000 0.000000
vn 0.000000 -1.000000 0.000000
vn 0.000000 -1.000000 0.000000
vn 0.000000 -1.000000 0.000000
vn 0.000000 1.000000 0.000000
vn 0.000000 1.000000 0.000000
vn 0.000000 1.000000 0.000000
vn 0.000000 1.000000 0.000000
vn 1.000000 0.000000 0.000000
vn 1.000000 0.000000 0.000000
vn 1.000000 0.000000 0.000000
vn 1.000000 0.000000 0.000000
vn 0.000000 -1.000000 0.000000
vn 0.000000 -1.000000 0.000000
vn 0.000000 -1.000000 0.000000
vn 0.000000 -1.000000 0.000000
vn -1.000000 0.000000 0.000000
vn -1.000000 0.000000 0.000000
vn -1.000000 0.000000 0.000000
vn -1.000000 0.000000 0.000000
vn 1.000000 0.000000 0.000000
vn 1.000000 0.000000 0.000000
vn 1.000000 0.000000 0.000000
vn 1.000000 0.000000 0.000000
vn 0.000000 -1.000000 0.000000
vn 0.000000 -1.000000 0.000000
vn 0.000000 -1.000000 0.000000
vn 0.000000 -1.000000 0.000000
vn -1.000000 0.000000 0.000000
vn -1.000000 0.000000 0.000000
vn -1.000000 0.000000 0.000000
vn -1.000000 0.000000 0.000000
vn 0.000000 1.000000 0.000000
vn 0.000000 1.000000 0.000000
vn 0.000000 1.000000 0.000000
vn 0.000000 1.000000 0.000000
vn 1.000000 0.000000 0.000000
vn 1.000000 0.000000 0.000000
vn 1.000000 0.000000 0.000000
vn 1.000000 0.000000 0.000000
vn 0.000000 -1.000000 0.000000
vn 0.000000 -1.000000 0.000000
vn 0.000000 -1.000000 0.000000
vn 0.000000 -1.000000 0.000000
vn -1.000000 0.000000 0.000000
vn -1.000000 0.000000 0.000000
vn -1.000000 0.000000 0.000000
vn -1.000000 0.000000 0.000000
vn 0.000000 1.000000 0.000000
vn 0.000000 1.000000 0.000000
vn 0.000000 1.000000 0.000000
vn 0.000000 1.000000 0.000000
vn 1.000000 0.000000 0.000000
vn 1.000000 0.000000 0.000000
vn 1.000000 0.000000 0.000000
vn 1.000000 0.000000 0.000000
vn 0.000000 -1.000000 0.000000
vn 0.000000 -1.000000 0.000000
vn 0.000000 -1.000000 0.000000
vn 0.000000 -1.000000 0.000000
vn -1.000000 0.000000 0.000000
vn -1.000000 0.000000 0.000000
vn -1.000000 0.000000 0.000000
vn -1.000000 0.000000 0.000000
vn 0.000000 1.000000 0.000000
vn 0.000000 1.000000 0.000000
vn 0.000000 1.000000 0.000000
vn 0.000000 1.000000 0.000000
vn 0.000000 -1.000000 0.000000
vn 0.000000 -1.000000 0.000000
vn 0.000000 -1.000000 0.000000
vn 0.000000 -1.000000 0.000000
vn 1.000000 0.000000 0.000000
vn 1.000000 0.000000 0.000000
vn 1.000000 0.000000 0.000000
vn 1.000000 0.000000 0.000000
vn 0.000000 1.000000 0.000000
vn 0.000000 1.000000 0.000000
vn 0.000000 1.000000 0.000000
vn 0.000000 1.000000 0.000000
vn -1.000000 0.000000 0.000000
vn -1.000000 0.000000 0.000000
vn -1.000000 0.000000 0.000000
vn -1.000000 0.000000 0.000000
vn -0.008411 -0.999931 -0.008238
vn -0.008411 -0.999931 -0.008238
vn -0.008411 -0.999931 -0.008238
vn -0.008411 -0.999931 -0.008238
vn 1.000000 0.000000 0.000000
vn 1.000000 0.000000 0.000000
vn 1.000000 0.000000 0.000000
vn 1.000000 0.000000 0.000000
vn -0.014268 0.999801 -0.013973
vn -0.014268 0.999801 -0.013973
vn -0.014268 0.999801 -0.013973
vn -0.014268 0.999801 -0.013973
vn 0.000000 -1.000000 0.000000
vn 0.000000 -1.000000 0.000000
vn 0.000000 -1.000000 0.000000
vn 0.000000 -1.000000 0.000000
vn 1.000000 0.000000 0.000000
vn 1.000000 0.000000 0.000000
vn 1.000000 0.000000 0.000000
vn 1.000000 0.000000 0.000000
vn 0.000000 1.000000 0.000000
vn 0.000000 1.000000 0.000000
vn 0.000000 1.000000 0.000000
vn 0.000000 1.000000 0.000000
vn -1.000000 0.000000 0.000000
vn -1.000000 0.000000 0.000000
vn -1.000000 0.000000 0.000000
vn -1.000000 0.000000 0.000000
vn 1.000000 0.000000 0.000000
vn 1.000000 0.000000 0.000000
vn 1.000000 0.000000 0.000000
vn 1.000000 0.000000 0.000000
vn 0.000000 1.000000 0.000000
vn 0.000000 1.000000 0.000000
vn 0.000000 1.000000 0.000000
vn 0.000000 1.000000 0.000000
vn -1.000000 0.000000 0.000000
vn -1.000000 0.000000 0.000000
vn -1.000000 0.000000 0.000000
vn -1.000000 0.000000 0.000000
vn 0.000000 -1.000000 0.000000
vn 0.000000 -1.000000 0.000000
vn 0.000000 -1.000000 0.000000
vn 0.000000 -1.000000 0.000000
vn 1.000000 0.000000 0.000000
vn 1.000000 0.000000 0.000000
vn 1.000000 0.000000 0.000000
vn 1.000000 0.000000 0.000000
vn 0.000000 1.000000 0.000000
vn 0.000000 1.000000 0.000000
vn 0.000000 1.000000 0.000000
vn 0.000000 1.000000 0.000000
vn -1.000000 0.000000 0.000000
vn -1.000000 0.000000 0.000000
vn -1.000000 0.000000 0.000000
vn -1.000000 0.000000 0.000000
vn 0.000000 -1.000000 0.000000
vn 0.000000 -1.000000 0.000000
vn 0.000000 -1.000000 0.000000
vn 0.000000 -1.000000 0.000000
vn 1.000000 0.000000 0.000000
vn 1.000000 0.000000 0.000000
vn 1.000000 0.000000 0.000000
vn 1.000000 0.000000 0.000000
vn 0.000000 1.000000 0.000000
vn 0.000000 1.000000 0.000000
vn 0.000000 1.000000 0.000000
vn 0.000000 1.000000 0.000000
vn -1.000000 0.000000 0.000000
vn -1.000000 0.000000 0.000000
vn -1.000000 0.000000 0.000000
vn -1.000000 0.000000 0.000000
vn 0.000000 -1.000000 0.000000
vn 0.000000 -1.000000 0.000000
vn 0.000000 -1.000000 0.000000
vn 0.000000 -1.000000 0.000000
vn 0.000000 1.000000 0.000000
vn 0.000000 1.000000 0.000000
vn 0.000000 1.000000 0.000000
vn 0.000000 1.000000 0.000000
vn 1.000000 0.000000 0.000000
vn 1.000000 0.000000 0.000000
vn 1.000000 0.000000 0.000000
vn 1.000000 0.000000 0.000000
vn 0.000000 -1.000000 0.000000
vn 0.000000 -1.000000 0.000000
vn 0.000000 -1.000000 0.000000
vn 0.000000 -1.000000 0.000000
vn -1.000000 0.000000 0.000000
vn -1.000000 0.000000 0.000000
vn -1.000000 0.000000 0.000000
vn -1.000000 0.000000 0.000000
vn -1.000000 0.000000 0.000000
vn -1.000000 0.000000 0.000000
vn -1.000000 0.000000 0.000000
vn -1.000000 0.000000 0.000000
vn 0.000000 1.000000 0.000000
vn 0.000000 1.000000 0.000000
vn 0.000000 1.000000 0.000000
vn 0.000000 1.000000 0.000000
vn 1.000000 0.000000 0.000000
vn 1.000000 0.000000 0.000000
vn 1.000000 0.000000 0.000000
vn 1.000000 0.000000 0.000000
vn 0.000000 -1.000000 0.000000
vn 0.000000 -1.000000 0.000000
vn 0.000000 -1.000000 0.000000
vn 0.000000 -1.000000 0.000000
vn 1.000000 0.000000 0.000000
vn 1.000000 0.000000 0.000000
vn 1.000000 0.000000 0.000000
vn 1.000000 0.000000 0.000000
vn 0.000000 1.000000 0.000000
vn 0.000000 1.000000 0.000000
vn 0.000000 1.000000 0.000000
vn 0.000000 1.000000 0.000000
vn -1.000000 0.000000 0.000000
vn -1.000000 0.000000 0.000000
vn -1.000000 0.000000 0.000000
vn -1.000000 0.000000 0.000000
vn -0.000000 -1.000000 0.000000
vn -0.000000 -1.000000 0.000000
vn -0.000000 -1.000000 0.000000
vn -0.000000 -1.000000 0.000000
vn -1.000000 0.000000 0.000000
vn -1.000000 0.000000 0.000000
vn -1.000000 0.000000 0.000000
vn -1.000000 0.000000 0.000000
vn 0.000000 1.000000 0.000000
vn 0.000000 1.000000 0.000000
vn 0.000000 1.000000 0.000000
vn 0.000000 1.000000 0.000000
vn 1.000000 0.000000 0.000000
vn 1.000000 0.000000 0.000000
vn 1.000000 0.000000 0.000000
vn 1.000000 0.000000 0.000000
vn -0.000000 -1.000000 0.000000
vn -0.000000 -1.000000 0.000000
vn -0.000000 -1.000000 0.000000
vn -0.000000 -1.000000 0.000000
vn 1.000000 0.000000 0.000000
vn 1.000000 0.000000 0.000000
vn 1.000000 0.000000 0.000000
vn 1.000000 0.000000 0.000000
vn 0.000000 -1.000000 0.000000
vn 0.000000 -1.000000 0.000000
vn 0.000000 -1.000000 0.000000
vn 0.000000 -1.000000 0.000000
vn -1.000000 0.000000 0.000000
vn -1.000000 0.000000 0.000000
vn -1.000000 0.000000 0.000000
vn -1.000000 0.000000 0.000000
vn -0.000000 1.000000 0.000000
vn -0.000000 1.000000 0.000000
vn -0.000000 1.000000 0.000000
vn -0.000000 1.000000 0.000000
vn -1.000000 0.000000 0.000000
vn -1.000000 0.000000 0.000000
vn -1.000000 0.000000 0.000000
vn -1.000000 0.000000 0.000000
vn 0.000000 -1.000000 0.000000
vn 0.000000 -1.000000 0.000000
vn 0.000000 -1.000000 0.000000
vn 0.000000 -1.000000 0.000000
vn 1.000000 0.000000 0.000000
vn 1.000000 0.000000 0.000000
vn 1.000000 0.000000 0.000000
vn 1.000000 0.000000 0.000000
vn 0.000000 1.000000 -0.000000
vn 0.000000 1.000000 -0.000000
vn 0.000000 1.000000 -0.000000
vn 0.000000 1.000000 -0.000000
vn 0.000000 1.000000 -0.000000
vn 1.000000 0.000000 0.000000
vn 1.000000 0.000000 0.000000
vn 1.000000 0.000000 0.000000
vn 1.000000 0.000000 0.000000
vn 0.000000 1.000000 0.000000
vn 0.000000 1.000000 0.000000
vn 0.000000 1.000000 0.000000
vn 0.000000 1.000000 0.000000
vn -1.000000 0.000000 0.000000
vn -1.000000 0.000000 0.000000
vn -1.000000 0.000000 0.000000
vn -1.000000 0.000000 0.000000
vn 0.000000 -1.000000 0.000000
vn 0.000000 -1.000000 0.000000
vn 0.000000 -1.000000 0.000000
vn 0.000000 -1.000000 0.000000
vn -1.000000 0.000000 0.000000
vn -1.000000 0.000000 0.000000
vn -1.000000 0.000000 0.000000
vn -1.000000 0.000000 0.000000
vn 0.000000 1.000000 0.000000
vn 0.000000 1.000000 0.000000
vn 0.000000 1.000000 0.000000
vn 0.000000 1.000000 0.000000
vn 1.000000 0.000000 0.000000
vn 1.000000 0.000000 0.000000
vn 1.000000 0.000000 0.000000
vn 1.000000 0.000000 0.000000
vn 0.000000 -1.000000 0.000000
vn 0.000000 -1.000000 0.000000
vn 0.000000 -1.000000 0.000000
vn 0.000000 -1.000000 0.000000
vn 1.000000 0.000000 0.000000
vn 1.000000 0.000000 0.000000
vn 1.000000 0.000000 0.000000
vn 1.000000 0.000000 0.000000
vn 0.000000 -1.000000 0.000000
vn 0.000000 -1.000000 0.000000
vn 0.000000 -1.000000 0.000000
vn 0.000000 -1.000000 0.000000
vn -1.000000 0.000000 0.000000
vn -1.000000 0.000000 0.000000
vn -1.000000 0.000000 0.000000
vn -1.000000 0.000000 0.000000
vn 0.000000 1.000000 0.000000
vn 0.000000 1.000000 0.000000
vn 0.000000 1.000000 0.000000
vn 0.000000 1.000000 0.000000
vn -1.000000 0.000000 0.000000
vn -1.000000 0.000000 0.000000
vn -1.000000 0.000000 0.000000
vn -1.000000 0.000000 0.000000
vn 0.002950 -0.999977 -0.006117
vn 0.002950 -0.999977 -0.006117
vn 0.002950 -0.999977 -0.006117
vn 0.002950 -0.999977 -0.006117
vn 0.002950 -0.999977 -0.006117
vn 0.000000 1.000000 0.000000
vn 0.000000 1.000000 0.000000
vn 0.000000 1.000000 0.000000
vn 0.000000 1.000000 0.000000
vn 0.000000 1.000000 0.000000
vn 1.000000 0.000000 0.000000
vn 1.000000 0.000000 0.000000
vn 1.000000 0.000000 0.000000
vn 1.000000 0.000000 0.000000
vn 0.000000 1.000000 0.000000
vn 0.000000 1.000000 0.000000
vn 0.000000 1.000000 0.000000
vn 0.000000 1.000000 0.000000
vn -1.000000 0.000000 0.000000
vn -1.000000 0.000000 0.000000
vn -1.000000 0.000000 0.000000
vn -1.000000 0.000000 0.000000
vn 0.000000 -1.000000 0.000000
vn 0.000000 -1.000000 0.000000
vn 0.000000 -1.000000 0.000000
vn 0.000000 -1.000000 0.000000
vn -1.000000 0.000000 0.000000
vn -1.000000 0.000000 0.000000
vn -1.000000 0.000000 0.000000
vn -1.000000 0.000000 0.000000
vn 0.000000 1.000000 0.000000
vn 0.000000 1.000000 0.000000
vn 0.000000 1.000000 0.000000
vn 0.000000 1.000000 0.000000
vn 1.000000 0.000000 0.000000
vn 1.000000 0.000000 0.000000
vn 1.000000 0.000000 0.000000
vn 1.000000 0.000000 0.000000
vn 0.000000 -1.000000 0.000000
vn 0.000000 -1.000000 0.000000
vn 0.000000 -1.000000 0.000000
vn 0.000000 -1.000000 0.000000
vn 1.000000 0.000000 0.000000
vn 1.000000 0.000000 0.000000
vn 1.000000 0.000000 0.000000
vn 1.000000 0.000000 0.000000
vn 0.000000 -1.000000 0.000000
vn 0.000000 -1.000000 0.000000
vn 0.000000 -1.000000 0.000000
vn 0.000000 -1.000000 0.000000
vn -1.000000 0.000000 0.000000
vn -1.000000 0.000000 0.000000
vn -1.000000 0.000000 0.000000
vn -1.000000 0.000000 0.000000
vn 0.000000 1.000000 0.000000
vn 0.000000 1.000000 0.000000
vn 0.000000 1.000000 0.000000
vn 0.000000 1.000000 0.000000
vn -1.000000 0.000000 0.000000
vn -1.000000 0.000000 0.000000
vn -1.000000 0.000000 0.000000
vn -1.000000 0.000000 0.000000
vn 0.000000 -1.000000 -0.000000
vn 0.000000 -1.000000 -0.000000
vn 0.000000 -1.000000 -0.000000
vn 0.000000 -1.000000 -0.000000
vn 0.000000 -1.000000 -0.000000
vn 0.000000 1.000000 0.000000
vn 0.000000 1.000000 0.000000
vn 0.000000 1.000000 0.000000
vn 0.000000 1.000000 0.000000
vn 0.000000 1.000000 0.000000
vn 0.000000 -1.000000 0.000000
vn 0.000000 -1.000000 0.000000
vn 0.000000 -1.000000 0.000000
vn 0.000000 -1.000000 0.000000
vn 0.000000 0.000000 1.000000
vn 0.000000 0.000000 1.000000
vn 0.000000 0.000000 1.000000
vn 0.000000 0.000000 1.000000
vn 0.000000 1.000000 0.000000
vn 0.000000 1.000000 0.000000
vn 0.000000 1.000000 0.000000
vn 0.000000 1.000000 0.000000
vn 0.000000 0.000000 1.000000
vn 0.000000 0.000000 1.000000
vn 0.000000 0.000000 1.000000
vn 0.000000 0.000000 1.000000
vn 0.000000 1.000000 -0.000000
vn 0.000000 1.000000 -0.000000
vn 0.000000 1.000000 -0.000000
vn 0.000000 1.000000 -0.000000
vn -0.000000 0.000000 1.000000
vn -0.000000 0.000000 1.000000
vn -0.000000 0.000000 1.000000
vn -0.000000 0.000000 1.000000
vn -0.000000 -1.000000 -0.000000
vn -0.000000 -1.000000 -0.000000
vn -0.000000 -1.000000 -0.000000
vn -0.000000 -1.000000 -0.000000
vn 0.000000 0.000000 1.000000
vn 0.000000 0.000000 1.000000
vn 0.000000 0.000000 1.000000
vn 0.000000 0.000000 1.000000
vn -0.000000 -1.000000 0.000000
vn -0.000000 -1.000000 0.000000
vn -0.000000 -1.000000 0.000000
vn -0.000000 -1.000000 0.000000
vn -0.000000 -1.000000 0.000000
vn -0.000000 -1.000000 0.000000
vn -0.000000 -1.000000 0.000000
vn -0.000000 -1.000000 0.000000
vn -0.000000 -1.000000 -0.000000
vn -0.000000 -1.000000 -0.000000
vn -0.000000 -1.000000 -0.000000
vn -0.000000 -1.000000 -0.000000
vn 0.000000 0.000000 -1.000000
vn 0.000000 0.000000 -1.000000
vn 0.000000 0.000000 -1.000000
vn 0.000000 0.000000 -1.000000
vn 0.000000 0.000000 -1.000000
vn 0.000000 0.000000 -1.000000
vn -0.000373 -0.999900 -0.014163
vn -0.000373 -0.999900 -0.014163
vn -0.000373 -0.999900 -0.014163
vn -0.000373 -0.999900 -0.014163
vn -0.000000 0.000000 -1.000000
vn -0.000000 0.000000 -1.000000
vn -0.000000 0.000000 -1.000000
vn -0.000000 0.000000 -1.000000
vn -0.000000 0.000000 -1.000000
vn -0.000000 0.000000 -1.000000
vn -0.000000 0.000000 -1.000000
vn 0.000000 1.000000 0.000000
vn 0.000000 1.000000 0.000000
vn 0.000000 1.000000 0.000000
vn 0.000000 1.000000 0.000000
vn 0.000000 -0.000000 -1.000000
vn 0.000000 -0.000000 -1.000000
vn 0.000000 -0.000000 -1.000000
vn 0.000000 -0.000000 -1.000000
vn 0.000000 -0.000000 -1.000000
vn 0.000000 -0.000000 -1.000000
vn 0.000000 1.000000 0.000000
vn 0.000000 1.000000 0.000000
vn 0.000000 1.000000 0.000000
vn 0.000000 1.000000 0.000000
vn -0.000000 -0.000000 -1.000000
vn -0.000000 -0.000000 -1.000000
vn -0.000000 -0.000000 -1.000000
vn -0.000000 -0.000000 -1.000000
vn -0.000000 -0.000000 -1.000000
vn -0.000000 -0.000000 -1.000000
vn -0.000000 -0.000000 -1.000000
vn -0.000000 -0.000000 -1.000000
vn -0.000000 -0.000000 -1.000000
vn -0.000000 -0.000000 -1.000000
vn -0.000000 -0.000000 -1.000000
vn -0.000000 -0.000000 -1.000000
vn 0.000000 -1.000000 -0.000000
vn 0.000000 -1.000000 -0.000000
vn 0.000000 -1.000000 -0.000000
vn 0.000000 -1.000000 -0.000000
vn 0.000000 0.000000 -1.000000
vn 0.000000 0.000000 -1.000000
vn 0.000000 0.000000 -1.000000
vn 0.000000 0.000000 -1.000000
vn 0.000000 -1.000000 -0.000002
vn 0.000000 -1.000000 -0.000002
vn 0.000000 -1.000000 -0.000002
vn 0.000000 -1.000000 -0.000002
vn 0.000000 0.000000 -1.000000
vn 0.000000 0.000000 -1.000000
vn 0.000000 0.000000 -1.000000
vn 0.000000 0.000000 -1.000000
vn 0.000000 1.000000 0.000000
vn 0.000000 1.000000 0.000000
vn 0.000000 1.000000 0.000000
vn 0.000000 1.000000 0.000000
vn 0.000000 0.000000 -1.000000
vn 0.000000 0.000000 -1.000000
vn 0.000000 0.000000 -1.000000
vn 0.000000 0.000000 -1.000000
vn -0.000000 1.000000 0.000000
vn -0.000000 1.000000 0.000000
vn -0.000000 1.000000 0.000000
vn -0.000000 1.000000 0.000000
vn -0.000000 1.000000 0.000000
vn -0.000000 1.000000 0.000000
vn -0.000000 1.000000 0.000000
vn -0.000000 1.000000 0.000000
vn -0.000000 1.000000 -0.000000
vn -0.000000 1.000000 -0.000000
vn -0.000000 1.000000 -0.000000
vn -0.000000 1.000000 -0.000000
vn 0.000000 0.000000 1.000000
vn 0.000000 0.000000 1.000000
vn 0.000000 0.000000 1.000000
vn 0.000000 0.000000 1.000000
vn 0.000000 1.000000 -0.000000
vn 0.000000 1.000000 -0.000000
vn 0.000000 1.000000 -0.000000
vn 0.000000 1.000000 -0.000000
vn 0.000000 0.000000 1.000000
vn 0.000000 0.000000 1.000000
vn 0.000000 0.000000 1.000000
vn 0.000000 0.000000 1.000000
vn 0.000000 -1.000000 0.000002
vn 0.000000 -1.000000 0.000002
vn 0.000000 -1.000000 0.000002
vn 0.000000 -1.000000 0.000002
vn 0.000000 0.000000 1.000000
vn 0.000000 0.000000 1.000000
vn 0.000000 0.000000 1.000000
vn 0.000000 0.000000 1.000000
vn 0.000000 -1.000000 -0.000003
vn 0.000000 -1.000000 -0.000003
vn 0.000000 -1.000000 -0.000003
vn 0.000000 -1.000000 -0.000003
vn 0.000000 0.000000 1.000000
vn 0.000000 0.000000 1.000000
vn 0.000000 0.000000 1.000000
vn 0.000000 0.000000 1.000000
vn 0.000000 -1.000000 0.000001
vn 0.000000 -1.000000 0.000001
vn 0.000000 -1.000000 0.000001
vn 0.000000 -1.000000 0.000001
vn 0.000000 0.000000 1.000000
vn 0.000000 0.000000 1.000000
vn 0.000000 0.000000 1.000000
vn 0.000000 0.000000 1.000000
vn 0.000000 1.000000 -0.000000
vn 0.000000 1.000000 -0.000000
vn 0.000000 1.000000 -0.000000
vn 0.000000 1.000000 -0.000000
vn 0.000000 0.000000 1.000000
vn 0.000000 0.000000 1.000000
vn 0.000000 0.000000 1.000000
vn 0.000000 0.000000 1.000000
vn 0.000000 1.000000 0.000000
vn 0.000000 1.000000 0.000000
vn 0.000000 1.000000 0.000000
vn 0.000000 1.000000 0.000000
vn 0.000000 0.000000 1.000000
vn 0.000000 0.000000 1.000000
vn 0.000000 0.000000 1.000000
vn 0.000000 0.000000 1.000000
vn 0.000000 -1.000000 0.000000
vn 0.000000 -1.000000 0.000000
vn 0.000000 -1.000000 0.000000
vn 0.000000 -1.000000 0.000000
vn 0.000000 0.000000 1.000000
vn 0.000000 0.000000 1.000000
vn 0.000000 0.000000 1.000000
vn 0.000000 0.000000 1.000000
vn 0.000000 -1.000000 -0.000000
vn 0.000000 -1.000000 -0.000000
vn 0.000000 -1.000000 -0.000000
vn 0.000000 -1.000000 -0.000000
vn 0.000000 -1.000000 0.000000
vn 0.000000 -1.000000 0.000000
vn 0.000000 -1.000000 0.000000
vn 0.000000 -1.000000 0.000000
vn 0.000000 -1.000000 0.000000
vn 0.000000 -1.000000 0.000000
vn 0.000000 -1.000000 0.000000
vn 0.000000 -1.000000 0.000000
vn 0.000000 0.000000 -1.000000
vn 0.000000 0.000000 -1.000000
vn 0.000000 0.000000 -1.000000
vn 0.000000 0.000000 -1.000000
vn 0.000000 -1.000000 -0.000000
vn 0.000000 -1.000000 -0.000000
vn 0.000000 -1.000000 -0.000000
vn 0.000000 -1.000000 -0.000000
vn 0.000000 0.000000 -1.000000
vn 0.000000 0.000000 -1.000000
vn 0.000000 0.000000 -1.000000
vn 0.000000 0.000000 -1.000000
vn 0.000000 1.000000 -0.000000
vn 0.000000 1.000000 -0.000000
vn 0.000000 1.000000 -0.000000
vn 0.000000 1.000000 -0.000000
vn 0.000000 0.000000 -1.000000
vn 0.000000 0.000000 -1.000000
vn 0.000000 0.000000 -1.000000
vn 0.000000 0.000000 -1.000000
vn 0.000000 1.000000 0.000000
vn 0.000000 1.000000 0.000000
vn 0.000000 1.000000 0.000000
vn 0.000000 1.000000 0.000000
vn 0.000000 0.000000 -1.000000
vn 0.000000 0.000000 -1.000000
vn 0.000000 0.000000 -1.000000
vn 0.000000 0.000000 -1.000000
vn 0.000000 -1.000000 -0.000001
vn 0.000000 -1.000000 -0.000001
vn 0.000000 -1.000000 -0.000001
vn 0.000000 -1.000000 -0.000001
vn 0.000000 0.000000 -1.000000
vn 0.000000 0.000000 -1.000000
vn 0.000000 0.000000 -1.000000
vn 0.000000 0.000000 -1.000000
vn 0.000000 -1.000000 0.000004
vn 0.000000 -1.000000 0.000004
vn 0.000000 -1.000000 0.000004
vn 0.000000 -1.000000 0.000004
vn 0.000000 0.000000 -1.000000
vn 0.000000 0.000000 -1.000000
vn 0.000000 0.000000 -1.000000
vn 0.000000 0.000000 -1.000000
vn -0.000000 1.000000 -0.000002
vn -0.000000 1.000000 -0.000002
vn -0.000000 1.000000 -0.000002
vn -0.000000 1.000000 -0.000002
vn 0.000000 0.000000 -1.000000
vn 0.000000 0.000000 -1.000000
vn 0.000000 0.000000 -1.000000
vn 0.000000 0.000000 -1.000000
vn -0.000000 1.000000 0.000000
vn -0.000000 1.000000 0.000000
vn -0.000000 1.000000 0.000000
vn -0.000000 1.000000 0.000000
vn -0.000000 1.000000 0.000000
vn -0.000000 1.000000 0.000000
vn -0.000000 1.000000 0.000000
vn -0.000000 1.000000 0.000000
vn -0.000000 1.000000 -0.000000
vn -0.000000 1.000000 -0.000000
vn -0.000000 1.000000 -0.000000
vn -0.000000 1.000000 -0.000000
vn -0.000000 0.000000 1.000000
vn -0.000000 0.000000 1.000000
vn -0.000000 0.000000 1.000000
vn -0.000000 0.000000 1.000000
vn -0.000000 1.000000 0.000002
vn -0.000000 1.000000 0.000002
vn -0.000000 1.000000 0.000002
vn -0.000000 1.000000 0.000002
vn 0.000000 0.000000 1.000000
vn 0.000000 0.000000 1.000000
vn 0.000000 0.000000 1.000000
vn 0.000000 0.000000 1.000000
vn 0.000000 -1.000000 0.000000
vn 0.000000 -1.000000 0.000000
vn 0.000000 -1.000000 0.000000
vn 0.000000 -1.000000 0.000000
vn 0.000000 0.000000 1.000000
vn 0.000000 0.000000 1.000000
vn 0.000000 0.000000 1.000000
vn 0.000000 0.000000 1.000000
vn 0.000000 -1.000000 0.000000
vn 0.000000 -1.000000 0.000000
vn 0.000000 -1.000000 0.000000
vn 0.000000 -1.000000 0.000000
vn 0.000000 0.000000 1.000000
vn 0.000000 0.000000 1.000000
vn 0.000000 0.000000 1.000000
vn 0.000000 0.000000 1.000000
vn 0.000000 1.000000 0.000000
vn 0.000000 1.000000 0.000000
vn 0.000000 1.000000 0.000000
vn 0.000000 1.000000 0.000000
vn 0.000000 0.000000 1.000000
vn 0.000000 0.000000 1.000000
vn 0.000000 0.000000 1.000000
vn 0.000000 0.000000 1.000000
vn 0.000000 1.000000 -0.000000
vn 0.000000 1.000000 -0.000000
vn 0.000000 1.000000 -0.000000
vn 0.000000 1.000000 -0.000000
vn 0.000000 0.000000 1.000000
vn 0.000000 0.000000 1.000000
vn 0.000000 0.000000 1.000000
vn 0.000000 0.000000 1.000000
vn 0.000000 -1.000000 0.000000
vn 0.000000 -1.000000 0.000000
vn 0.000000 -1.000000 0.000000
vn 0.000000 -1.000000 0.000000
vn 0.000000 0.000000 1.000000
vn 0.000000 0.000000 1.000000
vn 0.000000 0.000000 1.000000
vn 0.000000 0.000000 1.000000
vn 0.000000 -1.000000 0.000000
vn 0.000000 -1.000000 0.000000
vn 0.000000 -1.000000 0.000000
vn 0.000000 -1.000000 0.000000
vn 0.000000 -1.000000 0.000000
vn 0.000000 -1.000000 0.000000
vn 0.000000 -1.000000 0.000000
vn 0.000000 -1.000000 0.000000
vn 0.000000 -1.000000 -0.000000
vn 0.000000 -1.000000 -0.000000
vn 0.000000 -1.000000 -0.000000
vn 0.000000 -1.000000 -0.000000
vn 0.000000 0.000000 -1.000000
vn 0.000000 0.000000 -1.000000
vn 0.000000 0.000000 -1.000000
vn 0.000000 0.000000 -1.000000
vn 0.000000 0.000000 -1.000000
vn 0.000000 0.000000 -1.000000
vn 0.000488 -0.999818 -0.019064
vn 0.000488 -0.999818 -0.019064
vn 0.000488 -0.999818 -0.019064
vn 0.000488 -0.999818 -0.019064
vn -0.000000 0.000000 -1.000000
vn -0.000000 0.000000 -1.000000
vn -0.000000 0.000000 -1.000000
vn -0.000000 0.000000 -1.000000
vn -0.000000 0.000000 -1.000000
vn -0.000000 0.000000 -1.000000
vn 0.000829 0.999477 -0.032334
vn 0.000829 0.999477 -0.032334
vn 0.000829 0.999477 -0.032334
vn 0.000829 0.999477 -0.032334
vn 0.000000 0.000000 -1.000000
vn 0.000000 0.000000 -1.000000
vn 0.000000 0.000000 -1.000000
vn 0.000000 0.000000 -1.000000
vn 0.000000 0.000000 -1.000000
vn 0.000000 0.000000 -1.000000
vn 0.000000 1.000000 0.000000
vn 0.000000 1.000000 0.000000
vn 0.000000 1.000000 0.000000
vn 0.000000 1.000000 0.000000
vn 0.000000 0.000000 -1.000000
vn 0.000000 0.000000 -1.000000
vn 0.000000 0.000000 -1.000000
vn 0.000000 0.000000 -1.000000
vn 0.000000 0.000000 -1.000000
vn 0.000000 0.000000 -1.000000
vn 0.000000 0.000000 -1.000000
vn 0.000000 0.000000 -1.000000
vn 0.000000 0.000000 -1.000000
vn 0.000000 0.000000 -1.000000
vn 0.000000 0.000000 -1.000000
vn 0.000000 0.000000 -1.000000
vn 0.000000 -1.000000 0.000000
vn 0.000000 -1.000000 0.000000
vn 0.000000 -1.000000 0.000000
vn 0.000000 -1.000000 0.000000
vn 0.000000 0.000000 -1.000000
vn 0.000000 0.000000 -1.000000
vn 0.000000 0.000000 -1.000000
vn 0.000000 0.000000 -1.000000
vn 0.000000 -1.000000 0.000000
vn 0.000000 -1.000000 0.000000
vn 0.000000 -1.000000 0.000000
vn 0.000000 -1.000000 0.000000
vn 0.000000 0.000000 -1.000000
vn 0.000000 0.000000 -1.000000
vn 0.000000 0.000000 -1.000000
vn 0.000000 0.000000 -1.000000
vn 0.000000 1.000000 0.000000
vn 0.000000 1.000000 0.000000
vn 0.000000 1.000000 0.000000
vn 0.000000 1.000000 0.000000
vn 0.000000 0.000000 -1.000000
vn 0.000000 0.000000 -1.000000
vn 0.000000 0.000000 -1.000000
vn 0.000000 0.000000 -1.000000
vn 0.000000 1.000000 0.000000
vn 0.000000 1.000000 0.000000
vn 0.000000 1.000000 0.000000
vn 0.000000 1.000000 0.000000
vn 0.000000 1.000000 0.000000
vn 0.000000 1.000000 0.000000
vn 0.000000 1.000000 0.000000
vn 0.000000 1.000000 0.000000
vn 0.000000 1.000000 0.000001
vn 0.000000 1.000000 0.000001
vn 0.000000 1.000000 0.000001
vn 0.000000 1.000000 0.000001
vn 0.000000 0.000000 1.000000
vn 0.000000 0.000000 1.000000
vn 0.000000 0.000000 1.000000
vn 0.000000 0.000000 1.000000
vn 0.000000 1.000000 0.000001
vn 0.000000 1.000000 0.000001
vn 0.000000 1.000000 0.000001
vn 0.000000 1.000000 0.000001
vn 0.000000 0.000000 1.000000
vn 0.000000 0.000000 1.000000
vn 0.000000 0.000000 1.000000
vn 0.000000 0.000000 1.000000
vn 0.000000 -1.000000 0.000002
vn 0.000000 -1.000000 0.000002
vn 0.000000 -1.000000 0.000002
vn 0.000000 -1.000000 0.000002
vn 0.000000 0.000000 1.000000
vn 0.000000 0.000000 1.000000
vn 0.000000 0.000000 1.000000
vn 0.000000 0.000000 1.000000
vn 0.000000 -1.000000 0.000002
vn 0.000000 -1.000000 0.000002
vn 0.000000 -1.000000 0.000002
vn 0.000000 -1.000000 0.000002
vn 0.000000 0.000000 1.000000
vn 0.000000 0.000000 1.000000
vn 0.000000 0.000000 1.000000
vn 0.000000 0.000000 1.000000
vn 0.000000 1.000000 -0.000000
vn 0.000000 1.000000 -0.000000
vn 0.000000 1.000000 -0.000000
vn 0.000000 1.000000 -0.000000
vn 0.000000 0.000000 1.000000
vn 0.000000 0.000000 1.000000
vn 0.000000 0.000000 1.000000
vn 0.000000 0.000000 1.000000
vn 0.000000 1.000000 0.000000
vn 0.000000 1.000000 0.000000
vn 0.000000 1.000000 0.000000
vn 0.000000 1.000000 0.000000
vn 0.000000 0.000000 1.000000
vn 0.000000 0.000000 1.000000
vn 0.000000 0.000000 1.000000
vn 0.000000 0.000000 1.000000
vn 0.000000 -1.000000 0.000000
vn 0.000000 -1.000000 0.000000
vn 0.000000 -1.000000 0.000000
vn 0.000000 -1.000000 0.000000
vn 0.000000 0.000000 1.000000
vn 0.000000 0.000000 1.000000
vn 0.000000 0.000000 1.000000
vn 0.000000 0.000000 1.000000
vn 0.000000 -1.000000 0.000000
vn 0.000000 -1.000000 0.000000
vn 0.000000 -1.000000 0.000000
vn 0.000000 -1.000000 0.000000
vn 0.000000 -1.000000 0.000000
vn 0.000000 -1.000000 0.000000
vn 0.000000 -1.000000 0.000000
vn 0.000000 -1.000000 0.000000
vn 0.000000 -1.000000 0.000000
vn 0.000000 -1.000000 0.000000
vn 0.000000 -1.000000 0.000000
vn 0.000000 -1.000000 0.000000
vn -0.000000 0.000000 -1.000000
vn -0.000000 0.000000 -1.000000
vn -0.000000 0.000000 -1.000000
vn -0.000000 0.000000 -1.000000
vn -0.000000 0.000000 -1.000000
vn -0.000000 0.000000 -1.000000
vn 0.000000 -1.000000 0.000000
vn 0.000000 -1.000000 0.000000
vn 0.000000 -1.000000 0.000000
vn 0.000000 -1.000000 0.000000
vn 0.000000 0.000000 -1.000000
vn 0.000000 0.000000 -1.000000
vn 0.000000 0.000000 -1.000000
vn 0.000000 0.000000 -1.000000
vn 0.000000 0.000000 -1.000000
vn 0.000000 0.000000 -1.000000
vn 0.000000 1.000000 -0.000000
vn 0.000000 1.000000 -0.000000
vn 0.000000 1.000000 -0.000000
vn 0.000000 1.000000 -0.000000
vn -0.000010 0.000000 -1.000000
vn -0.000010 0.000000 -1.000000
vn -0.000010 0.000000 -1.000000
vn -0.000010 0.000000 -1.000000
vn 0.000000 1.000000 0.000000
vn 0.000000 1.000000 0.000000
vn 0.000000 1.000000 0.000000
vn 0.000000 1.000000 0.000000
vn 0.000000 0.000000 -1.000000
vn 0.000000 0.000000 -1.000000
vn 0.000000 0.000000 -1.000000
vn 0.000000 0.000000 -1.000000
vn 0.000000 -1.000000 -0.000001
vn 0.000000 -1.000000 -0.000001
vn 0.000000 -1.000000 -0.000001
vn 0.000000 -1.000000 -0.000001
vn 0.000000 0.000000 -1.000000
vn 0.000000 0.000000 -1.000000
vn 0.000000 0.000000 -1.000000
vn 0.000000 0.000000 -1.000000
vn 0.000000 -1.000000 -0.000001
vn 0.000000 -1.000000 -0.000001
vn 0.000000 -1.000000 -0.000001
vn 0.000000 -1.000000 -0.000001
vn 0.000000 0.000000 -1.000000
vn 0.000000 0.000000 -1.000000
vn 0.000000 0.000000 -1.000000
vn 0.000000 0.000000 -1.000000
vn 0.000000 1.000000 0.000002
vn 0.000000 1.000000 0.000002
vn 0.000000 1.000000 0.000002
vn 0.000000 1.000000 0.000002
vn 0.000000 0.000000 -1.000000
vn 0.000000 0.000000 -1.000000
vn 0.000000 0.000000 -1.000000
vn 0.000000 0.000000 -1.000000
vn 0.000000 1.000000 0.000000
vn 0.000000 1.000000 0.000000
vn 0.000000 1.000000 0.000000
vn 0.000000 1.000000 0.000000
vn 0.000000 1.000000 0.000000
vn 0.000000 1.000000 0.000000
vn 0.000000 1.000000 0.000000
vn 0.000000 1.000000 0.000000
vn 0.000000 1.000000 0.000000
vn 0.000000 1.000000 0.000000
vn 0.000000 1.000000 0.000000
vn 0.000000 1.000000 0.000000
vn 0.000000 0.000000 1.000000
vn 0.000000 0.000000 1.000000
vn 0.000000 0.000000 1.000000
vn 0.000000 0.000000 1.000000
vn 0.000000 1.000000 -0.000001
vn 0.000000 1.000000 -0.000001
vn 0.000000 1.000000 -0.000001
vn 0.000000 1.000000 -0.000001
vn 0.000000 0.000000 1.000000
vn 0.000000 0.000000 1.000000
vn 0.000000 0.000000 1.000000
vn 0.000000 0.000000 1.000000
vn 0.000000 1.000000 0.000000
vn 0.000000 1.000000 0.000000
vn 0.000000 1.000000 0.000000
vn 0.000000 1.000000 0.000000
vn 0.000000 -1.000000 0.000000
vn 0.000000 -1.000000 0.000000
vn 0.000000 -1.000000 0.000000
vn 0.000000 -1.000000 0.000000
vn 0.000000 1.000000 -0.000001
vn 0.000000 1.000000 -0.000001
vn 0.000000 1.000000 -0.000001
vn 0.000000 1.000000 -0.000001
vn 0.000000 -1.000000 0.000000
vn 0.000000 -1.000000 0.000000
vn 0.000000 -1.000000 0.000000
vn 0.000000 -1.000000 0.000000
vn 0.000000 1.000000 0.000000
vn 0.000000 1.000000 0.000000
vn 0.000000 1.000000 0.000000
vn 0.000000 1.000000 0.000000
vn 0.000000 -1.000000 0.000000
vn 0.000000 -1.000000 0.000000
vn 0.000000 -1.000000 0.000000
vn 0.000000 -1.000000 0.000000
vn 0.000000 1.000000 0.000001
vn 0.000000 1.000000 0.000001
vn 0.000000 1.000000 0.000001
vn 0.000000 1.000000 0.000001
vn 0.000000 -1.000000 0.000000
vn 0.000000 -1.000000 0.000000
vn 0.000000 -1.000000 0.000000
vn 0.000000 -1.000000 0.000000
vn 0.000000 -1.000000 0.000000
vn 0.000000 -1.000000 0.000000
vn 0.000000 -1.000000 0.000000
vn 0.000000 -1.000000 0.000000
vn 0.000000 1.000000 0.000000
vn 0.000000 1.000000 0.000000
vn 0.000000 1.000000 0.000000
vn 0.000000 1.000000 0.000000
vn 0.000000 -1.000000 0.000000
vn 0.000000 -1.000000 0.000000
vn 0.000000 -1.000000 0.000000
vn 0.000000 -1.000000 0.000000
vn 0.000000 1.000000 0.000000
vn 0.000000 1.000000 0.000000
vn 0.000000 1.000000 0.000000
vn 0.000000 1.000000 0.000000
vn 0.000000 -1.000000 0.000000
vn 0.000000 -1.000000 0.000000
vn 0.000000 -1.000000 0.000000
vn 0.000000 -1.000000 0.000000
vn 0.000000 1.000000 0.000000
vn 0.000000 1.000000 0.000000
vn 0.000000 1.000000 0.000000
vn 0.000000 1.000000 0.000000
vn 0.000000 -1.000000 -0.000000
vn 0.000000 -1.000000 -0.000000
vn 0.000000 -1.000000 -0.000000
vn 0.000000 -1.000000 -0.000000
vn 0.000000 1.000000 -0.000000
vn 0.000000 1.000000 -0.000000
vn 0.000000 1.000000 -0.000000
vn 0.000000 1.000000 -0.000000
vn 0.000000 -1.000000 0.000000
vn 0.000000 -1.000000 0.000000
vn 0.000000 -1.000000 0.000000
vn 0.000000 -1.000000 0.000000
vn 0.000000 1.000000 -0.000002
vn 0.000000 1.000000 -0.000002
vn 0.000000 1.000000 -0.000002
vn 0.000000 1.000000 -0.000002
vn 0.000000 -1.000000 0.000000
vn 0.000000 -1.000000 0.000000
vn 0.000000 -1.000000 0.000000
vn 0.000000 -1.000000 0.000000
vn 0.000000 1.000000 0.000001
vn 0.000000 1.000000 0.000001
vn 0.000000 1.000000 0.000001
vn 0.000000 1.000000 0.000001
vn 0.000000 1.000000 0.000000
vn 0.000000 1.000000 0.000000
vn 0.000000 1.000000 0.000000
vn 0.000000 1.000000 0.000000
vn 0.000000 -1.000000 -0.000001
vn 0.000000 -1.000000 -0.000001
vn 0.000000 -1.000000 -0.000001
vn 0.000000 -1.000000 -0.000001
vn 0.000000 1.000000 0.000000
vn 0.000000 1.000000 0.000000
vn 0.000000 1.000000 0.000000
vn 0.000000 1.000000 0.000000
vn 0.000000 -1.000000 0.000001
vn 0.000000 -1.000000 0.000001
vn 0.000000 -1.000000 0.000001
vn 0.000000 -1.000000 0.000001
vn 0.000000 1.000000 0.000000
vn 0.000000 1.000000 0.000000
vn 0.000000 1.000000 0.000000
vn 0.000000 1.000000 0.000000
vn 0.000000 -1.000000 -0.000000
vn 0.000000 -1.000000 -0.000000
vn 0.000000 -1.000000 -0.000000
vn 0.000000 -1.000000 -0.000000
vn 0.000000 1.000000 0.000000
vn 0.000000 1.000000 0.000000
vn 0.000000 1.000000 0.000000
vn 0.000000 1.000000 0.000000
vn 0.000000 -1.000000 -0.000000
vn 0.000000 -1.000000 -0.000000
vn 0.000000 -1.000000 -0.000000
vn 0.000000 -1.000000 -0.000000
vn 0.000000 -1.000000 0.000000
vn 0.000000 -1.000000 0.000000
vn 0.000000 -1.000000 0.000000
vn 0.000000 -1.000000 0.000000
vn 0.000000 1.000000 0.000000
vn 0.000000 1.000000 0.000000
vn 0.000000 1.000000 0.000000
vn 0.000000 1.000000 0.000000
vn 0.000000 -1.000000 0.000000
vn 0.000000 -1.000000 0.000000
vn 0.000000 -1.000000 0.000000
vn 0.000000 -1.000000 0.000000
vn 0.000000 1.000000 0.000000
vn 0.000000 1.000000 0.000000
vn 0.000000 1.000000 0.000000
vn 0.000000 1.000000 0.000000
vn -1.000000 0.000000 0.000000
vn -1.000000 0.000000 0.000000
vn -1.000000 0.000000 0.000000
vn -1.000000 0.000000 0.000000
vn 0.000000 0.000000 -1.000000
vn 0.000000 0.000000 -1.000000
vn 0.000000 0.000000 -1.000000
vn 0.000000 0.000000 -1.000000
vn 1.000000 0.000000 0.000000
vn 1.000000 0.000000 0.000000
vn 1.000000 0.000000 0.000000
vn 1.000000 0.000000 0.000000
vn 0.000000 0.000000 1.000000
vn 0.000000 0.000000 1.000000
vn 0.000000 0.000000 1.000000
vn 0.000000 0.000000 1.000000
vn -1.000000 0.000000 0.000000
vn -1.000000 0.000000 0.000000
vn -1.000000 0.000000 0.000000
vn -1.000000 0.000000 0.000000
vn 0.000000 0.000000 1.000000
vn 0.000000 0.000000 1.000000
vn 0.000000 0.000000 1.000000
vn 0.000000 0.000000 1.000000
vn 1.000000 0.000000 0.000000
vn 1.000000 0.000000 0.000000
vn 1.000000 0.000000 0.000000
vn 1.000000 0.000000 0.000000
vn 0.000000 0.000000 -1.000000
vn 0.000000 0.000000 -1.000000
vn 0.000000 0.000000 -1.000000
vn 0.000000 0.000000 -1.000000
vn 0.000000 0.000000 -1.000000
vn 0.000000 0.000000 -1.000000
vn -1.000000 0.000000 0.000000
vn -1.000000 0.000000 0.000000
vn -1.000000 0.000000 0.000000
vn -1.000000 0.000000 0.000000
vn 0.000000 0.000000 -1.000000
vn 0.000000 0.000000 -1.000000
vn 0.000000 0.000000 -1.000000
vn 0.000000 0.000000 -1.000000
vn 1.000000 0.000000 0.000000
vn 1.000000 0.000000 0.000000
vn 1.000000 0.000000 0.000000
vn 1.000000 0.000000 0.000000
vn -0.000001 0.000000 1.000000
vn -0.000001 0.000000 1.000000
vn -0.000001 0.000000 1.000000
vn -0.000001 0.000000 1.000000
vn -1.000000 0.000000 0.000000
vn -1.000000 0.000000 0.000000
vn -1.000000 0.000000 0.000000
vn -1.000000 0.000000 0.000000
vn 0.000000 0.000000 1.000000
vn 0.000000 0.000000 1.000000
vn 0.000000 0.000000 1.000000
vn 0.000000 0.000000 1.000000
vn 1.000000 0.000000 0.000000
vn 1.000000 0.000000 0.000000
vn 1.000000 0.000000 0.000000
vn 1.000000 0.000000 0.000000
vn -0.000003 -0.000001 -1.000000
vn -0.000003 -0.000001 -1.000000
vn -0.000003 -0.000001 -1.000000
vn -0.000003 -0.000001 -1.000000
vn -0.000003 -0.000001 -1.000000
vn -0.000003 -0.000001 -1.000000
vn -0.000003 -0.000001 -1.000000
vn -1.000000 0.000000 0.000000
vn -1.000000 0.000000 0.000000
vn -1.000000 0.000000 0.000000
vn -1.000000 0.000000 0.000000
vn 0.000000 0.000000 -1.000000
vn 0.000000 0.000000 -1.000000
vn 0.000000 0.000000 -1.000000
vn 0.000000 0.000000 -1.000000
vn 1.000000 0.000000 0.000000
vn 1.000000 0.000000 0.000000
vn 1.000000 0.000000 0.000000
vn 1.000000 0.000000 0.000000
vn 0.000000 0.000000 1.000000
vn 0.000000 0.000000 1.000000
vn 0.000000 0.000000 1.000000
vn 0.000000 0.000000 1.000000
vn -1.000000 0.000000 0.000000
vn -1.000000 0.000000 0.000000
vn -1.000000 0.000000 0.000000
vn -1.000000 0.000000 0.000000
vn 0.000000 0.000000 1.000000
vn 0.000000 0.000000 1.000000
vn 0.000000 0.000000 1.000000
vn 0.000000 0.000000 1.000000
vn 1.000000 0.000000 0.000000
vn 1.000000 0.000000 0.000000
vn 1.000000 0.000000 0.000000
vn 1.000000 0.000000 0.000000
vn 0.000000 0.000000 -1.000000
vn 0.000000 0.000000 -1.000000
vn 0.000000 0.000000 -1.000000
vn 0.000000 0.000000 -1.000000
vn 0.000000 0.000000 -1.000000
vn 0.000000 0.000000 -1.000000
vn -1.000000 0.000000 0.000000
vn -1.000000 0.000000 0.000000
vn -1.000000 0.000000 0.000000
vn -1.000000 0.000000 0.000000
vn 1.000000 0.000000 0.000000
vn 1.000000 0.000000 0.000000
vn 1.000000 0.000000 0.000000
vn 1.000000 0.000000 0.000000
vn 0.000003 0.000000 -1.000000
vn 0.000003 0.000000 -1.000000
vn 0.000003 0.000000 -1.000000
vn 0.000003 0.000000 -1.000000
vn 0.000003 0.000000 -1.000000
vn 0.000003 0.000000 -1.000000
vn 0.000003 0.000000 -1.000000
vn 0.000003 0.000000 -1.000000
vn 0.000003 0.000000 -1.000000
vn 0.000003 0.000000 -1.000000
vn 0.000003 0.000000 -1.000000
vn 0.000003 0.000000 -1.000000
vn 0.000000 1.000000 0.000000
vn 0.000000 1.000000 0.000000
vn 0.000000 1.000000 0.000000
vn 0.000000 1.000000 0.000000
vn 0.000000 0.000000 1.000000
vn 0.000000 0.000000 1.000000
vn 0.000000 0.000000 1.000000
vn 0.000000 0.000000 1.000000
vn 0.000000 -1.000000 0.000000
vn 0.000000 -1.000000 0.000000
vn 0.000000 -1.000000 0.000000
vn 0.000000 -1.000000 0.000000
vn -0.022692 0.999743 -0.000060
vn -0.022692 0.999743 -0.000060
vn -0.022692 0.999743 -0.000060
vn -0.022692 0.999743 -0.000060
vn -0.007825 0.999969 0.000046
vn -0.007825 0.999969 0.000046
vn -0.007825 0.999969 0.000046
vn -0.007825 0.999969 0.000046
vn -0.017562 -0.999846 0.000100
vn -0.017562 -0.999846 0.000100
vn -0.017562 -0.999846 0.000100
vn -0.017562 -0.999846 0.000100
vn -0.041879 -0.999123 -0.000123
vn -0.041879 -0.999123 -0.000123
vn -0.041879 -0.999123 -0.000123
vn -0.041879 -0.999123 -0.000123
vn 0.000000 1.000000 0.000000
vn 0.000000 1.000000 0.000000
vn 0.000000 1.000000 0.000000
vn 0.000000 1.000000 0.000000
vn 0.000000 1.000000 0.000000
vn 0.000000 1.000000 0.000000
vn 0.000000 1.000000 0.000000
vn 0.000000 1.000000 0.000000
vn 0.000000 1.000000 0.000000
vn 0.000000 1.000000 0.000000
vn 0.000000 1.000000 0.000000
vn 0.000000 1.000000 0.000000
vn 0.000000 1.000000 0.000000
vn 0.000000 1.000000 0.000000
vn 0.000000 1.000000 0.000000
vn 0.000000 1.000000 0.000000
vn 0.000000 1.000000 0.000000
vn 0.000000 1.000000 0.000000
vn 0.000000 1.000000 0.000000
vn 0.003497 0.999994 0.000003
vn 0.003497 0.999994 0.000003
vn 0.003497 0.999994 0.000003
vn 0.003497 0.999994 0.000003
vn 0.003497 0.999994 0.000003
vn 0.003497 0.999994 0.000003
vn 0.003497 0.999994 0.000003
vn -0.011578 -0.999933 -0.000052
vn -0.011578 -0.999933 -0.000052
vn -0.011578 -0.999933 -0.000052
vn -0.011578 -0.999933 -0.000052
vn -0.011578 -0.999933 -0.000052
vn -0.011578 -0.999933 -0.000052
vn -0.011578 -0.999933 -0.000052
vn -0.011578 -0.999933 -0.000052
vn -0.000003 -1.000000 0.000000
vn -0.000003 -1.000000 0.000000
vn -0.000003 -1.000000 0.000000
vn -0.000003 -1.000000 0.000000
vn -0.000003 -1.000000 0.000000
vn -0.000003 -1.000000 0.000000
vn -0.000003 -1.000000 0.000000
vn -0.000003 -1.000000 0.000000
vn -0.000003 -1.000000 0.000000
vn -0.000003 -1.000000 0.000000
vn -0.000003 -1.000000 0.000000
vn -0.000003 -1.000000 0.000000
vn -0.000003 -1.000000 0.000000
vn -0.000003 -1.000000 0.000000
vn -0.000003 -1.000000 0.000000
vn 0.028999 0.999579 -0.000215
vn 0.028999 0.999579 -0.000215
vn 0.028999 0.999579 -0.000215
vn 0.028999 0.999579 -0.000215
vn 0.028999 0.999579 -0.000215
vn 0.028999 0.999579 -0.000215
vn 0.028999 0.999579 -0.000215
vn 0.028999 0.999579 -0.000215
vn 0.028999 0.999579 -0.000215
vn 0.028999 0.999579 -0.000215
vn 0.028999 0.999579 -0.000215
vn 0.028999 0.999579 -0.000215
vn 0.028999 0.999579 -0.000215
vn 0.028999 0.999579 -0.000215
vn 0.028999 0.999579 -0.000215
vn 0.017001 -0.999856 -0.000126
vn 0.017001 -0.999856 -0.000126
vn 0.017001 -0.999856 -0.000126
vn 0.017001 -0.999856 -0.000126
vn 0.017001 -0.999856 -0.000126
vn 0.017001 -0.999856 -0.000126
vn 0.017001 -0.999856 -0.000126
vn 0.017001 -0.999856 -0.000126
vn 0.017001 -0.999856 -0.000126
vn 0.017001 -0.999856 -0.000126
vn 0.017001 -0.999856 -0.000126
vn 0.017001 -0.999856 -0.000126
vn 0.017001 -0.999856 -0.000126
vn 0.017001 -0.999856 -0.000126
vn 0.017001 -0.999856 -0.000126
vn -0.053252 -0.998581 -0.000972
vn -0.053252 -0.998581 -0.000972
vn -0.053252 -0.998581 -0.000972
vn -0.053252 -0.998581 -0.000972
vn -0.999983 -0.005822 -0.000341
vn -0.999983 -0.005822 -0.000341
vn -0.999983 -0.005822 -0.000341
vn -0.999983 -0.005822 -0.000341
vn -0.999892 -0.014692 -0.000001
vn -0.999892 -0.014692 -0.000001
vn -0.999892 -0.014692 -0.000001
vn -0.999870 -0.016149 -0.000002
vn -0.999870 -0.016149 -0.000002
vn -0.999870 -0.016149 -0.000002
vn -1.000000 -0.000007 0.000013
vn -1.000000 -0.000007 0.000013
vn -1.000000 -0.000007 0.000013
vn -0.999999 0.001606 0.000000
vn -0.999999 0.001606 0.000000
vn -0.999999 0.001606 0.000000
vn 0.997183 -0.074983 -0.001833
vn 0.997183 -0.074983 -0.001833
vn 0.997183 -0.074983 -0.001833
vn 0.997183 -0.074983 -0.001833
vn 0.999999 -0.000660 -0.001121
vn 0.999999 -0.000660 -0.001121
vn 0.999999 -0.000660 -0.001121
vn 0.999999 -0.000660 -0.001121
vn 0.999999 -0.000660 -0.001121
vn 0.999999 -0.000660 -0.001121
vn 0.000488 0.998748 -0.050013
vn 0.000488 0.998748 -0.050013
vn 0.000488 0.998748 -0.050013
vn 0.000488 0.998748 -0.050013
vn 0.000478 0.999726 -0.023416
vn 0.000478 0.999726 -0.023416
vn 0.000478 0.999726 -0.023416
vn 0.000478 0.999726 -0.023416
vn -0.000452 0.998748 -0.050013
vn -0.000452 0.998748 -0.050013
vn -0.000452 0.998748 -0.050013
vn -0.000452 0.998748 -0.050013
vn -0.000324 0.999559 -0.029680
vn -0.000324 0.999559 -0.029680
vn -0.000324 0.999559 -0.029680
vn -0.000324 0.999559 -0.029680
vn 0.000000 1.000000 -0.000162
vn 0.000000 1.000000 -0.000162
vn 0.000000 1.000000 -0.000162
vn 0.000000 1.000000 -0.000162
vn 0.000000 1.000000 -0.000162
vn 0.000000 1.000000 -0.000162
vn 0.000000 1.000000 -0.000162
vn 0.000000 1.000000 -0.000162
vn 1.000000 0.000000 0.000000
vn 1.000000 0.000000 0.000000
vn 1.000000 0.000000 0.000000
vn 1.000000 0.000000 0.000000
vn 0.000007 0.000000 -1.000000
vn 0.000007 0.000000 -1.000000
vn 0.000007 0.000000 -1.000000
vn 0.000007 0.000000 -1.000000
vn 0.000007 0.000000 -1.000000
vn -0.999951 0.009806 0.000947
vn -0.999951 0.009806 0.000947
vn -0.999951 0.009806 0.000947
vn -0.999951 0.009806 0.000947
vn -0.999951 0.009806 0.000947
vn -0.007299 -0.999972 0.001859
vn -0.007299 -0.999972 0.001859
vn -0.007299 -0.999972 0.001859
vn -0.007299 -0.999972 0.001859
vn -0.007299 -0.999972 0.001859
vn -0.007299 -0.999972 0.001859
vn -0.007299 -0.999972 0.001859
vn -0.007299 -0.999972 0.001859
vn -1.000000 0.000000 0.000000
vn -1.000000 0.000000 0.000000
vn -1.000000 0.000000 0.000000
vn -1.000000 0.000000 0.000000
vn -1.000000 0.000000 0.000000
vn -0.017041 -0.999839 0.005548
vn -0.017041 -0.999839 0.005548
vn -0.017041 -0.999839 0.005548
vn -0.017041 -0.999839 0.005548
vn -0.017041 -0.999839 0.005548
vn 0.003163 -0.001656 -0.999994
vn 0.003163 -0.001656 -0.999994
vn 0.003163 -0.001656 -0.999994
vn 0.003163 -0.001656 -0.999994
vn 0.003163 -0.001656 -0.999994
vn 0.003163 -0.001656 -0.999994
vn 1.000000 0.000000 0.000000
vn 1.000000 0.000000 0.000000
vn 1.000000 0.000000 0.000000
vn 1.000000 0.000000 0.000000
vn 1.000000 0.000000 0.000000
vn 1.000000 0.000000 0.000000
vn -0.025711 -0.999669 -0.000094
vn -0.025711 -0.999669 -0.000094
vn -0.025711 -0.999669 -0.000094
vn -0.025711 -0.999669 -0.000094
vn 1.000000 -0.000006 0.000000
vn 1.000000 -0.000006 0.000000
vn 1.000000 -0.000006 0.000000
vn 1.000000 -0.000006 0.000000
vn 1.000000 -0.000006 0.000000
vn 1.000000 -0.000006 0.000000
vn 1.000000 -0.000006 0.000000
vn 0.000000 -1.000000 0.000000
vn 0.000000 -1.000000 0.000000
vn 0.000000 -1.000000 0.000000
vn 0.000000 -1.000000 0.000000
vn 0.000000 -1.000000 0.000000
vn 0.000000 -1.000000 0.000000
vn 0.000000 -1.000000 0.000000
vn 0.000000 -1.000000 0.000000
vn 0.000000 -1.000000 0.000000
vn 0.000000 -1.000000 0.000000
vn 0.000000 -1.000000 0.000000
vn 0.000000 -1.000000 0.000000
vn 0.000000 -1.000000 0.000000
vn 0.000000 -1.000000 0.000000
vn 1.000000 -0.000000 -0.000000
vn 1.000000 -0.000000 -0.000000
vn 1.000000 -0.000000 -0.000000
vn 1.000000 -0.000000 -0.000000
vn 1.000000 -0.000000 -0.000000
vn 1.000000 -0.000000 -0.000000
vn 0.000000 1.000000 -0.000000
vn 0.000000 1.000000 -0.000000
vn 0.000000 1.000000 -0.000000
vn 0.000000 1.000000 -0.000000
vn 0.000000 1.000000 -0.000000
vn 0.000000 1.000000 -0.000000
vn 0.000000 1.000000 -0.000000
vn 0.000000 1.000000 -0.000000
vn 0.000000 1.000000 -0.000000
vn 0.000000 1.000000 -0.000000
vn 0.000000 1.000000 -0.000000
vn 0.000000 1.000000 -0.000000
vn 0.000000 1.000000 -0.000000
vn 0.000000 1.000000 -0.000000
vn 1.000000 0.000004 0.000000
vn 1.000000 0.000004 0.000000
vn 1.000000 0.000004 0.000000
vn 1.000000 0.000004 0.000000
vn 1.000000 0.000004 0.000000
vn 1.000000 0.000004 0.000000
vn 1.000000 0.000004 0.000000
vn -0.087620 0.996154 -0.000078
vn -0.087620 0.996154 -0.000078
vn -0.087620 0.996154 -0.000078
vn -0.087620 0.996154 -0.000078
vn 1.000000 0.000000 0.000000
vn 1.000000 0.000000 0.000000
vn 1.000000 0.000000 0.000000
vn 1.000000 0.000000 0.000000
vn 1.000000 0.000000 0.000000
vn 1.000000 0.000000 0.000000
vn -0.042172 -0.999110 -0.000136
vn -0.042172 -0.999110 -0.000136
vn -0.042172 -0.999110 -0.000136
vn -0.042172 -0.999110 -0.000136
vn 1.000000 -0.000005 -0.000000
vn 1.000000 -0.000005 -0.000000
vn 1.000000 -0.000005 -0.000000
vn 1.000000 -0.000005 -0.000000
vn 1.000000 -0.000005 -0.000000
vn 1.000000 -0.000005 -0.000000
vn 1.000000 -0.000005 -0.000000
vn 0.000000 0.000000 -1.000000
vn 0.000000 0.000000 -1.000000
vn 0.000000 0.000000 -1.000000
vn 0.000000 0.000000 -1.000000
vn 0.000000 0.000000 -1.000000
vn -0.002165 -0.999998 0.000548
vn -0.002165 -0.999998 0.000548
vn -0.002165 -0.999998 0.000548
vn -0.002165 -0.999998 0.000548
vn -0.002165 -0.999998 0.000548
vn -0.002165 -0.999998 0.000548
vn -0.002165 -0.999998 0.000548
vn 1.000000 0.000000 0.000000
vn 1.000000 0.000000 0.000000
vn 1.000000 0.000000 0.000000
vn 1.000000 0.000000 0.000000
vn 0.000000 0.000000 -1.000000
vn 0.000000 0.000000 -1.000000
vn 0.000000 0.000000 -1.000000
vn 0.000000 0.000000 -1.000000
vn -1.000000 0.000228 -0.000196
vn -1.000000 0.000228 -0.000196
vn -1.000000 0.000228 -0.000196
vn -1.000000 0.000228 -0.000196
vn -1.000000 0.000228 -0.000196
vn -1.000000 0.000228 -0.000196
vn -1.000000 0.000228 -0.000196
vn -1.000000 0.000228 -0.000196
vn -1.000000 0.000228 -0.000196
vn -0.999430 0.033758 -0.000233
vn -0.999430 0.033758 -0.000233
vn -0.999430 0.033758 -0.000233
vn -0.999430 0.033758 -0.000233
vn -0.999430 0.033758 -0.000233
vn -0.999430 0.033758 -0.000233
vn -0.999430 0.033758 -0.000233
vn -1.000000 -0.000001 0.000000
vn -1.000000 -0.000001 0.000000
vn -1.000000 -0.000001 0.000000
vn -1.000000 -0.000001 0.000000
vn -1.000000 -0.000001 0.000000
vn -1.000000 -0.000001 0.000000
vn -1.000000 -0.000001 0.000000
vn -1.000000 -0.000001 0.000000
vn -1.000000 -0.000001 0.000000
vn -1.000000 -0.000001 0.000000
vn -1.000000 0.000000 0.000000
vn -1.000000 0.000000 0.000000
vn -1.000000 0.000000 0.000000
vn -1.000000 0.000000 0.000000
vn -1.000000 0.000000 0.000000
vn -0.999984 0.005641 -0.000049
vn -0.999984 0.005641 -0.000049
vn -0.999984 0.005641 -0.000049
vn -0.999984 0.005641 -0.000049
vn -0.999984 0.005641 -0.000049
vn 0.018565 0.999828 0.000003
vn 0.018565 0.999828 0.000003
vn 0.018565 0.999828 0.000003
vn 0.018565 0.999828 0.000003
vn 0.018565 0.999828 0.000003
vn -1.000000 0.000000 0.000000
vn -1.000000 0.000000 0.000000
vn -1.000000 0.000000 0.000000
vn -1.000000 0.000000 0.000000
vn -1.000000 0.000000 0.000000
vn -1.000000 0.000000 0.000000
vn -0.000043 1.000000 0.000002
vn -0.000043 1.000000 0.000002
vn -0.000043 1.000000 0.000002
vn -0.000043 1.000000 0.000002
vn -0.000043 1.000000 0.000002
vn -0.000043 1.000000 0.000002
vn -0.000043 1.000000 0.000002
vn -0.000043 1.000000 0.000002
vn -0.000043 1.000000 0.000002
vn -0.000043 1.000000 0.000002
vn -0.000043 1.000000 0.000002
vn -0.000043 1.000000 0.000002
vn 1.000000 0.000000 -0.000000
vn 1.000000 0.000000 -0.000000
vn 1.000000 0.000000 -0.000000
vn 1.000000 0.000000 -0.000000
vn 1.000000 0.000000 -0.000000
vn 1.000000 0.000000 -0.000000
vn 1.000000 0.000000 -0.000000
vn 0.000000 0.000000 -1.000000
vn 0.000000 0.000000 -1.000000
vn 0.000000 0.000000 -1.000000
vn 0.000000 0.000000 -1.000000
vn 1.000000 0.000010 -0.000000
vn 1.000000 0.000010 -0.000000
vn 1.000000 0.000010 -0.000000
vn 1.000000 0.000010 -0.000000
vn 0.002852 -0.043087 0.999067
vn 0.002852 -0.043087 0.999067
vn 0.002852 -0.043087 0.999067
vn 0.002852 -0.043087 0.999067
vn 0.002852 -0.043087 0.999067
vn 1.000000 0.000000 0.000000
vn 1.000000 0.000000 0.000000
vn 1.000000 0.000000 0.000000
vn 1.000000 0.000000 0.000000
vn -0.017517 -0.042051 -0.998962
vn -0.017517 -0.042051 -0.998962
vn -0.017517 -0.042051 -0.998962
vn -0.017517 -0.042051 -0.998962
vn -0.017517 -0.042051 -0.998962
vn 1.000000 0.000000 0.000000
vn 1.000000 0.000000 0.000000
vn 1.000000 0.000000 0.000000
vn 1.000000 0.000000 0.000000
vn -0.020709 0.000000 0.999786
vn -0.020709 0.000000 0.999786
vn -0.020709 0.000000 0.999786
vn -0.020709 0.000000 0.999786
vn 1.000000 0.000000 0.000000
vn 1.000000 0.000000 0.000000
vn 1.000000 0.000000 0.000000
vn 1.000000 0.000000 0.000000
vn 1.000000 -0.000001 0.000000
vn 1.000000 -0.000001 0.000000
vn 1.000000 -0.000001 0.000000
vn 1.000000 -0.000001 0.000000
vn 1.000000 -0.000001 0.000000
vn 1.000000 -0.000001 0.000000
vn 1.000000 -0.000001 0.000000
vn 1.000000 -0.000001 0.000000
vn 0.014309 0.000008 0.999898
vn 0.014309 0.000008 0.999898
vn 0.014309 0.000008 0.999898
vn 0.014309 0.000008 0.999898
vn 0.014309 0.000008 0.999898
vn 0.014309 0.000008 0.999898
vn 1.000000 0.000000 0.000000
vn 1.000000 0.000000 0.000000
vn 1.000000 0.000000 0.000000
vn 1.000000 0.000000 0.000000
vn 0.040337 0.000023 -0.999186
vn 0.040337 0.000023 -0.999186
vn 0.040337 0.000023 -0.999186
vn 0.040337 0.000023 -0.999186
vn 0.040337 0.000023 -0.999186
vn 0.040337 0.000023 -0.999186
vn 1.000000 0.000000 0.000000
vn 1.000000 0.000000 0.000000
vn 1.000000 0.000000 0.000000
vn 1.000000 0.000000 0.000000
vn 1.000000 0.000000 0.000000
vn 1.000000 0.000000 0.000000
vn 1.000000 0.000000 0.000000
vn 0.002883 0.028784 0.999582
vn 0.002883 0.028784 0.999582
vn 0.002883 0.028784 0.999582
vn 0.002883 0.028784 0.999582
vn 0.002883 0.028784 0.999582
vn 1.000000 0.000000 0.000000
vn 1.000000 0.000000 0.000000
vn 1.000000 0.000000 0.000000
vn 1.000000 0.000000 0.000000
vn -0.017707 0.028048 -0.999450
vn -0.017707 0.028048 -0.999450
vn -0.017707 0.028048 -0.999450
vn -0.017707 0.028048 -0.999450
vn -0.017707 0.028048 -0.999450
vn 1.000000 0.000000 0.000000
vn 1.000000 0.000000 0.000000
vn 1.000000 0.000000 0.000000
vn 1.000000 0.000000 0.000000
vn -0.020953 0.000000 0.999780
vn -0.020953 0.000000 0.999780
vn -0.020953 0.000000 0.999780
vn -0.020953 0.000000 0.999780
vn 1.000000 0.000000 0.000000
vn 1.000000 0.000000 0.000000
vn 1.000000 0.000000 0.000000
vn 1.000000 0.000000 0.000000
vn 0.000000 0.000000 -1.000000
vn 0.000000 0.000000 -1.000000
vn 0.000000 0.000000 -1.000000
vn 0.000000 0.000000 -1.000000
vn 1.000000 0.000000 0.000000
vn 1.000000 0.000000 0.000000
vn 1.000000 0.000000 0.000000
vn 1.000000 0.000000 0.000000
vn 1.000000 0.000000 0.000000
vn 1.000000 0.000000 0.000000
vn 1.000000 0.000000 0.000000
vn 0.009162 -0.028259 0.999559
vn 0.009162 -0.028259 0.999559
vn 0.009162 -0.028259 0.999559
vn 0.009162 -0.028259 0.999559
vn 0.009162 -0.028259 0.999559
vn 1.000000 0.000000 0.000000
vn 1.000000 0.000000 0.000000
vn 1.000000 0.000000 0.000000
vn 1.000000 0.000000 0.000000
vn 0.000000 0.000000 -1.000000
vn 0.000000 0.000000 -1.000000
vn 0.000000 0.000000 -1.000000
vn 0.000000 0.000000 -1.000000
vn 0.000000 0.000000 -1.000000
vn -0.000000 -1.000000 -0.000000
vn -0.000000 -1.000000 -0.000000
vn -0.000000 -1.000000 -0.000000
vn -0.000000 -1.000000 -0.000000
vn -0.000000 -1.000000 -0.000000
vn -0.000000 -1.000000 -0.000000
vn -0.000000 -1.000000 -0.000000
vn -0.000000 -1.000000 -0.000000
vn -0.000000 -1.000000 -0.000000
vn -0.000000 -1.000000 -0.000000
vn 0.000000 0.000000 -1.000000
vn 0.000000 0.000000 -1.000000
vn 0.000000 0.000000 -1.000000
vn 0.000000 0.000000 -1.000000
vn 0.000000 0.000000 -1.000000
vn 1.000000 0.000000 0.000000
vn 1.000000 0.000000 0.000000
vn 1.000000 0.000000 0.000000
vn 1.000000 0.000000 0.000000
vn 0.009071 0.018799 0.999782
vn 0.009071 0.018799 0.999782
vn 0.009071 0.018799 0.999782
vn 0.009071 0.018799 0.999782
vn 0.009071 0.018799 0.999782
vn 1.000000 0.000007 0.000000
vn 1.000000 0.000007 0.000000
vn 1.000000 0.000007 0.000000
vn 1.000000 0.000007 0.000000
vn 0.000000 0.000000 -1.000000
vn 0.000000 0.000000 -1.000000
vn 0.000000 0.000000 -1.000000
vn 0.000000 0.000000 -1.000000
vn -0.111789 0.993545 -0.019259
vn -0.111789 0.993545 -0.019259
vn -0.111789 0.993545 -0.019259
vn -0.111789 0.993545 -0.019259
vn -1.000000 0.000000 0.000000
vn -1.000000 0.000000 0.000000
vn -1.000000 0.000000 0.000000
vn -1.000000 0.000000 0.000000
vn -0.999945 0.000004 -0.010483
vn -0.999945 0.000004 -0.010483
vn -0.999945 0.000004 -0.010483
vn -0.999945 0.000004 -0.010483
vn -0.999945 0.000004 -0.010483
vn -0.999945 0.000004 -0.010483
vn -0.999945 0.000004 -0.010483
vn -0.022692 0.999742 -0.000443
vn -0.022692 0.999742 -0.000443
vn -0.022692 0.999742 -0.000443
vn -0.022692 0.999742 -0.000443
vn -0.999945 -0.000008 -0.010483
vn -0.999945 -0.000008 -0.010483
vn -0.999945 -0.000008 -0.010483
vn -0.999945 -0.000008 -0.010483
vn -0.999945 -0.000008 -0.010483
vn -0.999945 -0.000008 -0.010483
vn -0.999945 -0.000008 -0.010483
vn -0.007825 0.999969 -0.000230
vn -0.007825 0.999969 -0.000230
vn -0.007825 0.999969 -0.000230
vn -0.007825 0.999969 -0.000230
vn -0.999945 0.000000 -0.010483
vn -0.999945 0.000000 -0.010483
vn -0.999945 0.000000 -0.010483
vn -0.999945 0.000000 -0.010483
vn -0.999945 0.000000 -0.010483
vn -0.999945 0.000000 -0.010483
vn -0.999945 0.000000 -0.010483
vn -0.999945 0.000000 -0.010483
vn -0.017424 -0.999848 -0.000510
vn -0.017424 -0.999848 -0.000510
vn -0.017424 -0.999848 -0.000510
vn -0.017424 -0.999848 -0.000510
vn -0.017424 -0.999848 -0.000510
vn -0.999922 -0.006792 -0.010516
vn -0.999922 -0.006792 -0.010516
vn -0.999922 -0.006792 -0.010516
vn -0.999922 -0.006792 -0.010516
vn -0.999922 -0.006792 -0.010516
vn -0.999922 -0.006792 -0.010516
vn -0.999922 -0.006792 -0.010516
vn -0.041873 -0.999123 -0.000813
vn -0.041873 -0.999123 -0.000813
vn -0.041873 -0.999123 -0.000813
vn -0.041873 -0.999123 -0.000813
vn -0.999945 0.000000 -0.010483
vn -0.999945 0.000000 -0.010483
vn -0.999945 0.000000 -0.010483
vn -0.999945 0.000000 -0.010483
vn -0.999945 0.000000 -0.010483
vn -0.999945 0.000000 -0.010483
vn -0.999945 0.000000 -0.010483
vn -0.048773 0.998810 -0.000073
vn -0.048773 0.998810 -0.000073
vn -0.048773 0.998810 -0.000073
vn -0.048773 0.998810 -0.000073
vn -0.999945 0.000000 -0.010483
vn -0.999945 0.000000 -0.010483
vn -0.999945 0.000000 -0.010483
vn -0.999945 0.000000 -0.010483
vn -0.999945 0.000000 -0.010483
vn -0.999945 0.000000 -0.010483
vn -0.999945 0.000000 -0.010483
vn -0.999945 0.000000 -0.010483
vn -0.999945 0.000000 -0.010483
vn -0.999945 0.000000 -0.010483
vn 0.000000 1.000000 -0.000000
vn 0.000000 1.000000 -0.000000
vn 0.000000 1.000000 -0.000000
vn 0.000000 1.000000 -0.000000
vn 0.000000 1.000000 -0.000000
vn 0.000000 1.000000 -0.000000
vn 0.999945 0.000004 0.010483
vn 0.999945 0.000004 0.010483
vn 0.999945 0.000004 0.010483
vn 0.999945 0.000004 0.010483
vn 0.999945 0.000004 0.010483
vn 0.999945 0.000004 0.010483
vn -0.048774 0.998810 -0.000877
vn -0.048774 0.998810 -0.000877
vn -0.048774 0.998810 -0.000877
vn -0.048774 0.998810 -0.000877
vn 0.999945 -0.000125 0.010504
vn 0.999945 -0.000125 0.010504
vn 0.999945 -0.000125 0.010504
vn 0.999945 -0.000125 0.010504
vn 0.999945 -0.000125 0.010504
vn 0.999945 -0.000125 0.010504
vn -0.000006 -1.000000 -0.000000
vn -0.000006 -1.000000 -0.000000
vn -0.000006 -1.000000 -0.000000
vn -0.000006 -1.000000 -0.000000
vn 0.999945 -0.000265 0.010519
vn 0.999945 -0.000265 0.010519
vn 0.999945 -0.000265 0.010519
vn 0.999945 -0.000265 0.010519
vn 0.999945 -0.000265 0.010519
vn 0.999945 -0.000265 0.010519
vn -0.000007 -1.000000 -0.000000
vn -0.000007 -1.000000 -0.000000
vn -0.000007 -1.000000 -0.000000
vn -0.000007 -1.000000 -0.000000
vn 0.999945 0.000000 0.010483
vn 0.999945 0.000000 0.010483
vn 0.999945 0.000000 0.010483
vn 0.999945 0.000000 0.010483
vn 0.999945 0.000000 0.010483
vn 0.999945 0.000000 0.010483
vn 0.999945 0.000000 0.010483
vn 0.999945 0.000000 0.010483
vn 0.000000 1.000000 0.000000
vn 0.000000 1.000000 0.000000
vn 0.000000 1.000000 0.000000
vn 0.000000 1.000000 0.000000
vn 0.999945 -0.000006 0.010483
vn 0.999945 -0.000006 0.010483
vn 0.999945 -0.000006 0.010483
vn 0.999945 -0.000006 0.010483
vn 0.999945 -0.000006 0.010483
vn 0.999945 -0.000006 0.010483
vn 0.999945 -0.000006 0.010483
vn 0.999945 -0.000006 0.010483
vn 0.000000 1.000000 0.000000
vn 0.000000 1.000000 0.000000
vn 0.000000 1.000000 0.000000
vn 0.000000 1.000000 0.000000
vn 0.999945 -0.000134 0.010505
vn 0.999945 -0.000134 0.010505
vn 0.999945 -0.000134 0.010505
vn 0.999945 -0.000134 0.010505
vn 0.999945 -0.000134 0.010505
vn 0.999945 -0.000134 0.010505
vn 0.023706 -0.999719 0.000158
vn 0.023706 -0.999719 0.000158
vn 0.023706 -0.999719 0.000158
vn 0.023706 -0.999719 0.000158
vn 0.999945 0.000016 0.010483
vn 0.999945 0.000016 0.010483
vn 0.999945 0.000016 0.010483
vn 0.999945 0.000016 0.010483
vn 0.999945 0.000016 0.010483
vn 0.999945 0.000016 0.010483
vn 0.999945 0.000016 0.010483
vn 0.999945 0.000016 0.010483
vn 0.999945 0.000016 0.010483
vn 0.012106 0.000000 -0.999927
vn 0.012106 0.000000 -0.999927
vn 0.012106 0.000000 -0.999927
vn 0.012106 0.000000 -0.999927
vn -0.999945 0.000000 -0.010483
vn -0.999945 0.000000 -0.010483
vn -0.999945 0.000000 -0.010483
vn -0.999945 0.000000 -0.010483
vn -0.999945 0.000000 -0.010483
vn -0.999945 0.000000 -0.010483
vn -0.999945 0.000000 -0.010483
vn -0.999945 0.000000 -0.010483
vn -0.999945 0.000000 -0.010483
vn -0.999945 0.000000 -0.010483
vn -0.999945 0.000000 -0.010483
vn -0.029595 -0.999562 -0.000048
vn -0.029595 -0.999562 -0.000048
vn -0.029595 -0.999562 -0.000048
vn -0.029595 -0.999562 -0.000048
vn -0.000002 -0.000003 -1.000000
vn -0.000002 -0.000003 -1.000000
vn -0.000002 -0.000003 -1.000000
vn -0.000002 -0.000003 -1.000000
vn -0.000002 -0.000003 -1.000000
vn -0.002729 -0.999996 -0.000282
vn -0.002729 -0.999996 -0.000282
vn -0.002729 -0.999996 -0.000282
vn -0.002729 -0.999996 -0.000282
vn -0.002729 -0.999996 -0.000282
vn -0.002729 -0.999996 -0.000282
vn -0.002729 -0.999996 -0.000282
vn -0.002729 -0.999996 -0.000282
vn -0.000001 0.000000 -1.000000
vn -0.000001 0.000000 -1.000000
vn -0.000001 0.000000 -1.000000
vn -0.000001 0.000000 -1.000000
vn -0.000001 0.000000 -1.000000
vn 0.001918 0.999998 -0.000178
vn 0.001918 0.999998 -0.000178
vn 0.001918 0.999998 -0.000178
vn 0.001918 0.999998 -0.000178
vn 0.001918 0.999998 -0.000178
vn 0.001918 0.999998 -0.000178
vn 0.001918 0.999998 -0.000178
vn 0.001918 0.999998 -0.000178
vn -0.000003 -0.000001 -1.000000
vn -0.000003 -0.000001 -1.000000
vn -0.000003 -0.000001 -1.000000
vn -0.000003 -0.000001 -1.000000
vn -0.000003 -0.000001 -1.000000
vn 0.000962 1.000000 -0.000063
vn 0.000962 1.000000 -0.000063
vn 0.000962 1.000000 -0.000063
vn 0.000962 1.000000 -0.000063
vn 0.000962 1.000000 -0.000063
vn 0.000962 1.000000 -0.000063
vn 0.000962 1.000000 -0.000063
vn 0.000962 1.000000 -0.000063
vn -0.000002 0.000000 -1.000000
vn -0.000002 0.000000 -1.000000
vn -0.000002 0.000000 -1.000000
vn -0.000002 0.000000 -1.000000
vn 0.002162 -0.999998 -0.000141
vn 0.002162 -0.999998 -0.000141
vn 0.002162 -0.999998 -0.000141
vn 0.002162 -0.999998 -0.000141
vn 0.002162 -0.999998 -0.000141
vn 0.002162 -0.999998 -0.000141
vn 0.002162 -0.999998 -0.000141
vn 0.002162 -0.999998 -0.000141
vn -0.000004 -0.000003 -1.000000
vn -0.000004 -0.000003 -1.000000
vn -0.000004 -0.000003 -1.000000
vn -0.000004 -0.000003 -1.000000
vn -0.000004 -0.000003 -1.000000
vn 0.003547 -0.999994 -0.000328
vn 0.003547 -0.999994 -0.000328
vn 0.003547 -0.999994 -0.000328
vn 0.003547 -0.999994 -0.000328
vn 0.003547 -0.999994 -0.000328
vn 0.003547 -0.999994 -0.000328
vn 0.003547 -0.999994 -0.000328
vn 0.003547 -0.999994 -0.000328
vn 0.000002 0.000001 -1.000000
vn 0.000002 0.000001 -1.000000
vn 0.000002 0.000001 -1.000000
vn 0.000002 0.000001 -1.000000
vn 0.000002 0.000001 -1.000000
vn -0.004507 0.999990 -0.000466
vn -0.004507 0.999990 -0.000466
vn -0.004507 0.999990 -0.000466
vn -0.004507 0.999990 -0.000466
vn -0.004507 0.999990 -0.000466
vn -0.004507 0.999990 -0.000466
vn -0.004507 0.999990 -0.000466
vn -0.004507 0.999990 -0.000466
vn -0.000004 0.000003 -1.000000
vn -0.000004 0.000003 -1.000000
vn -0.000004 0.000003 -1.000000
vn -0.000004 0.000003 -1.000000
vn -0.000004 0.000003 -1.000000
vn 0.000000 1.000000 0.000000
vn 0.000000 1.000000 0.000000
vn 0.000000 1.000000 0.000000
vn 0.000000 1.000000 0.000000
vn 0.000000 0.000002 1.000000
vn 0.000000 0.000002 1.000000
vn 0.000000 0.000002 1.000000
vn 0.000000 0.000002 1.000000
vn 0.000000 0.000002 1.000000
vn -0.999945 0.000000 -0.010483
vn -0.999945 0.000000 -0.010483
vn -0.999945 0.000000 -0.010483
vn -0.999945 0.000000 -0.010483
vn -0.999945 0.000000 -0.010483
vn -0.000000 -0.000001 1.000000
vn -0.000000 -0.000001 1.000000
vn -0.000000 -0.000001 1.000000
vn -0.000000 -0.000001 1.000000
vn -0.000000 -0.000001 1.000000
vn -0.999945 0.000000 -0.010483
vn -0.999945 0.000000 -0.010483
vn -0.999945 0.000000 -0.010483
vn -0.999945 0.000000 -0.010483
vn -0.999945 0.000000 -0.010483
vn -0.000000 0.000000 1.000000
vn -0.000000 0.000000 1.000000
vn -0.000000 0.000000 1.000000
vn -0.000000 0.000000 1.000000
vn -0.000000 0.000000 1.000000
vn 0.000000 -0.000001 1.000000
vn 0.000000 -0.000001 1.000000
vn 0.000000 -0.000001 1.000000
vn 0.000000 -0.000001 1.000000
vn 0.000000 -0.000001 1.000000
vn -0.999945 -0.000006 -0.010483
vn -0.999945 -0.000006 -0.010483
vn -0.999945 -0.000006 -0.010483
vn -0.999945 -0.000006 -0.010483
vn -0.999945 -0.000006 -0.010483
vn -0.999945 -0.000006 -0.010483
vn -0.999945 -0.000006 -0.010483
vn 0.000003 0.000000 1.000000
vn 0.000003 0.000000 1.000000
vn 0.000003 0.000000 1.000000
vn 0.000003 0.000000 1.000000
vn 0.000003 0.000000 1.000000
vn -0.999945 0.000007 -0.010483
vn -0.999945 0.000007 -0.010483
vn -0.999945 0.000007 -0.010483
vn -0.999945 0.000007 -0.010483
vn -0.999945 0.000007 -0.010483
vn -0.000002 -0.000002 1.000000
vn -0.000002 -0.000002 1.000000
vn -0.000002 -0.000002 1.000000
vn -0.000002 -0.000002 1.000000
vn -0.000002 -0.000002 1.000000
vn 0.000000 -1.000000 -0.000000
vn 0.000000 -1.000000 -0.000000
vn 0.000000 -1.000000 -0.000000
vn 0.000000 -1.000000 -0.000000
vn 0.000000 -1.000000 -0.000000
vn 0.000000 -1.000000 -0.000000
vn 0.000000 -1.000000 0.000000
vn 0.000000 -1.000000 0.000000
vn 0.000000 -1.000000 0.000000
vn 0.000000 -1.000000 0.000000
vn -1.000000 0.000000 0.000000
vn -1.000000 0.000000 0.000000
vn -1.000000 0.000000 0.000000
vn -1.000000 0.000000 0.000000
vn -1.000000 0.000000 0.000000
vn -1.000000 0.000000 0.000000
vn -1.000000 0.000000 0.000000
vn -1.000000 0.000000 0.000000
vn -1.000000 0.000000 0.000000
vn -1.000000 0.000000 0.000000
vn -1.000000 0.000000 0.000000
vn -1.000000 0.000000 0.000000
vn 0.000000 0.000000 1.000000
vn 0.000000 0.000000 1.000000
vn 0.000000 0.000000 1.000000
vn 0.000000 0.000000 1.000000
vn -1.000000 0.000000 0.000000
vn -1.000000 0.000000 0.000000
vn -1.000000 0.000000 0.000000
vn -1.000000 0.000000 0.000000
vn -1.000000 0.000000 0.000000
vn -1.000000 0.000000 0.000000
vn -1.000000 0.000000 0.000000
vn -1.000000 0.000000 0.000000
vn -1.000000 0.000000 0.000000
vn -1.000000 0.000000 0.000000
vn -1.000000 0.000000 0.000000
vn -1.000000 0.000000 0.000000
vn -1.000000 0.000000 0.000000
vn -1.000000 0.000000 0.000000
vn -1.000000 0.000000 0.000000
vn -1.000000 0.000000 0.000000
vn 0.997106 -0.075874 -0.004683
vn 0.997106 -0.075874 -0.004683
vn 0.997106 -0.075874 -0.004683
vn 0.997106 -0.075874 -0.004683
vn 0.997013 -0.077099 -0.004509
vn 0.997013 -0.077099 -0.004509
vn 0.997013 -0.077099 -0.004509
vn 0.997013 -0.077099 -0.004509
vn -0.999045 0.037088 -0.023098
vn -0.999045 0.037088 -0.023098
vn -0.999045 0.037088 -0.023098
vn -0.999045 0.037088 -0.023098
vn -0.000186 -0.999302 -0.037345
vn -0.000186 -0.999302 -0.037345
vn -0.000186 -0.999302 -0.037345
vn -0.000186 -0.999302 -0.037345
vn 0.000000 0.000000 -1.000000
vn 0.000000 0.000000 -1.000000
vn 0.000000 0.000000 -1.000000
vn 0.000000 0.000000 -1.000000
vn 0.000000 0.000000 -1.000000
vn 0.000000 0.000000 -1.000000
vn 0.000000 0.000004 -1.000000
vn 0.000000 0.000004 -1.000000
vn 0.000000 0.000004 -1.000000
vn 0.000000 0.000004 -1.000000
vn 0.000000 0.000004 -1.000000
vn 0.000000 0.000004 -1.000000
vn 0.000488 0.998749 -0.050011
vn 0.000488 0.998749 -0.050011
vn 0.000488 0.998749 -0.050011
vn 0.000488 0.998749 -0.050011
vn -0.000000 0.000000 -1.000000
vn -0.000000 0.000000 -1.000000
vn -0.000000 0.000000 -1.000000
vn -0.000000 0.000000 -1.000000
vn -0.000000 0.000000 -1.000000
vn -0.000000 0.000000 -1.000000
vn -0.000078 -0.995779 -0.091781
vn -0.000078 -0.995779 -0.091781
vn -0.000078 -0.995779 -0.091781
vn -0.000078 -0.995779 -0.091781
vn 0.000000 0.000000 -1.000000
vn 0.000000 0.000000 -1.000000
vn 0.000000 0.000000 -1.000000
vn 0.000000 0.000000 -1.000000
vn 0.000000 0.000000 -1.000000
vn 0.000000 0.000000 -1.000000
vn -0.000294 -0.997602 -0.069212
vn -0.000294 -0.997602 -0.069212
vn -0.000294 -0.997602 -0.069212
vn -0.000294 -0.997602 -0.069212
vn -0.000294 -0.997602 -0.069212
vn -1.000000 -0.000509 -0.000012
vn -1.000000 -0.000509 -0.000012
vn -1.000000 -0.000509 -0.000012
vn -1.000000 -0.000509 -0.000012
vn -1.000000 -0.000509 -0.000012
vn -1.000000 -0.000509 -0.000012
vn 0.000000 0.000000 -1.000000
vn 0.000000 0.000000 -1.000000
vn 0.000000 0.000000 -1.000000
vn 0.000000 0.000000 -1.000000
vn -0.000002 0.000000 1.000000
vn -0.000002 0.000000 1.000000
vn -0.000002 0.000000 1.000000
vn -0.000002 0.000000 1.000000
vn 0.047000 -0.998855 0.008961
vn 0.047000 -0.998855 0.008961
vn 0.047000 -0.998855 0.008961
vn 0.047000 -0.998855 0.008961
vn 0.000003 0.000000 1.000000
vn 0.000003 0.000000 1.000000
vn 0.000003 0.000000 1.000000
vn 0.000003 0.000000 1.000000
vn 0.000003 0.000000 1.000000
vn 0.000000 0.000000 -1.000000
vn 0.000000 0.000000 -1.000000
vn 0.000000 0.000000 -1.000000
vn 0.000000 0.000000 -1.000000
vn 0.999486 0.031105 0.007762
vn 0.999486 0.031105 0.007762
vn 0.999486 0.031105 0.007762
vn 0.999486 0.031105 0.007762
vn 0.999486 0.031105 0.007762
vn -1.000000 0.000000 0.000000
vn -1.000000 0.000000 0.000000
vn -1.000000 0.000000 0.000000
vn -1.000000 0.000000 0.000000
vn 0.000000 0.000000 1.000000
vn 0.000000 0.000000 1.000000
vn 0.000000 0.000000 1.000000
vn 0.000000 0.000000 1.000000
vn 0.000000 0.000000 1.000000
vn 0.000000 0.000000 1.000000
vn 0.002683 0.999996 0.000465
vn 0.002683 0.999996 0.000465
vn 0.002683 0.999996 0.000465
vn 0.002683 0.999996 0.000465
vn 0.002683 0.999996 0.000465
vn 0.002683 0.999996 0.000465
vn 0.002683 0.999996 0.000465
vn 0.002683 0.999996 0.000465
vn 0.002683 0.999996 0.000465
vn 0.002683 0.999996 0.000465
vn 0.000000 0.000000 -1.000000
vn 0.000000 0.000000 -1.000000
vn 0.000000 0.000000 -1.000000
vn 0.000000 0.000000 -1.000000
vn 1.000000 0.000000 -0.000002
vn 1.000000 0.000000 -0.000002
vn 1.000000 0.000000 -0.000002
vn 1.000000 0.000000 -0.000002
vn 1.000000 0.000000 -0.000002
vn -1.000000 0.000000 0.000000
vn -1.000000 0.000000 0.000000
vn -1.000000 0.000000 0.000000
vn -1.000000 0.000000 0.000000
vn 0.031483 -0.999473 0.007935
vn 0.031483 -0.999473 0.007935
vn 0.031483 -0.999473 0.007935
vn 0.031483 -0.999473 0.007935
vn 0.031483 -0.999473 0.007935
vn 0.000000 -0.000007 1.000000
vn 0.000000 -0.000007 1.000000
vn 0.000000 -0.000007 1.000000
vn 0.000000 -0.000007 1.000000
vn 0.000000 -0.000007 1.000000
vn 0.000000 -0.000007 1.000000
vn 0.035420 0.999358 -0.005389
vn 0.035420 0.999358 -0.005389
vn 0.035420 0.999358 -0.005389
vn 0.035420 0.999358 -0.005389
vn 0.035420 0.999358 -0.005389
vn 0.035420 0.999358 -0.005389
vn 0.000000 0.000000 -1.000000
vn 0.000000 0.000000 -1.000000
vn 0.000000 0.000000 -1.000000
vn 0.000000 0.000000 -1.000000
vn 1.000000 0.000001 0.000002
vn 1.000000 0.000001 0.000002
vn 1.000000 0.000001 0.000002
vn 1.000000 0.000001 0.000002
vn 1.000000 0.000001 0.000002
vn -1.000000 0.000000 0.000000
vn -1.000000 0.000000 0.000000
vn -1.000000 0.000000 0.000000
vn -1.000000 0.000000 0.000000
vn 0.023598 -0.999704 0.005892
vn 0.023598 -0.999704 0.005892
vn 0.023598 -0.999704 0.005892
vn 0.023598 -0.999704 0.005892
vn 0.023598 -0.999704 0.005892
vn 0.000000 0.000000 1.000000
vn 0.000000 0.000000 1.000000
vn 0.000000 0.000000 1.000000
vn 0.000000 0.000000 1.000000
vn 0.000000 0.000000 1.000000
vn 0.000000 0.000000 1.000000
vn 0.000000 0.000000 -1.000000
vn 0.000000 0.000000 -1.000000
vn 0.000000 0.000000 -1.000000
vn 0.000000 0.000000 -1.000000
vn 0.999525 0.029850 0.007622
vn 0.999525 0.029850 0.007622
vn 0.999525 0.029850 0.007622
vn 0.999525 0.029850 0.007622
vn 0.999525 0.029850 0.007622
vn -1.000000 0.000000 0.000000
vn -1.000000 0.000000 0.000000
vn -1.000000 0.000000 0.000000
vn -1.000000 0.000000 0.000000
vn -0.000003 -0.000015 1.000000
vn -0.000003 -0.000015 1.000000
vn -0.000003 -0.000015 1.000000
vn -0.000003 -0.000015 1.000000
vn -0.000003 -0.000015 1.000000
vn -0.000003 -0.000015 1.000000
vn -0.000003 -0.000015 1.000000
vn -0.000003 -0.000015 1.000000
vn 0.000000 1.000000 0.000000
vn 0.000000 1.000000 0.000000
vn 0.000000 1.000000 0.000000
vn 0.000000 1.000000 0.000000
vn 0.000000 0.000000 -1.000000
vn 0.000000 0.000000 -1.000000
vn 0.000000 0.000000 -1.000000
vn 0.000000 0.000000 -1.000000
vn 1.000000 0.000014 0.000001
vn 1.000000 0.000014 0.000001
vn 1.000000 0.000014 0.000001
vn 1.000000 0.000014 0.000001
vn 1.000000 0.000014 0.000001
vn 1.000000 0.000014 0.000001
vn 1.000000 0.000014 0.000001
vn 1.000000 0.000014 0.000001
vn -1.000000 0.000000 0.000000
vn -1.000000 0.000000 0.000000
vn -1.000000 0.000000 0.000000
vn -1.000000 0.000000 0.000000
vn 0.000850 -1.000000 -0.000586
vn 0.000850 -1.000000 -0.000586
vn 0.000850 -1.000000 -0.000586
vn 0.000850 -1.000000 -0.000586
vn 0.000850 -1.000000 -0.000586
vn 0.000850 -1.000000 -0.000586
vn 0.000850 -1.000000 -0.000586
vn 0.000850 -1.000000 -0.000586
vn 0.000850 -1.000000 -0.000586
vn 0.000850 -1.000000 -0.000586
vn 0.000850 -1.000000 -0.000586
vn -0.000005 0.000000 1.000000
vn -0.000005 0.000000 1.000000
vn -0.000005 0.000000 1.000000
vn -0.000005 0.000000 1.000000
vn -0.000005 0.000000 1.000000
vn -0.000005 0.000000 1.000000
vn 0.023115 0.999727 -0.003507
vn 0.023115 0.999727 -0.003507
vn 0.023115 0.999727 -0.003507
vn 0.023115 0.999727 -0.003507
vn 0.023115 0.999727 -0.003507
vn 0.023115 0.999727 -0.003507
vn 0.000000 0.000000 -1.000000
vn 0.000000 0.000000 -1.000000
vn 0.000000 0.000000 -1.000000
vn 0.000000 0.000000 -1.000000
vn 1.000000 0.000000 0.000002
vn 1.000000 0.000000 0.000002
vn 1.000000 0.000000 0.000002
vn 1.000000 0.000000 0.000002
vn 1.000000 0.000000 0.000002
vn -1.000000 0.000000 0.000000
vn -1.000000 0.000000 0.000000
vn -1.000000 0.000000 0.000000
vn -1.000000 0.000000 0.000000
vn 1.000000 0.000000 0.000000
vn 1.000000 0.000000 0.000000
vn 1.000000 0.000000 0.000000
vn 1.000000 0.000000 0.000000
vn -1.000000 0.000000 0.000000
vn -1.000000 0.000000 0.000000
vn -1.000000 0.000000 0.000000
vn -1.000000 0.000000 0.000000
vn -0.000005 0.000000 1.000000
vn -0.000005 0.000000 1.000000
vn -0.000005 0.000000 1.000000
vn -0.000005 0.000000 1.000000
vn -0.000005 0.000000 1.000000
vn -0.000005 0.000000 1.000000
vn 0.000044 -0.001446 -0.999999
vn 0.000044 -0.001446 -0.999999
vn 0.000044 -0.001446 -0.999999
vn 0.000044 -0.001446 -0.999999
vn 0.000044 -0.001446 -0.999999
vn 0.000044 -0.001446 -0.999999
vn -0.000000 -1.000000 0.000000
vn -0.000000 -1.000000 0.000000
vn -0.000000 -1.000000 0.000000
vn -0.000000 -1.000000 0.000000
vn -0.000000 -1.000000 0.000000
vn -0.000000 -1.000000 0.000000
vn -0.000000 0.000000 -1.000000
vn -0.000000 0.000000 -1.000000
vn -0.000000 0.000000 -1.000000
vn -0.000000 0.000000 -1.000000
vn -0.000000 0.000000 -1.000000
vn -0.000000 0.000000 -1.000000
vn -0.000001 0.000000 1.000000
vn -0.000001 0.000000 1.000000
vn -0.000001 0.000000 1.000000
vn -0.000001 0.000000 1.000000
vn -0.000001 0.000000 1.000000
vn -0.000001 0.000000 1.000000
vn 1.000000 0.000000 0.000000
vn 1.000000 0.000000 0.000000
vn 1.000000 0.000000 0.000000
vn 1.000000 0.000000 0.000000
vn 0.000000 0.000000 -1.000000
vn 0.000000 0.000000 -1.000000
vn 0.000000 0.000000 -1.000000
vn 0.000000 0.000000 -1.000000
vn -0.002561 0.999997 0.000452
vn -0.002561 0.999997 0.000452
vn -0.002561 0.999997 0.000452
vn -0.002561 0.999997 0.000452
vn -0.002561 0.999997 0.000452
vn -0.002561 0.999997 0.000452
vn -0.002561 0.999997 0.000452
vn -0.002561 0.999997 0.000452
vn -0.002561 0.999997 0.000452
vn -0.002561 0.999997 0.000452
vn 0.000003 0.000000 1.000000
vn 0.000003 0.000000 1.000000
vn 0.000003 0.000000 1.000000
vn 0.000003 0.000000 1.000000
vn -0.996563 0.069553 -0.045005
vn -0.996563 0.069553 -0.045005
vn -0.996563 0.069553 -0.045005
vn -0.996563 0.069553 -0.045005
vn -0.996563 0.069553 -0.045005
vn -0.996563 0.069553 -0.045005
vn 1.000000 0.000000 0.000000
vn 1.000000 0.000000 0.000000
vn 1.000000 0.000000 0.000000
vn 1.000000 0.000000 0.000000
vn 0.000000 0.000000 -1.000000
vn 0.000000 0.000000 -1.000000
vn 0.000000 0.000000 -1.000000
vn 0.000000 0.000000 -1.000000
vn -0.051756 0.998638 -0.006676
vn -0.051756 0.998638 -0.006676
vn -0.051756 0.998638 -0.006676
vn -0.051756 0.998638 -0.006676
vn 0.000000 0.000000 1.000000
vn 0.000000 0.000000 1.000000
vn 0.000000 0.000000 1.000000
vn 0.000000 0.000000 1.000000
vn 0.000000 0.000000 1.000000
vn -0.999999 -0.001065 0.000594
vn -0.999999 -0.001065 0.000594
vn -0.999999 -0.001065 0.000594
vn -0.999999 -0.001065 0.000594
vn -0.999999 -0.001065 0.000594
vn 1.000000 0.000000 0.000000
vn 1.000000 0.000000 0.000000
vn 1.000000 0.000000 0.000000
vn 1.000000 0.000000 0.000000
vn 0.000000 -1.000000 -0.000000
vn 0.000000 -1.000000 -0.000000
vn 0.000000 -1.000000 -0.000000
vn 0.000000 -1.000000 -0.000000
vn 0.000000 -1.000000 -0.000000
vn 0.000000 -1.000000 -0.000000
vn 0.000000 -1.000000 -0.000000
vn 0.000000 -1.000000 -0.000000
vn 0.000000 -1.000000 -0.000000
vn -0.000000 0.000000 -1.000000
vn -0.000000 0.000000 -1.000000
vn -0.000000 0.000000 -1.000000
vn -0.000000 0.000000 -1.000000
vn -0.000000 0.000000 -1.000000
vn -0.000000 0.000000 -1.000000
vn 0.000000 0.000000 1.000000
vn 0.000000 0.000000 1.000000
vn 0.000000 0.000000 1.000000
vn 0.000000 0.000000 1.000000
vn 0.000000 0.000000 1.000000
vn 0.000000 0.000000 1.000000
vn 1.000000 0.000000 0.000000
vn 1.000000 0.000000 0.000000
vn 1.000000 0.000000 0.000000
vn 1.000000 0.000000 0.000000
vn 0.000000 0.000000 -1.000000
vn 0.000000 0.000000 -1.000000
vn 0.000000 0.000000 -1.000000
vn 0.000000 0.000000 -1.000000
vn 0.000000 1.000000 0.000000
vn 0.000000 1.000000 0.000000
vn 0.000000 1.000000 0.000000
vn 0.000000 1.000000 0.000000
vn 0.000003 0.000000 1.000000
vn 0.000003 0.000000 1.000000
vn 0.000003 0.000000 1.000000
vn 0.000003 0.000000 1.000000
vn 0.000003 0.000000 1.000000
vn 0.000003 0.000000 1.000000
vn -1.000000 0.000004 0.000000
vn -1.000000 0.000004 0.000000
vn -1.000000 0.000004 0.000000
vn -1.000000 0.000004 0.000000
vn -1.000000 0.000004 0.000000
vn -1.000000 0.000004 0.000000
vn -1.000000 0.000004 0.000000
vn -1.000000 0.000004 0.000000
vn 1.000000 0.000000 0.000000
vn 1.000000 0.000000 0.000000
vn 1.000000 0.000000 0.000000
vn 1.000000 0.000000 0.000000
vn -0.000002 -1.000000 -0.000002
vn -0.000002 -1.000000 -0.000002
vn -0.000002 -1.000000 -0.000002
vn -0.000002 -1.000000 -0.000002
vn -0.000002 -1.000000 -0.000002
vn -0.000002 -1.000000 -0.000002
vn -0.000002 -1.000000 -0.000002
vn -0.000002 -1.000000 -0.000002
vn -0.000002 -1.000000 -0.000002
vn -0.000002 -1.000000 -0.000002
vn 0.000000 0.000000 -1.000000
vn 0.000000 0.000000 -1.000000
vn 0.000000 0.000000 -1.000000
vn 0.000000 0.000000 -1.000000
vn -0.035457 0.999362 -0.004340
vn -0.035457 0.999362 -0.004340
vn -0.035457 0.999362 -0.004340
vn -0.035457 0.999362 -0.004340
vn 0.000000 0.000000 1.000000
vn 0.000000 0.000000 1.000000
vn 0.000000 0.000000 1.000000
vn 0.000000 0.000000 1.000000
vn -0.999839 0.016478 -0.007104
vn -0.999839 0.016478 -0.007104
vn -0.999839 0.016478 -0.007104
vn -0.999839 0.016478 -0.007104
vn -0.999839 0.016478 -0.007104
vn -0.999839 0.016478 -0.007104
vn 1.000000 0.000000 0.000000
vn 1.000000 0.000000 0.000000
vn 1.000000 0.000000 0.000000
vn 1.000000 0.000000 0.000000
vn 0.999610 -0.027070 -0.006851
vn 0.999610 -0.027070 -0.006851
vn 0.999610 -0.027070 -0.006851
vn 0.999610 -0.027070 -0.006851
vn 0.999610 -0.027070 -0.006851
vn 0.999610 -0.027070 -0.006851
vn 0.999955 0.002081 0.009307
vn 0.999955 0.002081 0.009307
vn 0.999955 0.002081 0.009307
vn 0.999955 0.002081 0.009307
vn 0.999955 0.002081 0.009307
vn -0.999276 0.038034 0.000865
vn -0.999276 0.038034 0.000865
vn -0.999276 0.038034 0.000865
vn -0.999276 0.038034 0.000865
vn -1.000000 0.000000 0.000000
vn -1.000000 0.000000 0.000000
vn -1.000000 0.000000 0.000000
vn -1.000000 0.000000 0.000000
vn -1.000000 0.000000 0.000000
vn -1.000000 0.000000 0.000000
vn -1.000000 0.000000 0.000000
vn -1.000000 0.000000 0.000000
vn -0.999998 -0.001791 -0.000085
vn -0.999998 -0.001791 -0.000085
vn -0.999998 -0.001791 -0.000085
vn -0.999998 -0.001791 -0.000085
vn -0.999998 -0.001791 -0.000085
vn -0.981607 0.190878 0.003780
vn -0.981607 0.190878 0.003780
vn -0.981607 0.190878 0.003780
vn -0.981607 0.190878 0.003780
vn -0.998615 -0.044795 -0.027598
vn -0.998615 -0.044795 -0.027598
vn -0.998615 -0.044795 -0.027598
vn -0.998615 -0.044795 -0.027598
vn 1.000000 0.000000 -0.000000
vn 1.000000 0.000000 -0.000000
vn 1.000000 0.000000 -0.000000
vn 1.000000 0.000000 -0.000000
vn 1.000000 0.000000 -0.000000
vn 0.999556 -0.028897 -0.007318
vn 0.999556 -0.028897 -0.007318
vn 0.999556 -0.028897 -0.007318
vn 0.999556 -0.028897 -0.007318
vn 0.999556 -0.028897 -0.007318
vn 0.999556 -0.028897 -0.007318
vn 1.000000 0.000000 0.000000
vn 1.000000 0.000000 0.000000
vn 1.000000 0.000000 0.000000
vn 1.000000 0.000000 0.000000
vn 1.000000 0.000000 0.000000
vn 1.000000 -0.000008 0.000000
vn 1.000000 -0.000008 0.000000
vn 1.000000 -0.000008 0.000000
vn 1.000000 -0.000008 0.000000
vn 1.000000 -0.000008 0.000000
vn 0.000000 0.000000 -1.000000
vn 0.000000 0.000000 -1.000000
vn 0.000000 0.000000 -1.000000
vn 0.000000 0.000000 -1.000000
vn 0.000000 0.000000 -1.000000
vn 0.000000 0.000000 -1.000000
vn 0.000000 0.000000 -1.000000
vn 0.000000 0.000000 1.000000
vn 0.000000 0.000000 1.000000
vn 0.000000 0.000000 1.000000
vn 0.000000 0.000000 1.000000
vn 0.000000 0.000000 1.000000
vn 0.000000 0.000000 1.000000
vn 0.000000 0.000000 1.000000
vn -0.000436 -1.000000 -0.000002
vn -0.000436 -1.000000 -0.000002
vn -0.000436 -1.000000 -0.000002
vn -0.000436 -1.000000 -0.000002
vn 0.000000 0.000000 1.000000
vn 0.000000 0.000000 1.000000
vn 0.000000 0.000000 1.000000
vn 0.000000 0.000000 1.000000
vn 0.000000 0.000000 1.000000
vn 0.000000 0.000000 1.000000
vn -0.000000 -0.000004 -1.000000
vn -0.000000 -0.000004 -1.000000
vn -0.000000 -0.000004 -1.000000
vn -0.000000 -0.000004 -1.000000
vn -0.000000 -0.000004 -1.000000
vn -0.000000 -0.000004 -1.000000
vn -0.000000 -0.000004 -1.000000
vn -0.000000 -0.000004 -1.000000
vn -0.000000 -0.000004 -1.000000
vn -0.000000 -0.000004 -1.000000
vn 0.000057 0.991666 0.128832
vn 0.000057 0.991666 0.128832
vn 0.000057 0.991666 0.128832
vn 0.000057 0.991666 0.128832
vn 0.000000 0.000006 1.000000
vn 0.000000 0.000006 1.000000
vn 0.000000 0.000006 1.000000
vn 0.000000 0.000006 1.000000
vn 0.000000 0.000006 1.000000
vn 0.000000 0.000006 1.000000
vn -0.000000 0.000000 -1.000000
vn -0.000000 0.000000 -1.000000
vn -0.000000 0.000000 -1.000000
vn -0.000000 0.000000 -1.000000
vn -0.000000 0.000000 -1.000000
vn -0.000000 0.000000 -1.000000
vn -0.000030 -0.994281 0.106800
vn -0.000030 -0.994281 0.106800
vn -0.000030 -0.994281 0.106800
vn -0.000030 -0.994281 0.106800
vn 0.000000 0.995316 0.096676
vn 0.000000 0.995316 0.096676
vn 0.000000 0.995316 0.096676
vn 0.000000 0.995316 0.096676
vn 0.000000 0.000000 1.000000
vn 0.000000 0.000000 1.000000
vn 0.000000 0.000000 1.000000
vn 0.000000 0.000000 1.000000
vn 0.000000 0.000000 1.000000
vn -0.000243 -0.997498 0.070694
vn -0.000243 -0.997498 0.070694
vn -0.000243 -0.997498 0.070694
vn -0.000243 -0.997498 0.070694
vn -0.000000 0.000000 1.000000
vn -0.000000 0.000000 1.000000
vn -0.000000 0.000000 1.000000
vn -0.000000 0.000000 1.000000
vn -0.000000 0.000000 1.000000
vn -0.000000 0.000000 1.000000
vn 0.000000 0.000000 -1.000000
vn 0.000000 0.000000 -1.000000
vn 0.000000 0.000000 -1.000000
vn 0.000000 0.000000 -1.000000
vn 0.000000 0.000000 -1.000000
vn 0.000000 0.000000 -1.000000
vn 0.000231 1.000000 -0.000000
vn 0.000231 1.000000 -0.000000
vn 0.000231 1.000000 -0.000000
vn 0.000231 1.000000 -0.000000
vn 0.000000 0.000000 1.000000
vn 0.000000 0.000000 1.000000
vn 0.000000 0.000000 1.000000
vn 0.000000 0.000000 1.000000
vn 0.000000 0.000000 1.000000
vn 0.000000 0.000000 1.000000
vn 0.000000 0.000000 1.000000
vn 0.000000 0.000000 -1.000000
vn 0.000000 0.000000 -1.000000
vn 0.000000 0.000000 -1.000000
vn 0.000000 0.000000 -1.000000
vn 0.000000 0.000000 -1.000000
vn 0.000000 0.000000 -1.000000
vn 0.000000 0.000000 -1.000000
vn 0.000000 0.000000 -1.000000
vn 0.000000 0.000000 -1.000000
vn 0.000000 0.000000 -1.000000
vn 0.000000 0.000000 -1.000000
vn -0.000065 -0.999172 -0.040693
vn -0.000065 -0.999172 -0.040693
vn -0.000065 -0.999172 -0.040693
vn -0.000065 -0.999172 -0.040693
vn 0.000146 0.995292 0.096927
vn 0.000146 0.995292 0.096927
vn 0.000146 0.995292 0.096927
vn 0.000146 0.995292 0.096927
vn 0.000000 0.000002 1.000000
vn 0.000000 0.000002 1.000000
vn 0.000000 0.000002 1.000000
vn 0.000000 0.000002 1.000000
vn 0.000000 0.000002 1.000000
vn 0.000000 0.000000 -1.000000
vn 0.000000 0.000000 -1.000000
vn 0.000000 0.000000 -1.000000
vn 0.000000 0.000000 -1.000000
vn 0.000000 0.000000 -1.000000
vn -0.000064 -0.999838 -0.017983
vn -0.000064 -0.999838 -0.017983
vn -0.000064 -0.999838 -0.017983
vn -0.000064 -0.999838 -0.017983
vn 0.000388 -0.998380 -0.056891
vn 0.000388 -0.998380 -0.056891
vn 0.000388 -0.998380 -0.056891
vn 0.000388 -0.998380 -0.056891
vn 0.000388 -0.998380 -0.056891
vn -0.000144 0.996477 -0.083871
vn -0.000144 0.996477 -0.083871
vn -0.000144 0.996477 -0.083871
vn -0.000144 0.996477 -0.083871
vn -0.000245 -0.998367 0.057119
vn -0.000245 -0.998367 0.057119
vn -0.000245 -0.998367 0.057119
vn -0.000245 -0.998367 0.057119
vn 0.000000 0.000000 -1.000000
vn 0.000000 0.000000 -1.000000
vn 0.000000 0.000000 -1.000000
vn 0.000000 0.000000 -1.000000
vn 1.000000 0.000000 0.000000
vn 1.000000 0.000000 0.000000
vn 1.000000 0.000000 0.000000
vn 1.000000 0.000000 0.000000
vn -1.000000 0.000000 0.000000
vn -1.000000 0.000000 0.000000
vn -1.000000 0.000000 0.000000
vn -1.000000 0.000000 0.000000
vn -0.000001 -1.000000 -0.000007
vn -0.000001 -1.000000 -0.000007
vn -0.000001 -1.000000 -0.000007
vn -0.000001 -1.000000 -0.000007
vn -0.000001 -1.000000 -0.000007
vn -0.000001 -1.000000 -0.000007
vn -0.000001 -1.000000 -0.000007
vn -0.000001 -1.000000 -0.000007
vn 0.000000 0.000000 -1.000000
vn 0.000000 0.000000 -1.000000
vn 0.000000 0.000000 -1.000000
vn 0.000000 0.000000 -1.000000
vn 1.000000 -0.000001 0.000001
vn 1.000000 -0.000001 0.000001
vn 1.000000 -0.000001 0.000001
vn 1.000000 -0.000001 0.000001
vn 1.000000 -0.000001 0.000001
vn -1.000000 0.000000 -0.000002
vn -1.000000 0.000000 -0.000002
vn -1.000000 0.000000 -0.000002
vn -1.000000 0.000000 -0.000002
vn -1.000000 0.000000 -0.000002
vn 0.000000 0.000000 -1.000000
vn 0.000000 0.000000 -1.000000
vn 0.000000 0.000000 -1.000000
vn 0.000000 0.000000 -1.000000
vn 1.000000 0.000001 0.000001
vn 1.000000 0.000001 0.000001
vn 1.000000 0.000001 0.000001
vn 1.000000 0.000001 0.000001
vn 1.000000 0.000001 0.000001
vn -1.000000 -0.000002 -0.000001
vn -1.000000 -0.000002 -0.000001
vn -1.000000 -0.000002 -0.000001
vn -1.000000 -0.000002 -0.000001
vn -1.000000 -0.000002 -0.000001
vn 0.000000 -1.000000 0.000000
vn 0.000000 -1.000000 0.000000
vn 0.000000 -1.000000 0.000000
vn 0.000000 -1.000000 0.000000
vn 0.000000 0.000000 -1.000000
vn 0.000000 0.000000 -1.000000
vn 0.000000 0.000000 -1.000000
vn 0.000000 0.000000 -1.000000
vn 1.000000 -0.000000 0.000000
vn 1.000000 -0.000000 0.000000
vn 1.000000 -0.000000 0.000000
vn 1.000000 -0.000000 0.000000
vn 1.000000 -0.000000 0.000000
vn 0.000000 0.999999 -0.001601
vn 0.000000 0.999999 -0.001601
vn 0.000000 0.999999 -0.001601
vn 0.000000 0.999999 -0.001601
vn 0.000000 0.999999 -0.001601
vn 0.000000 0.999999 -0.001601
vn 0.000000 0.999999 -0.001601
vn 0.000000 0.999999 -0.001601
vn -1.000000 0.000001 0.000001
vn -1.000000 0.000001 0.000001
vn -1.000000 0.000001 0.000001
vn -1.000000 0.000001 0.000001
vn -1.000000 0.000001 0.000001
vn -0.000001 -0.999999 0.001346
vn -0.000001 -0.999999 0.001346
vn -0.000001 -0.999999 0.001346
vn -0.000001 -0.999999 0.001346
vn -0.000001 -0.999999 0.001346
vn -0.000001 -0.999999 0.001346
vn -0.000001 -0.999999 0.001346
vn -0.000001 -0.999999 0.001346
vn 0.000000 0.000000 -1.000000
vn 0.000000 0.000000 -1.000000
vn 0.000000 0.000000 -1.000000
vn 0.000000 0.000000 -1.000000
vn 1.000000 0.000001 -0.000002
vn 1.000000 0.000001 -0.000002
vn 1.000000 0.000001 -0.000002
vn 1.000000 0.000001 -0.000002
vn 1.000000 0.000001 -0.000002
vn 0.000000 1.000000 0.000000
vn 0.000000 1.000000 0.000000
vn 0.000000 1.000000 0.000000
vn 0.000000 1.000000 0.000000
vn -1.000000 0.000002 -0.000000
vn -1.000000 0.000002 -0.000000
vn -1.000000 0.000002 -0.000000
vn -1.000000 0.000002 -0.000000
vn -1.000000 0.000002 -0.000000
vn 0.000000 0.000000 -1.000000
vn 0.000000 0.000000 -1.000000
vn 0.000000 0.000000 -1.000000
vn 0.000000 0.000000 -1.000000
vn 1.000000 -0.000003 -0.000001
vn 1.000000 -0.000003 -0.000001
vn 1.000000 -0.000003 -0.000001
vn 1.000000 -0.000003 -0.000001
vn 1.000000 -0.000003 -0.000001
vn -1.000000 0.000001 0.000000
vn -1.000000 0.000001 0.000000
vn -1.000000 0.000001 0.000000
vn -1.000000 0.000001 0.000000
vn -1.000000 0.000001 0.000000
vn 0.000000 -1.000000 0.000778
vn 0.000000 -1.000000 0.000778
vn 0.000000 -1.000000 0.000778
vn 0.000000 -1.000000 0.000778
vn 0.000000 -1.000000 0.000778
vn 0.000000 -1.000000 0.000778
vn 0.000000 -1.000000 0.000778
vn 0.000000 -1.000000 0.000778
vn -1.000000 0.000000 -0.000000
vn -1.000000 0.000000 -0.000000
vn -1.000000 0.000000 -0.000000
vn -1.000000 0.000000 -0.000000
vn -1.000000 0.000000 -0.000000
vn 1.000000 0.000000 0.000000
vn 1.000000 0.000000 0.000000
vn 1.000000 0.000000 0.000000
vn 1.000000 0.000000 0.000000
vn 1.000000 0.000000 0.000000
vn 0.000000 0.000000 -1.000000
vn 0.000000 0.000000 -1.000000
vn 0.000000 0.000000 -1.000000
vn 0.000000 0.000000 -1.000000
vn 0.000000 1.000000 -0.000131
vn 0.000000 1.000000 -0.000131
vn 0.000000 1.000000 -0.000131
vn 0.000000 1.000000 -0.000131
vn 0.000000 1.000000 -0.000131
vn 0.000000 1.000000 -0.000131
vn 0.000000 1.000000 -0.000131
vn 0.000000 1.000000 -0.000131
vn -0.041007 0.999143 -0.005664
vn -0.041007 0.999143 -0.005664
vn -0.041007 0.999143 -0.005664
vn -0.041007 0.999143 -0.005664
vn -0.041007 0.999143 -0.005664
vn -0.041007 0.999143 -0.005664
vn -0.000014 -0.000001 1.000000
vn -0.000014 -0.000001 1.000000
vn -0.000014 -0.000001 1.000000
vn -0.000014 -0.000001 1.000000
vn 0.039245 0.999214 -0.005504
vn 0.039245 0.999214 -0.005504
vn 0.039245 0.999214 -0.005504
vn 0.039245 0.999214 -0.005504
vn 0.039245 0.999214 -0.005504
vn 0.039245 0.999214 -0.005504
vn -0.000009 0.000000 1.000000
vn -0.000009 0.000000 1.000000
vn -0.000009 0.000000 1.000000
vn -0.000009 0.000000 1.000000
vn -0.000009 0.000000 1.000000
vn 0.000127 -1.000000 -0.000352
vn 0.000127 -1.000000 -0.000352
vn 0.000127 -1.000000 -0.000352
vn 0.000127 -1.000000 -0.000352
vn 0.000127 -1.000000 -0.000352
vn 0.000127 -1.000000 -0.000352
vn 0.000127 -1.000000 -0.000352
vn 0.000127 -1.000000 -0.000352
vn 0.000127 -1.000000 -0.000352
vn 0.000127 -1.000000 -0.000352
vn 0.002231 0.999997 0.000555
vn 0.002231 0.999997 0.000555
vn 0.002231 0.999997 0.000555
vn 0.002231 0.999997 0.000555
vn 0.002231 0.999997 0.000555
vn 0.002231 0.999997 0.000555
vn 0.002231 0.999997 0.000555
vn 0.002231 0.999997 0.000555
vn 0.002231 0.999997 0.000555
vn 0.002231 0.999997 0.000555
vn 0.000006 -0.000008 1.000000
vn 0.000006 -0.000008 1.000000
vn 0.000006 -0.000008 1.000000
vn 0.000006 -0.000008 1.000000
vn 0.000006 -0.000008 1.000000
vn 0.020928 -0.999767 0.005242
vn 0.020928 -0.999767 0.005242
vn 0.020928 -0.999767 0.005242
vn 0.020928 -0.999767 0.005242
vn 0.020928 -0.999767 0.005242
vn 0.000008 -0.000001 1.000000
vn 0.000008 -0.000001 1.000000
vn 0.000008 -0.000001 1.000000
vn 0.000008 -0.000001 1.000000
vn 0.000008 -0.000001 1.000000
vn 0.000008 -0.000001 1.000000
vn 0.000168 -1.000000 -0.000431
vn 0.000168 -1.000000 -0.000431
vn 0.000168 -1.000000 -0.000431
vn 0.000168 -1.000000 -0.000431
vn 0.000168 -1.000000 -0.000431
vn 0.000168 -1.000000 -0.000431
vn 0.000168 -1.000000 -0.000431
vn 0.000168 -1.000000 -0.000431
vn 0.000000 -0.000004 1.000000
vn 0.000000 -0.000004 1.000000
vn 0.000000 -0.000004 1.000000
vn 0.000000 -0.000004 1.000000
vn 0.000000 -0.000004 1.000000
vn 0.000000 -0.000004 1.000000
vn 0.003439 0.999994 0.000850
vn 0.003439 0.999994 0.000850
vn 0.003439 0.999994 0.000850
vn 0.003439 0.999994 0.000850
vn 0.003439 0.999994 0.000850
vn 0.003439 0.999994 0.000850
vn 0.003439 0.999994 0.000850
vn 0.003439 0.999994 0.000850
vn 0.003439 0.999994 0.000850
vn 0.003439 0.999994 0.000850
vn 0.001298 -0.999999 -0.000886
vn 0.001298 -0.999999 -0.000886
vn 0.001298 -0.999999 -0.000886
vn 0.001298 -0.999999 -0.000886
vn 0.001298 -0.999999 -0.000886
vn 0.001298 -0.999999 -0.000886
vn 0.001298 -0.999999 -0.000886
vn 0.001298 -0.999999 -0.000886
vn 0.001298 -0.999999 -0.000886
vn 0.001298 -0.999999 -0.000886
vn 0.001298 -0.999999 -0.000886
vn 0.000000 0.000000 1.000000
vn 0.000000 0.000000 1.000000
vn 0.000000 0.000000 1.000000
vn 0.000000 0.000000 1.000000
vn 0.000000 0.000000 1.000000
vn 0.000000 0.000000 1.000000
vn 0.000000 0.000000 1.000000
vn 0.000000 0.000000 1.000000
vn 0.000000 0.000000 1.000000
vn 0.000000 0.000000 1.000000
vn 0.000000 0.000000 1.000000
vn 0.000000 0.000000 1.000000
vn 0.000000 0.000000 1.000000
vn 0.000000 0.000000 1.000000
vn 0.000000 0.000000 1.000000
vn 0.000000 0.000000 1.000000
vn 0.000000 0.000000 1.000000
vn 0.000000 0.000000 1.000000
vn -0.003260 0.999995 0.000643
vn -0.003260 0.999995 0.000643
vn -0.003260 0.999995 0.000643
vn -0.003260 0.999995 0.000643
vn -0.003260 0.999995 0.000643
vn -0.003260 0.999995 0.000643
vn -0.003260 0.999995 0.000643
vn -0.003260 0.999995 0.000643
vn -0.003260 0.999995 0.000643
vn -0.003260 0.999995 0.000643
vn -0.003260 0.999995 0.000643
vn 0.000929 -1.000000 -0.000005
vn 0.000929 -1.000000 -0.000005
vn 0.000929 -1.000000 -0.000005
vn 0.000929 -1.000000 -0.000005
vn 0.000929 -1.000000 -0.000005
vn 0.000929 -1.000000 -0.000005
vn 0.000929 -1.000000 -0.000005
vn 0.000929 -1.000000 -0.000005
vn 0.000929 -1.000000 -0.000005
vn 0.000929 -1.000000 -0.000005
vn 0.000929 -1.000000 -0.000005
vn 0.000000 0.000000 1.000000
vn 0.000000 0.000000 1.000000
vn 0.000000 0.000000 1.000000
vn 0.000000 0.000000 1.000000
vn 0.000000 0.000000 1.000000
vn 0.000000 0.000000 1.000000
vn -0.002114 0.999998 0.000399
vn -0.002114 0.999998 0.000399
vn -0.002114 0.999998 0.000399
vn -0.002114 0.999998 0.000399
vn -0.002114 0.999998 0.000399
vn -0.002114 0.999998 0.000399
vn -0.002114 0.999998 0.000399
vn -0.002114 0.999998 0.000399
vn -0.002114 0.999998 0.000399
vn -0.002114 0.999998 0.000399
vn -0.002114 0.999998 0.000399
vn -0.002114 0.999998 0.000399
vn 0.000003 0.000000 1.000000
vn 0.000003 0.000000 1.000000
vn 0.000003 0.000000 1.000000
vn 0.000003 0.000000 1.000000
vn 0.000003 0.000000 1.000000
vn 0.000003 0.000000 1.000000
vn 0.000000 0.000000 -1.000000
vn 0.000000 0.000000 -1.000000
vn 0.000000 0.000000 -1.000000
vn 0.000000 0.000000 -1.000000
vn 0.000000 0.000000 -1.000000
vn 0.000000 0.000000 -1.000000
vn 0.000000 0.000000 -1.000000
vn 0.000000 0.000000 -1.000000
vn 0.000000 0.000000 -1.000000
vn 0.000000 0.000000 -1.000000
vn 0.000000 0.000000 -1.000000
vn 0.000000 -1.000000 0.000000
vn 0.000000 -1.000000 0.000000
vn 0.000000 -1.000000 0.000000
vn 0.000000 -1.000000 0.000000
vn 0.000000 -1.000000 -0.000002
vn 0.000000 -1.000000 -0.000002
vn 0.000000 -1.000000 -0.000002
vn 0.000000 -1.000000 -0.000002
vn 0.000000 1.000000 0.000000
vn 0.000000 1.000000 0.000000
vn 0.000000 1.000000 0.000000
vn 0.000000 1.000000 0.000000
vn 0.000000 0.000000 1.000000
vn 0.000000 0.000000 1.000000
vn 0.000000 0.000000 1.000000
vn 0.000000 0.000000 1.000000
vn 0.000000 -1.000000 0.000000
vn 0.000000 -1.000000 0.000000
vn 0.000000 -1.000000 0.000000
vn 0.000000 -1.000000 0.000000
vn 0.000000 -1.000000 0.000001
vn 0.000000 -1.000000 0.000001
vn 0.000000 -1.000000 0.000001
vn 0.000000 -1.000000 0.000001
vn 0.000000 1.000000 0.000000
vn 0.000000 1.000000 0.000000
vn 0.000000 1.000000 0.000000
vn 0.000000 1.000000 0.000000
vn 0.000000 0.000000 1.000000
vn 0.000000 0.000000 1.000000
vn 0.000000 0.000000 1.000000
vn 0.000000 0.000000 1.000000
vn 0.000000 -1.000000 0.000000
vn 0.000000 -1.000000 0.000000
vn 0.000000 -1.000000 0.000000
vn 0.000000 -1.000000 0.000000
vn 0.000000 1.000000 -0.000000
vn 0.000000 1.000000 -0.000000
vn 0.000000 1.000000 -0.000000
vn 0.000000 1.000000 -0.000000
vn 0.000000 1.000000 0.000000
vn 0.000000 1.000000 0.000000
vn 0.000000 1.000000 0.000000
vn 0.000000 1.000000 0.000000
vn 0.000000 0.000000 1.000000
vn 0.000000 0.000000 1.000000
vn 0.000000 0.000000 1.000000
vn 0.000000 0.000000 1.000000
vn 0.000000 -1.000000 0.000000
vn 0.000000 -1.000000 0.000000
vn 0.000000 -1.000000 0.000000
vn 0.000000 -1.000000 0.000000
vn 0.000000 1.000000 0.000000
vn 0.000000 1.000000 0.000000
vn 0.000000 1.000000 0.000000
vn 0.000000 1.000000 0.000000
vn 0.000000 1.000000 0.000000
vn 0.000000 1.000000 0.000000
vn 0.000000 1.000000 0.000000
vn 0.000000 1.000000 0.000000
vn 0.000000 0.000000 1.000000
vn 0.000000 0.000000 1.000000
vn 0.000000 0.000000 1.000000
vn 0.000000 0.000000 1.000000
vn 0.000000 -1.000000 0.000000
vn 0.000000 -1.000000 0.000000
vn 0.000000 -1.000000 0.000000
vn 0.000000 -1.000000 0.000000
vn 0.000000 -1.000000 0.000000
vn 0.000000 -1.000000 0.000000
vn 0.000000 -1.000000 0.000000
vn 0.000000 -1.000000 0.000000
vn 0.000000 1.000000 0.000000
vn 0.000000 1.000000 0.000000
vn 0.000000 1.000000 0.000000
vn 0.000000 1.000000 0.000000
vn 0.000000 0.000000 1.000000
vn 0.000000 0.000000 1.000000
vn 0.000000 0.000000 1.000000
vn 0.000000 0.000000 1.000000
vn 0.000000 -1.000000 0.000000
vn 0.000000 -1.000000 0.000000
vn 0.000000 -1.000000 0.000000
vn 0.000000 -1.000000 0.000000
vn 0.000000 -1.000000 0.000000
vn 0.000000 -1.000000 0.000000
vn 0.000000 -1.000000 0.000000
vn 0.000000 -1.000000 0.000000
vn 0.000000 -1.000000 0.000000
vn 0.000000 -1.000000 0.000000
vn 0.000000 -1.000000 0.000000
vn 0.000000 -1.000000 0.000000
vn 0.000000 -1.000000 0.000000
vn 0.000000 -1.000000 0.000000
vn 0.000000 -1.000000 0.000000
vn 0.000000 -1.000000 0.000000
vn 0.000000 0.000000 -1.000000
vn 0.000000 0.000000 -1.000000
vn 0.000000 0.000000 -1.000000
vn 0.000000 0.000000 -1.000000
vn 0.000000 -1.000000 -0.000000
vn 0.000000 -1.000000 -0.000000
vn 0.000000 -1.000000 -0.000000
vn 0.000000 -1.000000 -0.000000
vn 0.000000 0.000000 -1.000000
vn 0.000000 0.000000 -1.000000
vn 0.000000 0.000000 -1.000000
vn 0.000000 0.000000 -1.000000
vn 0.000000 1.000000 -0.000000
vn 0.000000 1.000000 -0.000000
vn 0.000000 1.000000 -0.000000
vn 0.000000 1.000000 -0.000000
vn 0.000000 0.000000 -1.000000
vn 0.000000 0.000000 -1.000000
vn 0.000000 0.000000 -1.000000
vn 0.000000 0.000000 -1.000000
vn 0.000000 1.000000 0.000000
vn 0.000000 1.000000 0.000000
vn 0.000000 1.000000 0.000000
vn 0.000000 1.000000 0.000000
vn 0.000000 -1.000000 0.000000
vn 0.000000 -1.000000 0.000000
vn 0.000000 -1.000000 0.000000
vn 0.000000 -1.000000 0.000000
vn 0.000000 0.000000 -1.000000
vn 0.000000 0.000000 -1.000000
vn 0.000000 0.000000 -1.000000
vn 0.000000 0.000000 -1.000000
vn 0.000000 1.000000 0.000000
vn 0.000000 1.000000 0.000000
vn 0.000000 1.000000 0.000000
vn 0.000000 1.000000 0.000000
vn 0.000000 -1.000000 -0.000001
vn 0.000000 -1.000000 -0.000001
vn 0.000000 -1.000000 -0.000001
vn 0.000000 -1.000000 -0.000001
vn 0.000000 0.000000 -1.000000
vn 0.000000 0.000000 -1.000000
vn 0.000000 0.000000 -1.000000
vn 0.000000 0.000000 -1.000000
vn 0.000000 -1.000000 0.000002
vn 0.000000 -1.000000 0.000002
vn 0.000000 -1.000000 0.000002
vn 0.000000 -1.000000 0.000002
vn 0.000000 0.000000 -1.000000
vn 0.000000 0.000000 -1.000000
vn 0.000000 0.000000 -1.000000
vn 0.000000 0.000000 -1.000000
vn 0.000000 1.000000 -0.000002
vn 0.000000 1.000000 -0.000002
vn 0.000000 1.000000 -0.000002
vn 0.000000 1.000000 -0.000002
vn 0.000000 0.000000 -1.000000
vn 0.000000 0.000000 -1.000000
vn 0.000000 0.000000 -1.000000
vn 0.000000 0.000000 -1.000000
vn 0.000000 1.000000 0.000001
vn 0.000000 1.000000 0.000001
vn 0.000000 1.000000 0.000001
vn 0.000000 1.000000 0.000001
vn 0.000000 1.000000 0.000000
vn 0.000000 1.000000 0.000000
vn 0.000000 1.000000 0.000000
vn 0.000000 1.000000 0.000000
vn 0.000000 1.000000 -0.000001
vn 0.000000 1.000000 -0.000001
vn 0.000000 1.000000 -0.000001
vn 0.000000 1.000000 -0.000001
vn 0.000000 1.000000 0.000000
vn 0.000000 1.000000 0.000000
vn 0.000000 1.000000 0.000000
vn 0.000000 1.000000 0.000000
vn -0.000000 0.000000 1.000000
vn -0.000000 0.000000 1.000000
vn -0.000000 0.000000 1.000000
vn -0.000000 0.000000 1.000000
vn 0.000000 -1.000000 0.000000
vn 0.000000 -1.000000 0.000000
vn 0.000000 -1.000000 0.000000
vn 0.000000 -1.000000 0.000000
vn 0.000000 1.000000 0.000002
vn 0.000000 1.000000 0.000002
vn 0.000000 1.000000 0.000002
vn 0.000000 1.000000 0.000002
vn 0.000000 1.000000 0.000000
vn 0.000000 1.000000 0.000000
vn 0.000000 1.000000 0.000000
vn 0.000000 1.000000 0.000000
vn 0.000000 0.000000 1.000000
vn 0.000000 0.000000 1.000000
vn 0.000000 0.000000 1.000000
vn 0.000000 0.000000 1.000000
vn 0.000000 -1.000000 0.000000
vn 0.000000 -1.000000 0.000000
vn 0.000000 -1.000000 0.000000
vn 0.000000 -1.000000 0.000000
vn 0.000000 -1.000000 0.000000
vn 0.000000 -1.000000 0.000000
vn 0.000000 -1.000000 0.000000
vn 0.000000 -1.000000 0.000000
vn 0.000000 1.000000 0.000000
vn 0.000000 1.000000 0.000000
vn 0.000000 1.000000 0.000000
vn 0.000000 1.000000 0.000000
vn 0.000000 0.000000 1.000000
vn 0.000000 0.000000 1.000000
vn 0.000000 0.000000 1.000000
vn 0.000000 0.000000 1.000000
vn 0.000000 -1.000000 0.000000
vn 0.000000 -1.000000 0.000000
vn 0.000000 -1.000000 0.000000
vn 0.000000 -1.000000 0.000000
vn 0.000000 -1.000000 0.000000
vn 0.000000 -1.000000 0.000000
vn 0.000000 -1.000000 0.000000
vn 0.000000 -1.000000 0.000000
vn 0.000000 1.000000 0.000000
vn 0.000000 1.000000 0.000000
vn 0.000000 1.000000 0.000000
vn 0.000000 1.000000 0.000000
vn 0.000000 1.000000 0.000000
vn 0.000000 1.000000 0.000000
vn 0.000000 1.000000 0.000000
vn 0.000000 1.000000 0.000000
vn 0.000000 0.000000 1.000000
vn 0.000000 0.000000 1.000000
vn 0.000000 0.000000 1.000000
vn 0.000000 0.000000 1.000000
vn 0.000000 -1.000000 0.000000
vn 0.000000 -1.000000 0.000000
vn 0.000000 -1.000000 0.000000
vn 0.000000 -1.000000 0.000000
vn 0.000000 1.000000 0.000000
vn 0.000000 1.000000 0.000000
vn 0.000000 1.000000 0.000000
vn 0.000000 1.000000 0.000000
vn 0.000000 1.000000 0.000000
vn 0.000000 1.000000 0.000000
vn 0.000000 1.000000 0.000000
vn 0.000000 1.000000 0.000000
vn 0.000000 0.000000 1.000000
vn 0.000000 0.000000 1.000000
vn 0.000000 0.000000 1.000000
vn 0.000000 0.000000 1.000000
vn 0.000000 -1.000000 0.000000
vn 0.000000 -1.000000 0.000000
vn 0.000000 -1.000000 0.000000
vn 0.000000 -1.000000 0.000000
vn 0.000000 -1.000000 0.000000
vn 0.000000 -1.000000 0.000000
vn 0.000000 -1.000000 0.000000
vn 0.000000 -1.000000 0.000000
vn 0.000000 1.000000 0.000000
vn 0.000000 1.000000 0.000000
vn 0.000000 1.000000 0.000000
vn 0.000000 1.000000 0.000000
vn 0.000000 0.000000 1.000000
vn 0.000000 0.000000 1.000000
vn 0.000000 0.000000 1.000000
vn 0.000000 0.000000 1.000000
vn 0.000000 -1.000000 0.000000
vn 0.000000 -1.000000 0.000000
vn 0.000000 -1.000000 0.000000
vn 0.000000 -1.000000 0.000000
vn 0.000000 -1.000000 0.000000
vn 0.000000 -1.000000 0.000000
vn 0.000000 -1.000000 0.000000
vn 0.000000 -1.000000 0.000000
vn 0.000000 -1.000000 0.000000
vn 0.000000 -1.000000 0.000000
vn 0.000000 -1.000000 0.000000
vn 0.000000 -1.000000 0.000000
vn 0.000000 -1.000000 0.000000
vn 0.000000 -1.000000 0.000000
vn 0.000000 -1.000000 0.000000
vn 0.000000 -1.000000 0.000000
vn 0.000000 0.000000 -1.000000
vn 0.000000 0.000000 -1.000000
vn 0.000000 0.000000 -1.000000
vn 0.000000 0.000000 -1.000000
vn 0.000000 -1.000000 -0.000000
vn 0.000000 -1.000000 -0.000000
vn 0.000000 -1.000000 -0.000000
vn 0.000000 -1.000000 -0.000000
vn 0.000000 0.000000 -1.000000
vn 0.000000 0.000000 -1.000000
vn 0.000000 0.000000 -1.000000
vn 0.000000 0.000000 -1.000000
vn 0.000000 1.000000 -0.000000
vn 0.000000 1.000000 -0.000000
vn 0.000000 1.000000 -0.000000
vn 0.000000 1.000000 -0.000000
vn 0.000000 0.000000 -1.000000
vn 0.000000 0.000000 -1.000000
vn 0.000000 0.000000 -1.000000
vn 0.000000 0.000000 -1.000000
vn 0.000000 1.000000 0.000000
vn 0.000000 1.000000 0.000000
vn 0.000000 1.000000 0.000000
vn 0.000000 1.000000 0.000000
vn 0.000000 -1.000000 0.000000
vn 0.000000 -1.000000 0.000000
vn 0.000000 -1.000000 0.000000
vn 0.000000 -1.000000 0.000000
vn 0.000000 0.000000 -1.000000
vn 0.000000 0.000000 -1.000000
vn 0.000000 0.000000 -1.000000
vn 0.000000 0.000000 -1.000000
vn 0.000000 -1.000000 0.000000
vn 0.000000 -1.000000 0.000000
vn 0.000000 -1.000000 0.000000
vn 0.000000 -1.000000 0.000000
vn 0.000000 0.000000 -1.000000
vn 0.000000 0.000000 -1.000000
vn 0.000000 0.000000 -1.000000
vn 0.000000 0.000000 -1.000000
vn 0.000000 1.000000 0.000000
vn 0.000000 1.000000 0.000000
vn 0.000000 1.000000 0.000000
vn 0.000000 1.000000 0.000000
vn 0.000000 0.000000 -1.000000
vn 0.000000 0.000000 -1.000000
vn 0.000000 0.000000 -1.000000
vn 0.000000 0.000000 -1.000000
vn 0.000000 1.000000 0.000000
vn 0.000000 1.000000 0.000000
vn 0.000000 1.000000 0.000000
vn 0.000000 1.000000 0.000000
vn 0.000000 1.000000 0.000000
vn 0.000000 1.000000 0.000000
vn 0.000000 1.000000 0.000000
vn 0.000000 1.000000 0.000000
vn 0.000000 1.000000 0.000000
vn 0.000000 1.000000 0.000000
vn 0.000000 1.000000 0.000000
vn 0.000000 1.000000 0.000000
vn 0.000000 1.000000 0.000000
vn 0.000000 1.000000 0.000000
vn 0.000000 1.000000 0.000000
vn 0.000000 1.000000 0.000000
vn 0.000000 0.000000 1.000000
vn 0.000000 0.000000 1.000000
vn 0.000000 0.000000 1.000000
vn 0.000000 0.000000 1.000000
vn 0.000000 -1.000000 0.000000
vn 0.000000 -1.000000 0.000000
vn 0.000000 -1.000000 0.000000
vn 0.000000 -1.000000 0.000000
vn 0.000000 1.000000 0.000000
vn 0.000000 1.000000 0.000000
vn 0.000000 1.000000 0.000000
vn 0.000000 1.000000 0.000000
vn 0.000000 1.000000 0.000000
vn 0.000000 1.000000 0.000000
vn 0.000000 1.000000 0.000000
vn 0.000000 1.000000 0.000000
vn 0.000000 0.000000 1.000000
vn 0.000000 0.000000 1.000000
vn 0.000000 0.000000 1.000000
vn 0.000000 0.000000 1.000000
vn 1.000000 0.000000 0.000000
vn 1.000000 0.000000 0.000000
vn 1.000000 0.000000 0.000000
vn 1.000000 0.000000 0.000000
vn 0.000000 1.000000 0.000000
vn 0.000000 1.000000 0.000000
vn 0.000000 1.000000 0.000000
vn 0.000000 1.000000 0.000000
vn -1.000000 0.000000 0.000000
vn -1.000000 0.000000 0.000000
vn -1.000000 0.000000 0.000000
vn -1.000000 0.000000 0.000000
vn 0.000000 -1.000000 0.000000
vn 0.000000 -1.000000 0.000000
vn 0.000000 -1.000000 0.000000
vn 0.000000 -1.000000 0.000000
vn -0.999576 -0.028979 0.002726
vn -0.999576 -0.028979 0.002726
vn -0.999576 -0.028979 0.002726
vn -0.999576 -0.028979 0.002726
vn -0.999576 -0.028979 0.002726
vn -0.999576 -0.028979 0.002726
vn -0.999576 -0.028979 0.002726
vn -0.999576 -0.028979 0.002726
vn -0.999576 -0.028979 0.002726
vn -0.999576 -0.028979 0.002726
vn -0.999576 -0.028979 0.002726
vn -0.999576 -0.028979 0.002726
vn -0.999576 -0.028979 0.002726
vn -0.999576 -0.028979 0.002726
vn -0.999576 -0.028979 0.002726
vn -0.999576 -0.028979 0.002726
vn 0.000000 1.000000 0.000000
vn 0.000000 1.000000 0.000000
vn 0.000000 1.000000 0.000000
vn 0.000000 1.000000 0.000000
vn 0.999576 -0.028979 0.002726
vn 0.999576 -0.028979 0.002726
vn 0.999576 -0.028979 0.002726
vn 0.999576 -0.028979 0.002726
vn 0.999576 -0.028979 0.002726
vn 0.999576 -0.028979 0.002726
vn 0.999576 -0.028979 0.002726
vn 0.999576 -0.028979 0.002726
vn 0.999576 -0.028979 0.002726
vn 0.999576 -0.028979 0.002726
vn 0.999576 -0.028979 0.002726
vn 0.999576 -0.028979 0.002726
vn 0.999576 -0.028979 0.002726
vn 0.999576 -0.028979 0.002726
vn 0.999576 -0.028979 0.002726
vn 0.999576 -0.028979 0.002726
vn -1.000000 -0.000002 0.000000
vn -1.000000 -0.000002 0.000000
vn -1.000000 -0.000002 0.000000
vn -1.000000 -0.000002 0.000000
vn 0.000000 0.034507 0.999405
vn 0.000000 0.034507 0.999405
vn 0.000000 0.034507 0.999405
vn 0.000000 0.034507 0.999405
vn 1.000000 -0.000001 0.000000
vn 1.000000 -0.000001 0.000000
vn 1.000000 -0.000001 0.000000
vn 1.000000 -0.000001 0.000000
vn 0.000000 -0.080751 -0.996734
vn 0.000000 -0.080751 -0.996734
vn 0.000000 -0.080751 -0.996734
vn 0.000000 -0.080751 -0.996734
vn -0.822117 0.569319 0.000000
vn -0.822117 0.569319 0.000000
vn -0.822117 0.569319 0.000000
vn -0.822117 0.569319 0.000000
vn 0.822116 0.569319 0.000000
vn 0.822116 0.569319 0.000000
vn 0.822116 0.569319 0.000000
vn 0.822116 0.569319 0.000000
vn 0.000000 0.704993 -0.709214
vn 0.000000 0.704993 -0.709214
vn 0.000000 0.704993 -0.709214
vn 0.000000 0.704993 -0.709214
vn 0.000000 1.000000 0.000000
vn 0.000000 1.000000 0.000000
vn 0.000000 1.000000 0.000000
vn 0.000000 1.000000 0.000000
vn 0.000000 1.000000 0.000000
vn 0.000000 1.000000 0.000000
vn 0.000000 1.000000 0.000000
vn 0.000000 1.000000 0.000000
vn 0.000000 0.704993 0.709214
vn 0.000000 0.704993 0.709214
vn 0.000000 0.704993 0.709214
vn 0.000000 0.704993 0.709214
vn 0.000000 0.704993 0.709214
vn 0.000000 0.704993 0.709214
vn 0.000000 0.704993 0.709214
vn 0.000000 0.704993 0.709214
vn 0.000000 -1.000000 0.000000
vn 0.000000 -1.000000 0.000000
vn 0.000000 -1.000000 0.000000
vn 0.000000 -1.000000 0.000000
vn 0.000000 -0.003637 0.999993
vn 0.000000 -0.003637 0.999993
vn 0.000000 -0.003637 0.999993
vn 0.000000 -0.003637 0.999993
vn 0.000000 -0.007397 0.999973
vn 0.000000 -0.007397 0.999973
vn 0.000000 -0.007397 0.999973
vn 0.000000 -0.007397 0.999973
vn 0.000000 -0.009710 0.999953
vn 0.000000 -0.009710 0.999953
vn 0.000000 -0.009710 0.999953
vn 0.000000 -0.009710 0.999953
vn -0.003314 -0.003966 0.999987
vn -0.003314 -0.003966 0.999987
vn -0.003314 -0.003966 0.999987
vn -0.003314 -0.003966 0.999987
vn 0.000000 -0.003594 0.999994
vn 0.000000 -0.003594 0.999994
vn 0.000000 -0.003594 0.999994
vn 0.000000 -0.003594 0.999994
vn 0.000000 -0.003420 0.999994
vn 0.000000 -0.003420 0.999994
vn 0.000000 -0.003420 0.999994
vn 0.000000 -0.003420 0.999994
vn 0.000000 -0.003419 0.999994
vn 0.000000 -0.003419 0.999994
vn 0.000000 -0.003419 0.999994
vn 0.000000 -0.003419 0.999994
vn 0.000000 -0.003544 0.999994
vn 0.000000 -0.003544 0.999994
vn 0.000000 -0.003544 0.999994
vn 0.000000 -0.003544 0.999994
vn 0.000000 -0.004753 0.999989
vn 0.000000 -0.004753 0.999989
vn 0.000000 -0.004753 0.999989
vn 0.000000 -0.004753 0.999989
vn 0.000000 -0.004106 0.999992
vn 0.000000 -0.004106 0.999992
vn 0.000000 -0.004106 0.999992
vn 0.000000 -0.004106 0.999992
vn 0.000000 -0.004059 0.999992
vn 0.000000 -0.004059 0.999992
vn 0.000000 -0.004059 0.999992
vn 0.000000 -0.004059 0.999992
vn 0.000000 -0.005269 0.999986
vn 0.000000 -0.005269 0.999986
vn 0.000000 -0.005269 0.999986
vn 0.000000 -0.005269 0.999986
vn 0.000000 -0.003970 0.999992
vn 0.000000 -0.003970 0.999992
vn 0.000000 -0.003970 0.999992
vn 0.000000 -0.003970 0.999992
vn 0.000000 0.000000 0.000000
vn 0.000000 0.000000 0.000000
vn 0.000000 0.000000 0.000000
vn 0.000000 0.000000 0.000000
vn 0.000000 0.000000 0.000000
vn 0.000000 0.000000 0.000000
vn 0.000000 0.000000 0.000000
vn 0.000000 0.000000 0.000000
vn 0.000000 0.000000 0.000000
vn 0.000000 0.000000 0.000000
vn 0.000000 0.000000 0.000000
vn 0.000000 0.000000 0.000000
vn 0.000000 0.000000 0.000000
vn 0.000000 0.000000 0.000000
vn 0.000000 0.000000 0.000000
vn 0.000000 0.000000 0.000000
vn 0.000000 0.000000 0.000000
vn 0.000000 0.000000 0.000000
vn 0.000000 0.000000 0.000000
vn 0.000000 0.000000 0.000000
vn 0.000000 0.000000 0.000000
vn 0.000000 0.000000 0.000000
vn 0.000000 0.000000 0.000000
vn 0.000000 0.000000 0.000000
vn 0.000000 0.000000 0.000000
vn 0.000000 0.000000 0.000000
vn 0.000000 0.000000 0.000000
vn 0.000000 0.000000 0.000000
vn 0.000000 0.000000 0.000000
vn 0.000000 0.000000 0.000000
vn 0.000000 0.000000 0.000000
vn 0.000000 0.000000 0.000000
vn 0.000000 0.000000 0.000000
vn 0.000000 0.000000 0.000000
vn 0.000000 0.000000 0.000000
vn 0.000000 0.000000 0.000000
vn 0.000000 0.000000 0.000000
vn 0.000000 0.000000 0.000000
vn 0.000000 0.000000 0.000000
vn 0.000000 0.000000 0.000000
vn 0.000000 0.000000 0.000000
vn 0.000000 0.000000 0.000000
vn 0.000000 0.000000 0.000000
vn 0.000000 0.000000 0.000000
vn 0.000000 0.000000 0.000000
vn 0.000000 0.000000 0.000000
vn 0.000000 0.000000 0.000000
vn 0.000000 0.000000 0.000000
vn 0.000000 0.000000 0.000000
vn 0.000000 0.000000 0.000000
vn 0.000000 0.000000 0.000000
vn 0.000000 0.000000 0.000000
vn 0.000000 0.000000 0.000000
vn 0.000000 0.000000 0.000000
vn 0.000000 0.000000 0.000000
vn 0.000000 0.000000 0.000000
vn 0.000000 0.000000 0.000000
vn 0.000000 0.000000 0.000000
vn 0.000000 0.000000 0.000000
vn 0.000000 0.000000 0.000000
vn 0.000000 0.000000 0.000000
vn 0.000000 0.000000 0.000000
vn 0.000000 0.000000 0.000000
vn 0.000000 0.000000 0.000000
vn 0.000000 0.000000 0.000000
vn 0.000000 0.000000 0.000000
vn 0.000000 0.000000 0.000000
vn 0.000000 0.000000 0.000000
vn 0.000000 0.000000 0.000000
vn 0.000000 0.000000 0.000000
vn 0.000000 0.000000 0.000000
vn 0.000000 0.000000 0.000000
vn 0.000000 0.000000 0.000000
vn 0.000000 0.000000 0.000000
vn 0.000000 0.000000 0.000000
vn 0.000000 0.000000 0.000000
vn 0.000000 0.000000 0.000000
vn 0.000000 0.000000 0.000000
vn 0.000000 0.000000 0.000000
vn 0.000000 0.000000 0.000000
vn 0.000000 0.000000 0.000000
vn 0.000000 0.000000 0.000000
vn 0.000000 0.000000 0.000000
vn 0.000000 0.000000 0.000000
vn 0.000000 0.000000 0.000000
vn 0.000000 0.000000 0.000000
vn 0.000000 0.000000 0.000000
vn 0.000000 0.000000 0.000000
vn 0.000000 0.000000 0.000000
vn 0.000000 0.000000 0.000000
vn 0.000000 0.000000 0.000000
vn 0.000000 0.000000 0.000000
vn 1.000000 0.000000 0.000000
vn 1.000000 0.000000 0.000000
vn 1.000000 0.000000 0.000000
vn 1.000000 0.000000 0.000000
vn 0.000000 0.000000 -1.000000
vn 0.000000 0.000000 -1.000000
vn 0.000000 0.000000 -1.000000
vn 0.000000 0.000000 -1.000000
vn -1.000000 0.000000 0.000000
vn -1.000000 0.000000 0.000000
vn -1.000000 0.000000 0.000000
vn -1.000000 0.000000 0.000000
vn 0.000000 0.000000 0.000000
vn 0.000000 0.000000 0.000000
vn 0.000000 0.000000 0.000000
vn 0.000000 0.000000 0.000000
vn 0.000000 0.000000 0.000000
vn 0.000000 0.000000 0.000000
vn 0.000000 0.000000 0.000000
vn 0.000000 0.000000 0.000000
vn 0.000000 1.000000 0.000000
vn 0.000000 1.000000 0.000000
vn 0.000000 1.000000 0.000000
vn 0.000000 1.000000 0.000000
vn -0.999038 0.043844 0.000000
vn -0.999038 0.043844 0.000000
vn -0.999038 0.043844 0.000000
vn -0.999038 0.043844 0.000000
vn 0.000000 -1.000000 0.000000
vn 0.000000 -1.000000 0.000000
vn 0.000000 -1.000000 0.000000
vn 0.000000 -1.000000 0.000000
vn 0.999038 0.043844 0.000000
vn 0.999038 0.043844 0.000000
vn 0.999038 0.043844 0.000000
vn 0.999038 0.043844 0.000000
vn 0.998345 0.057504 0.000496
vn 0.998345 0.057504 0.000496
vn 0.998345 0.057504 0.000496
vn 0.998345 0.057504 0.000496
vn 0.000000 0.999963 0.008631
vn 0.000000 0.999963 0.008631
vn 0.000000 0.999963 0.008631
vn 0.000000 0.999963 0.008631
vn -0.998345 0.057504 0.000496
vn -0.998345 0.057504 0.000496
vn -0.998345 0.057504 0.000496
vn -0.998345 0.057504 0.000496
vn 0.000000 -0.999963 -0.008631
vn 0.000000 -0.999963 -0.008631
vn 0.000000 -0.999963 -0.008631
vn 0.000000 -0.999963 -0.008631
vn 0.000000 -0.999995 -0.003130
vn 0.000000 -0.999995 -0.003130
vn 0.000000 -0.999995 -0.003130
vn 0.000000 -0.999995 -0.003130
vn 0.999773 0.021332 0.000067
vn 0.999773 0.021332 0.000067
vn 0.999773 0.021332 0.000067
vn 0.999773 0.021332 0.000067
vn 0.000000 0.999995 0.003130
vn 0.000000 0.999995 0.003130
vn 0.000000 0.999995 0.003130
vn 0.000000 0.999995 0.003130
vn -0.999772 0.021332 0.000067
vn -0.999772 0.021332 0.000067
vn -0.999772 0.021332 0.000067
vn -0.999772 0.021332 0.000067
vn -0.999711 0.024059 0.000085
vn -0.999711 0.024059 0.000085
vn -0.999711 0.024059 0.000085
vn -0.999711 0.024059 0.000085
vn 0.000000 -0.999994 -0.003515
vn 0.000000 -0.999994 -0.003515
vn 0.000000 -0.999994 -0.003515
vn 0.000000 -0.999994 -0.003515
vn 0.999711 0.024059 0.000085
vn 0.999711 0.024059 0.000085
vn 0.999711 0.024059 0.000085
vn 0.999711 0.024059 0.000085
vn 0.000000 0.999994 0.003515
vn 0.000000 0.999994 0.003515
vn 0.000000 0.999994 0.003515
vn 0.000000 0.999994 0.003515
vn -0.002746 -0.999977 -0.006281
vn -0.002746 -0.999977 -0.006281
vn -0.002746 -0.999977 -0.006281
vn -0.002746 -0.999977 -0.006281
vn 0.999153 0.041138 0.000333
vn 0.999153 0.041138 0.000333
vn 0.999153 0.041138 0.000333
vn 0.999153 0.041138 0.000333
vn 0.002746 0.999977 0.006282
vn 0.002746 0.999977 0.006282
vn 0.002746 0.999977 0.006282
vn 0.002746 0.999977 0.006282
vn -0.998912 0.046634 0.000222
vn -0.998912 0.046634 0.000222
vn -0.998912 0.046634 0.000222
vn -0.998912 0.046634 0.000222
vn 0.000000 -0.999996 -0.002912
vn 0.000000 -0.999996 -0.002912
vn 0.000000 -0.999996 -0.002912
vn 0.000000 -0.999996 -0.002912
vn 0.999779 0.021030 0.000061
vn 0.999779 0.021030 0.000061
vn 0.999779 0.021030 0.000061
vn 0.999779 0.021030 0.000061
vn 0.000000 0.999996 0.002912
vn 0.000000 0.999996 0.002912
vn 0.000000 0.999996 0.002912
vn 0.000000 0.999996 0.002912
vn -0.999779 0.021030 0.000061
vn -0.999779 0.021030 0.000061
vn -0.999779 0.021030 0.000061
vn -0.999779 0.021030 0.000061
vn -0.999703 0.024356 0.000078
vn -0.999703 0.024356 0.000078
vn -0.999703 0.024356 0.000078
vn -0.999703 0.024356 0.000078
vn 0.000000 -0.999995 -0.003217
vn 0.000000 -0.999995 -0.003217
vn 0.000000 -0.999995 -0.003217
vn 0.000000 -0.999995 -0.003217
vn 0.999703 0.024356 0.000078
vn 0.999703 0.024356 0.000078
vn 0.999703 0.024356 0.000078
vn 0.999703 0.024356 0.000078
vn 0.000000 0.999995 0.003217
vn 0.000000 0.999995 0.003217
vn 0.000000 0.999995 0.003217
vn 0.000000 0.999995 0.003217
vn 0.000000 -0.999997 -0.002472
vn 0.000000 -0.999997 -0.002472
vn 0.000000 -0.999997 -0.002472
vn 0.000000 -0.999997 -0.002472
vn 0.999767 0.021578 0.000053
vn 0.999767 0.021578 0.000053
vn 0.999767 0.021578 0.000053
vn 0.999767 0.021578 0.000053
vn 0.000000 0.999997 0.002472
vn 0.000000 0.999997 0.002472
vn 0.000000 0.999997 0.002472
vn 0.000000 0.999997 0.002472
vn -0.999767 0.021578 0.000053
vn -0.999767 0.021578 0.000053
vn -0.999767 0.021578 0.000053
vn -0.999767 0.021578 0.000053
vn -0.999723 0.023536 0.000052
vn -0.999723 0.023536 0.000052
vn -0.999723 0.023536 0.000052
vn -0.999723 0.023536 0.000052
vn 0.000000 -0.999998 -0.002227
vn 0.000000 -0.999998 -0.002227
vn 0.000000 -0.999998 -0.002227
vn 0.000000 -0.999998 -0.002227
vn 0.999723 0.023536 0.000052
vn 0.999723 0.023536 0.000052
vn 0.999723 0.023536 0.000052
vn 0.999723 0.023536 0.000052
vn 0.000000 0.999998 0.002227
vn 0.000000 0.999998 0.002227
vn 0.000000 0.999998 0.002227
vn 0.000000 0.999998 0.002227
vn 0.000000 -0.999999 -0.001216
vn 0.000000 -0.999999 -0.001216
vn 0.000000 -0.999999 -0.001216
vn 0.000000 -0.999999 -0.001216
vn 0.999794 0.020283 0.000025
vn 0.999794 0.020283 0.000025
vn 0.999794 0.020283 0.000025
vn 0.999794 0.020283 0.000025
vn 0.000000 0.999999 0.001216
vn 0.000000 0.999999 0.001216
vn 0.000000 0.999999 0.001216
vn 0.000000 0.999999 0.001216
vn -0.999794 0.020283 0.000025
vn -0.999794 0.020283 0.000025
vn -0.999794 0.020283 0.000025
vn -0.999794 0.020283 0.000025
vn -0.999603 0.028192 0.000028
vn -0.999603 0.028192 0.000028
vn -0.999603 0.028192 0.000028
vn -0.999603 0.028192 0.000028
vn 0.000000 -1.000000 -0.000999
vn 0.000000 -1.000000 -0.000999
vn 0.000000 -1.000000 -0.000999
vn 0.000000 -1.000000 -0.000999
vn 0.999603 0.028192 0.000028
vn 0.999603 0.028192 0.000028
vn 0.999603 0.028192 0.000028
vn 0.999603 0.028192 0.000028
vn 0.000000 1.000000 0.000999
vn 0.000000 1.000000 0.000999
vn 0.000000 1.000000 0.000999
vn 0.000000 1.000000 0.000999
vn 0.000000 -1.000000 -0.000258
vn 0.000000 -1.000000 -0.000258
vn 0.000000 -1.000000 -0.000258
vn 0.000000 -1.000000 -0.000258
vn 0.999794 0.020285 0.000005
vn 0.999794 0.020285 0.000005
vn 0.999794 0.020285 0.000005
vn 0.999794 0.020285 0.000005
vn 0.000000 1.000000 0.000258
vn 0.000000 1.000000 0.000258
vn 0.000000 1.000000 0.000258
vn 0.000000 1.000000 0.000258
vn -0.999794 0.020285 0.000005
vn -0.999794 0.020285 0.000005
vn -0.999794 0.020285 0.000005
vn -0.999794 0.020285 0.000005
vn 0.999512 0.031243 0.000165
vn 0.999512 0.031243 0.000165
vn 0.999512 0.031243 0.000165
vn 0.999512 0.031243 0.000165
vn 0.000000 0.999986 0.005269
vn 0.000000 0.999986 0.005269
vn 0.000000 0.999986 0.005269
vn 0.000000 0.999986 0.005269
vn -0.999512 0.031243 0.000165
vn -0.999512 0.031243 0.000165
vn -0.999512 0.031243 0.000165
vn -0.999512 0.031243 0.000165
vn 0.000000 -0.999986 -0.005269
vn 0.000000 -0.999986 -0.005269
vn 0.000000 -0.999986 -0.005269
vn 0.000000 -0.999986 -0.005269
vn -0.999580 -0.028966 0.000000
vn -0.999580 -0.028966 0.000000
vn -0.999580 -0.028966 0.000000
vn 0.000000 -1.000000 0.000000
vn 0.000000 -1.000000 0.000000
vn 0.000000 -1.000000 0.000000
vn 0.000000 -1.000000 0.000000
vn 0.000000 -1.000000 0.000000
vn 0.000000 -1.000000 0.000000
vn 0.999581 -0.028966 0.000000
vn 0.999581 -0.028966 0.000000
vn 0.999581 -0.028966 0.000000
vn 0.999581 -0.028966 0.000000
vn 0.999581 -0.028966 0.000000
vn 0.999581 -0.028966 0.000000
vn 0.999581 -0.028966 0.000000
vn 0.999581 -0.028966 0.000000
vn 0.999581 -0.028966 0.000000
vn 0.999581 -0.028966 0.000000
vn 0.999581 -0.028966 0.000000
vn 0.999581 -0.028966 0.000000
vn 0.999581 -0.028966 0.000000
vn 0.999581 -0.028966 0.000000
vn 0.999581 -0.028966 0.000000
vn 0.999581 -0.028966 0.000000
vn 0.999581 -0.028966 0.000000
vn 0.999581 -0.028966 0.000000
vn 0.999581 -0.028966 0.000000
vn 0.999581 -0.028966 0.000000
vn 0.999581 -0.028966 0.000000
vn 0.999581 -0.028966 0.000000
vn 0.999581 -0.028966 0.000000
vn 0.999581 -0.028966 0.000000
vn 0.999581 -0.028966 0.000000
vn 0.999581 -0.028966 0.000000
vn 0.999581 -0.028966 0.000000
vn 0.999581 -0.028966 0.000000
vn 0.999581 -0.028966 0.000000
vn 0.999581 -0.028966 0.000000
vn 0.000000 0.238559 -0.971128
vn 0.000000 0.238559 -0.971128
vn 0.000000 0.691878 -0.722014
vn 0.000000 0.691878 -0.722014
vn 0.000000 -0.300783 -0.953693
vn 0.000000 -0.300783 -0.953693
vn 1.000000 0.000000 0.000000
vn 1.000000 -0.000001 0.000000
vn 1.000000 -0.000000 0.000000
vn 1.000000 0.000000 0.000000
vn 1.000000 0.000000 0.000000
vn 1.000000 0.000000 0.000000
vn 1.000000 0.000001 0.000000
vn 1.000000 0.000001 0.000000
vn 1.000000 0.000000 0.000000
vn 1.000000 0.000000 0.000000
vn 1.000000 0.000000 0.000000
vn 1.000000 0.000000 0.000000
vn 1.000000 -0.000001 0.000000
vn -1.000000 0.000001 0.000000
vn -1.000000 0.000000 0.000000
vn -1.000000 -0.000000 0.000000
vn -1.000000 -0.000001 0.000000
vn -1.000000 0.000002 0.000000
vn -1.000000 -0.000000 0.000000
vn -1.000000 -0.000002 0.000000
vn -1.000000 -0.000001 0.000000
vn -1.000000 -0.000000 0.000000
vn -1.000000 0.000001 0.000000
vn -1.000000 -0.000002 0.000000
vn -1.000000 0.000000 0.000000
vn -1.000000 0.000002 0.000000
vn 0.000000 -0.980907 -0.194478
vn 0.000000 -0.953699 0.300763
vn 0.000000 -0.953699 0.300763
vn 0.000000 -0.980907 -0.194478
vn 0.000000 -0.691878 0.722015
vn 0.000000 -0.953699 0.300763
vn 0.000000 -0.953699 0.300763
vn 0.000000 -0.691878 0.722015
vn 0.000000 -0.238558 0.971128
vn 0.000000 -0.238558 0.971128
vn 0.000000 -0.238559 0.971128
vn 0.000000 0.300763 0.953699
vn 0.000000 0.300763 0.953699
vn 0.000000 -0.238559 0.971128
vn 0.000000 0.752510 0.658581
vn 0.000000 0.752510 0.658581
vn 0.000000 0.980907 0.194477
vn 0.000000 0.980907 0.194477
vn 0.000000 0.953698 -0.300766
vn 0.000000 0.953698 -0.300766
vn 0.000000 0.851148 -0.524926
vn 0.000000 0.851148 -0.524926
vn 0.000000 0.691876 -0.722016
vn 0.000000 0.691876 -0.722016
vn 0.000000 0.238557 -0.971129
vn 0.000000 0.238557 -0.971129
vn 0.000000 -0.300781 -0.953693
vn 0.000000 -0.300781 -0.953693
vn 0.000000 -0.550351 -0.834934
vn 0.000000 -0.752524 -0.658565
vn 0.000000 -0.752524 -0.658565
vn 0.000000 -0.550351 -0.834934
vn -1.000000 -0.000001 0.000000
vn -1.000000 0.000000 0.000000
vn -1.000000 0.000000 0.000000
vn -1.000000 0.000000 0.000000
vn -1.000000 0.000000 0.000000
vn -0.997567 0.069717 0.000000
vn -0.997567 0.069717 0.000000
vn -1.000000 -0.000001 0.000000
vn 0.000000 1.000000 0.000000
vn 0.000000 1.000000 0.000000
vn 0.000000 1.000000 0.000000
vn 0.000000 1.000000 0.000000
vn 0.997567 0.069717 0.000000
vn 1.000000 0.000000 0.000000
vn 1.000000 0.000000 0.000000
vn 1.000000 0.000000 0.000000
vn 1.000000 0.000000 0.000000
vn 1.000000 0.000000 0.000000
vn 1.000000 0.000000 0.000000
vn 0.997567 0.069717 0.000000
vn 0.000000 -1.000000 -0.000005
vn 0.000000 -1.000000 -0.000005
vn 0.000000 -1.000000 -0.000005
vn 0.000000 -1.000000 -0.000005
vn 0.000000 -0.282419 -0.959291
vn 0.000000 0.000000 -1.000000
vn 0.000000 0.000000 -1.000000
vn 0.000000 -0.282419 -0.959291
vn -1.000000 -0.000002 0.000000
vn -1.000000 -0.000002 0.000000
vn 0.000000 0.000000 -1.000000
vn 0.000000 0.000000 -1.000000
vn 1.000000 0.000000 0.000000
vn 1.000000 0.000000 0.000000
vn 0.000000 -0.036753 0.999324
vn 0.000000 -0.036753 0.999324
vn 0.000000 -0.036753 0.999324
vn 0.000000 -0.036753 0.999324
vn 0.000000 1.000000 0.000000
vn 0.000000 1.000000 0.000000
vn 0.000000 1.000000 0.000000
vn 0.000000 1.000000 0.000000
vn 0.000000 -1.000000 0.000000
vn 0.000000 -1.000000 0.000000
vn 0.000000 -1.000000 0.000000
vn 0.000000 -1.000000 0.000000
vn 0.000000 -1.000000 0.000000
vn 0.000000 -1.000000 0.000000
vn 0.000000 -1.000000 0.000000
vn 0.000000 -1.000000 0.000000
vn 0.000000 1.000000 0.000000
vn 0.000000 1.000000 0.000000
vn 0.000000 1.000000 0.000000
vn 0.000000 1.000000 0.000000
vn 0.000000 1.000000 0.000000
vn 0.000000 1.000000 0.000000
vn 0.000000 1.000000 0.000000
vn 0.000000 1.000000 0.000000
vn 0.000000 -1.000000 0.000000
vn 0.000000 -1.000000 0.000000
vn 0.000000 -1.000000 0.000000
vn 0.000000 -1.000000 0.000000
vn 0.000000 1.000000 0.000000
vn 0.000000 1.000000 0.000000
vn 0.000000 1.000000 0.000000
vn 0.000000 1.000000 0.000000
vn 0.000000 -1.000000 0.000000
vn 0.000000 -1.000000 0.000000
vn 0.000000 -1.000000 0.000000
vn 0.000000 -1.000000 0.000000
vn 1.000000 0.000000 0.000000
vn 1.000000 0.000000 0.000000
vn 1.000000 0.000000 0.000000
vn 1.000000 0.000000 0.000000
vn 0.000000 0.000000 -1.000000
vn 0.000000 0.000000 -1.000000
vn 0.000000 0.000000 -1.000000
vn 0.000000 0.000000 -1.000000
vn -1.000000 0.000000 0.000000
vn -1.000000 0.000000 0.000000
vn -1.000000 0.000000 0.000000
vn -1.000000 0.000000 0.000000
vn 0.000000 0.000000 1.000000
vn 0.000000 0.000000 1.000000
vn 0.000000 0.000000 1.000000
vn 0.000000 0.000000 1.000000
vn -1.000000 0.000000 0.000000
vn -1.000000 0.000000 0.000000
vn -1.000000 0.000000 0.000000
vn -1.000000 0.000000 0.000000
vn 1.000000 0.000000 0.000000
vn 1.000000 0.000000 0.000000
vn 1.000000 0.000000 0.000000
vn 1.000000 0.000000 0.000000
vn 0.000000 0.000000 -1.000000
vn 0.000000 0.000000 -1.000000
vn 0.000000 0.000000 -1.000000
vn 0.000000 0.000000 -1.000000
vn 0.000000 0.000000 -1.000000
vn 0.000000 0.000000 -1.000000
vn 0.000000 0.000000 -1.000000
vn 0.000000 0.000000 -1.000000
vn 0.000000 0.000000 1.000000
vn 0.000000 0.000000 1.000000
vn 0.000000 0.000000 1.000000
vn 0.000000 0.000000 1.000000
vn 0.000000 0.000000 1.000000
vn 0.000000 0.000000 1.000000
vn 0.000000 0.000000 1.000000
vn 0.000000 0.000000 1.000000
vn 0.000000 -1.000000 0.000000
vn 0.000000 -1.000000 0.000000
vn 0.000000 -1.000000 0.000000
vn 0.000000 -1.000000 0.000000
vn 0.000000 0.541845 0.840479
vn 0.000000 0.541845 0.840479
vn 0.000000 0.541845 0.840479
vn 0.000000 0.541845 0.840479
vn 0.000000 0.541845 0.840479
vn 0.000000 0.541845 0.840479
vn 0.000000 0.541845 0.840479
vn 0.000000 0.541845 0.840479
vn 0.000000 0.541845 0.840479
vn 0.000000 0.541845 0.840479
vn 0.997567 0.069717 0.000000
vn 0.997567 0.069717 0.000000
vn 0.000000 -0.541844 -0.840479
vn 0.000000 -0.541844 -0.840479
vn 0.000000 -0.541844 -0.840479
vn 0.000000 -0.541844 -0.840479
vn 0.000000 -0.541844 -0.840479
vn 0.000000 -0.282419 -0.959291
vn 0.000000 -0.282419 -0.959291
vn 0.000000 -0.541844 -0.840479
vn -0.997567 0.069717 0.000000
vn -0.997567 0.069717 0.000000
vn 0.000000 0.000000 1.000000
vn 0.000000 0.000000 1.000000
vn 0.000000 0.000000 1.000000
vn 0.000000 0.000000 1.000000
vn 1.000000 0.000000 0.000000
vn 1.000000 0.000000 0.000000
vn 0.000000 0.000000 -1.000000
vn 0.000000 0.000000 -1.000000
vn 0.000000 0.000000 -1.000000
vn 0.000000 0.000000 -1.000000
vn -1.000000 0.000000 0.000000
vn -1.000000 0.000000 0.000000
vn 0.000000 0.300763 0.953699
vn 0.000000 0.300763 0.953699
vn 0.000000 -0.691878 0.722015
vn 0.000000 -0.691878 0.722015
vn 0.000000 -0.980907 -0.194478
vn 0.000000 -0.980907 -0.194478
vn 0.000000 -0.752523 -0.658566
vn 0.000000 -0.752523 -0.658566
vn 0.000000 0.000000 -1.000000
vn 0.000000 0.000000 -1.000000
vn 0.000000 0.851148 -0.524927
vn 0.000000 0.953698 -0.300766
vn 0.000000 0.953698 -0.300766
vn 0.000000 0.851148 -0.524927
vn 0.000000 -1.000000 0.000000
vn 0.000000 -1.000000 0.000000
vn 0.000000 -1.000000 0.000000
vn 0.000000 -1.000000 0.000000
vn 0.000000 -1.000000 0.000000
vn 0.000000 -1.000000 0.000000
vn 0.000000 -1.000000 0.000000
vn 0.000000 -1.000000 0.000000
vn 0.000000 0.000000 1.000000
vn 0.000000 0.000000 1.000000
vn 0.000000 0.000000 1.000000
vn 0.000000 0.000000 1.000000
vn 0.000000 1.000000 0.000000
vn 0.000000 1.000000 0.000000
vn 0.000000 1.000000 0.000000
vn 0.000000 1.000000 0.000000
vn 0.000000 0.000000 -1.000000
vn 0.000000 0.000000 -1.000000
vn 0.000000 0.000000 -1.000000
vn 0.000000 0.000000 -1.000000
vn 0.000000 1.000000 -0.000001
vn 0.000000 1.000000 -0.000001
vn 0.000000 1.000000 -0.000001
vn 0.000000 1.000000 -0.000001
vn 0.000000 -0.036753 0.999324
vn 0.000000 -0.036753 0.999324
vn 0.000000 -0.036753 0.999324
vn 0.000000 -0.036753 0.999324
vn 0.000000 0.000000 -1.000000
vn 0.000000 0.000000 -1.000000
vn 0.000000 -1.000000 -0.000005
vn 0.000000 -1.000000 -0.000005
vn 0.000000 -1.000000 -0.000005
vn 0.000000 -1.000000 -0.000005
vn 0.000000 -0.550349 -0.834935
vn 0.000000 -0.550349 -0.834935
vn 0.000000 0.980907 0.194476
vn 0.000000 0.980907 0.194476
vn 0.000000 0.752510 0.658581
vn 0.000000 0.752510 0.658581
vn 0.000000 1.000000 0.000000
vn 0.000000 1.000000 0.000000
vn 0.000000 1.000000 0.000000
vn 0.000000 1.000000 0.000000
vn 0.000000 1.000000 0.000000
vn 0.000000 1.000000 0.000000
vn -0.999580 -0.028966 -0.000000
vn -0.999580 -0.028966 -0.000000
vn -0.999580 -0.028966 -0.000000
vn -0.999580 -0.028966 -0.000000
vn -0.999580 -0.028966 -0.000000
vn -0.999580 -0.028966 -0.000000
vn -0.999580 -0.028966 -0.000000
vn -0.999580 -0.028966 -0.000000
vn -0.999580 -0.028966 -0.000000
vn -0.999580 -0.028966 -0.000000
vn -0.999580 -0.028966 -0.000000
vn -0.999580 -0.028966 -0.000000
vn -0.999580 -0.028966 -0.000000
vn -0.999580 -0.028966 -0.000000
vn -0.999580 -0.028966 -0.000000
vn -0.999580 -0.028966 -0.000000
vn -0.999580 -0.028966 -0.000000
vn -0.999580 -0.028966 -0.000000
vn -0.999580 -0.028966 -0.000000
vn -0.999580 -0.028966 -0.000000
vn -0.999580 -0.028966 -0.000000
vn -0.999580 -0.028966 -0.000000
vn -0.999580 -0.028966 -0.000000
vn -0.999580 -0.028966 -0.000000
vn -0.999580 -0.028966 -0.000000
vn -0.999580 -0.028966 -0.000000
vn -0.999580 -0.028966 -0.000000
vn -0.999580 -0.028966 -0.000000
vn -0.999580 -0.028966 -0.000000
vn -0.666810 -0.711055 0.223081
vn -0.701744 -0.712429 0.000022
vn -0.701744 0.712429 -0.000011
vn -0.666810 0.711055 0.223081
vn -0.569337 -0.711325 0.412156
vn -0.569332 0.711318 0.412175
vn -0.434495 -0.709874 0.554341
vn -0.434493 0.709871 0.554347
vn -0.246467 -0.712881 0.656548
vn -0.246467 0.712881 0.656548
vn 0.000000 -0.712747 0.701421
vn 0.000000 0.712746 0.701422
vn 0.246467 -0.712879 0.656550
vn 0.246468 0.712881 0.656547
vn 0.434493 -0.709870 0.554347
vn 0.434494 0.709873 0.554343
vn 0.569336 -0.711323 0.412161
vn 0.569336 0.711323 0.412161
vn 0.666813 -0.711059 0.223060
vn 0.666810 0.711055 0.223081
vn 0.701744 -0.712429 0.000000
vn 0.701744 0.712429 0.000000
vn 0.675768 -0.709426 -0.200130
vn 0.675765 0.709423 -0.200151
vn 0.581581 -0.713447 -0.390841
vn 0.581583 0.713448 -0.390837
vn 0.386258 -0.714545 -0.583292
vn 0.386260 0.714547 -0.583289
vn 0.194399 -0.708901 -0.677989
vn 0.194400 0.708901 -0.677988
vn 0.000000 -0.712746 -0.701423
vn 0.000000 0.712747 -0.701422
vn -0.194400 -0.708901 -0.677988
vn -0.194400 0.708901 -0.677988
vn -0.386255 -0.714538 -0.583303
vn -0.386260 0.714547 -0.583289
vn -0.581583 -0.713448 -0.390837
vn -0.581585 0.713451 -0.390827
vn -0.675771 -0.709429 -0.200109
vn -0.675767 0.709425 -0.200140
vn 0.702714 0.711473 -0.000012
vn 0.668322 0.711475 -0.217139
vn 0.568509 0.711478 -0.413033
vn 0.413042 0.711475 -0.568507
vn 0.217152 0.711473 -0.668320
vn 0.000000 0.711474 -0.702713
vn -0.217152 0.711473 -0.668320
vn -0.413041 0.711473 -0.568510
vn -0.568505 0.711473 -0.413047
vn -0.668322 0.711475 -0.217140
vn -0.702714 0.711473 0.000000
vn -0.668324 0.711476 0.217129
vn -0.568505 0.711473 0.413047
vn -0.413044 0.711468 0.568514
vn -0.217151 0.711474 0.668319
vn 0.000000 0.711472 0.702714
vn 0.217151 0.711474 0.668319
vn 0.413044 0.711468 0.568514
vn 0.568502 0.711470 0.413056
vn 0.668322 0.711475 0.217138
vn 0.702714 -0.711473 0.000021
vn 0.668322 -0.711475 -0.217139
vn 0.568504 -0.711472 -0.413052
vn 0.413040 -0.711472 -0.568512
vn 0.217152 -0.711473 -0.668319
vn 0.000000 -0.711473 -0.702714
vn -0.217153 -0.711475 -0.668317
vn -0.413042 -0.711475 -0.568507
vn -0.568505 -0.711473 -0.413047
vn -0.668319 -0.711471 -0.217161
vn -0.702714 -0.711473 0.000000
vn -0.668321 -0.711473 0.217150
vn -0.568506 -0.711475 0.413043
vn -0.413045 -0.711470 0.568510
vn -0.217151 -0.711475 0.668318
vn 0.000000 -0.711473 0.702713
vn 0.217151 -0.711474 0.668319
vn 0.413049 -0.711477 0.568499
vn 0.568505 -0.711473 0.413047
vn 0.668318 -0.711470 0.217170
vn 0.148761 -0.987688 -0.048392
vn 0.126540 -0.987686 -0.091998
vn 0.249952 -0.951071 -0.181628
vn 0.293840 -0.951073 -0.095488
vn 0.091935 -0.987690 -0.126558
vn 0.181601 -0.951074 -0.249960
vn 0.048333 -0.987691 -0.148764
vn 0.095477 -0.951072 -0.293848
vn -0.000000 -0.987692 -0.156413
vn 0.000000 -0.951069 -0.308977
vn -0.048333 -0.987691 -0.148760
vn -0.095477 -0.951072 -0.293846
vn -0.091935 -0.987693 -0.126532
vn -0.181601 -0.951073 -0.249963
vn -0.126540 -0.987693 -0.091930
vn -0.249953 -0.951072 -0.181621
vn -0.148761 -0.987691 -0.048349
vn -0.293840 -0.951074 -0.095476
vn -0.156417 -0.987691 -0.000034
vn -0.308960 -0.951075 0.000028
vn -0.148758 -0.987692 0.048332
vn -0.293839 -0.951072 0.095505
vn -0.126545 -0.987691 0.091939
vn -0.249957 -0.951072 0.181614
vn -0.091940 -0.987694 0.126524
vn -0.181605 -0.951074 0.249957
vn -0.048333 -0.987691 0.148760
vn -0.095477 -0.951074 0.293842
vn -0.000000 -0.987690 0.156421
vn 0.000000 -0.951075 0.308962
vn 0.048334 -0.987693 0.148752
vn 0.095477 -0.951075 0.293839
vn 0.091940 -0.987693 0.126528
vn 0.181605 -0.951073 0.249961
vn 0.126545 -0.987693 0.091913
vn 0.249958 -0.951076 0.181594
vn 0.148758 -0.987692 0.048332
vn 0.293840 -0.951075 0.095469
vn 0.156417 -0.987691 0.000017
vn 0.308960 -0.951075 0.000017
vn 0.367240 -0.891033 -0.266822
vn 0.431718 -0.891033 -0.140287
vn 0.266820 -0.891035 -0.367239
vn 0.140271 -0.891033 -0.431722
vn -0.000000 -0.891035 -0.453934
vn -0.140271 -0.891036 -0.431715
vn -0.266820 -0.891034 -0.367240
vn -0.367242 -0.891036 -0.266811
vn -0.431718 -0.891035 -0.140270
vn -0.453938 -0.891033 0.000010
vn -0.431717 -0.891033 0.140287
vn -0.367241 -0.891035 0.266817
vn -0.266823 -0.891032 0.367243
vn -0.140271 -0.891034 0.431720
vn 0.000000 -0.891038 0.453929
vn 0.140271 -0.891037 0.431715
vn 0.266823 -0.891032 0.367243
vn 0.367241 -0.891034 0.266819
vn 0.431718 -0.891034 0.140277
vn 0.453938 -0.891033 -0.000000
vn 0.475485 -0.809054 -0.345464
vn 0.558968 -0.809054 -0.181622
vn 0.345464 -0.809056 -0.475481
vn 0.181615 -0.809060 -0.558962
vn -0.000000 -0.809058 -0.587730
vn -0.181615 -0.809061 -0.558961
vn -0.345466 -0.809059 -0.475476
vn -0.475487 -0.809057 -0.345455
vn -0.558968 -0.809054 -0.181623
vn -0.587739 -0.809051 -0.000003
vn -0.558968 -0.809055 0.181616
vn -0.475487 -0.809057 0.345456
vn -0.345466 -0.809056 0.475481
vn -0.181618 -0.809058 0.558964
vn 0.000000 -0.809057 0.587730
vn 0.181618 -0.809060 0.558961
vn 0.345466 -0.809057 0.475478
vn 0.475486 -0.809056 0.345458
vn 0.558968 -0.809055 0.181619
vn 0.587739 -0.809051 -0.000003
vn 0.572019 -0.707158 -0.415598
vn 0.672450 -0.707159 -0.218490
vn 0.415596 -0.707161 -0.572016
vn 0.218491 -0.707162 -0.672446
vn 0.000000 -0.707156 -0.707058
vn -0.218490 -0.707159 -0.672450
vn -0.415598 -0.707164 -0.572012
vn -0.572021 -0.707161 -0.415591
vn -0.672450 -0.707159 -0.218489
vn -0.707057 -0.707157 -0.000001
vn -0.672450 -0.707159 0.218487
vn -0.572016 -0.707161 0.415596
vn -0.415596 -0.707162 0.572015
vn -0.218497 -0.707161 0.672445
vn 0.000000 -0.707160 0.707054
vn 0.218496 -0.707162 0.672445
vn 0.415594 -0.707159 0.572020
vn 0.572015 -0.707159 0.415602
vn 0.672451 -0.707159 0.218485
vn 0.707057 -0.707156 -0.000006
vn 0.654475 -0.587848 -0.475497
vn 0.769381 -0.587843 -0.249986
vn 0.475507 -0.587847 -0.654469
vn 0.249985 -0.587845 -0.769380
vn -0.000000 -0.587849 -0.808971
vn -0.249986 -0.587846 -0.769379
vn -0.475505 -0.587845 -0.654472
vn -0.654471 -0.587844 -0.475508
vn -0.769380 -0.587842 -0.249992
vn -0.808976 -0.587842 0.000000
vn -0.769381 -0.587843 0.249988
vn -0.654470 -0.587845 0.475507
vn -0.475507 -0.587843 0.654472
vn -0.249994 -0.587841 0.769380
vn 0.000001 -0.587845 0.808974
vn 0.249992 -0.587840 0.769381
vn 0.475500 -0.587834 0.654485
vn 0.654467 -0.587842 0.475515
vn 0.769382 -0.587843 0.249984
vn 0.808976 -0.587842 -0.000003
vn 0.720813 -0.454053 -0.523702
vn 0.847369 -0.454049 -0.275328
vn 0.523709 -0.454052 -0.720810
vn 0.275326 -0.454052 -0.847368
vn -0.000000 -0.454054 -0.890974
vn -0.275324 -0.454051 -0.847369
vn -0.523706 -0.454048 -0.720813
vn -0.720812 -0.454052 -0.523705
vn -0.847368 -0.454048 -0.275333
vn -0.890978 -0.454047 -0.000003
vn -0.847368 -0.454050 0.275328
vn -0.720813 -0.454051 0.523704
vn -0.523704 -0.454048 0.720815
vn -0.275331 -0.454044 0.847371
vn 0.000000 -0.454046 0.890978
vn 0.275329 -0.454045 0.847371
vn 0.523703 -0.454046 0.720818
vn 0.720812 -0.454050 0.523707
vn 0.847368 -0.454050 0.275330
vn 0.890978 -0.454047 0.000001
vn 0.769407 -0.309060 -0.559012
vn 0.904496 -0.309060 -0.293886
vn 0.559006 -0.309061 -0.769412
vn 0.293889 -0.309063 -0.904494
vn -0.000001 -0.309065 -0.951041
vn -0.293888 -0.309063 -0.904495
vn -0.559006 -0.309060 -0.769411
vn -0.769407 -0.309060 -0.559013
vn -0.904494 -0.309060 -0.293892
vn -0.951042 -0.309061 -0.000003
vn -0.904496 -0.309061 0.293886
vn -0.769408 -0.309062 0.559010
vn -0.559001 -0.309065 0.769413
vn -0.293881 -0.309063 0.904497
vn -0.000000 -0.309058 0.951043
vn 0.293882 -0.309062 0.904497
vn 0.559007 -0.309068 0.769408
vn 0.769410 -0.309064 0.559006
vn 0.904495 -0.309061 0.293888
vn 0.951042 -0.309061 -0.000001
vn 0.799054 -0.156455 -0.580547
vn 0.939345 -0.156457 -0.305209
vn 0.580548 -0.156452 -0.799054
vn 0.305215 -0.156453 -0.939343
vn -0.000000 -0.156457 -0.987685
vn -0.305211 -0.156452 -0.939345
vn -0.580545 -0.156451 -0.799056
vn -0.799053 -0.156455 -0.580548
vn -0.939344 -0.156456 -0.305212
vn -0.987685 -0.156458 -0.000001
vn -0.939345 -0.156456 0.305210
vn -0.799055 -0.156455 0.580546
vn -0.580543 -0.156455 0.799057
vn -0.305204 -0.156459 0.939346
vn 0.000000 -0.156463 0.987684
vn 0.305203 -0.156460 0.939346
vn 0.580543 -0.156456 0.799057
vn 0.799054 -0.156455 0.580547
vn 0.939344 -0.156455 0.305212
vn 0.987685 -0.156457 0.000000
vn 0.809016 -0.000000 -0.587787
vn 0.951057 0.000000 -0.309016
vn 0.587788 -0.000001 -0.809015
vn 0.309019 -0.000000 -0.951056
vn -0.000000 0.000001 -1.000000
vn -0.309017 0.000001 -0.951056
vn -0.587788 0.000000 -0.809015
vn -0.809018 -0.000000 -0.587784
vn -0.951057 -0.000000 -0.309016
vn -1.000000 -0.000000 0.000000
vn -0.951057 0.000000 0.309016
vn -0.809021 0.000000 0.587780
vn -0.587792 0.000000 0.809012
vn -0.309016 -0.000000 0.951057
vn 0.000000 -0.000001 1.000000
vn 0.309014 0.000000 0.951058
vn 0.587790 0.000001 0.809014
vn 0.809018 0.000000 0.587784
vn 0.951055 0.000000 0.309022
vn 1.000000 -0.000000 0.000001
vn 0.799055 0.156456 -0.580546
vn 0.939345 0.156457 -0.305208
vn 0.580544 0.156452 -0.799056
vn 0.305212 0.156452 -0.939345
vn 0.000001 0.156454 -0.987685
vn -0.305213 0.156451 -0.939345
vn -0.580546 0.156452 -0.799055
vn -0.799052 0.156454 -0.580550
vn -0.939344 0.156457 -0.305212
vn -0.987685 0.156458 -0.000001
vn -0.939346 0.156456 0.305206
vn -0.799057 0.156455 0.580542
vn -0.580546 0.156455 0.799054
vn -0.305205 0.156459 0.939346
vn 0.000000 0.156461 0.987684
vn 0.305208 0.156460 0.939345
vn 0.580547 0.156456 0.799053
vn 0.799055 0.156455 0.580545
vn 0.939345 0.156456 0.305209
vn 0.987685 0.156457 0.000000
vn 0.769410 0.309061 -0.559007
vn 0.904496 0.309060 -0.293886
vn 0.559007 0.309059 -0.769411
vn 0.293884 0.309059 -0.904497
vn 0.000001 0.309062 -0.951042
vn -0.293887 0.309060 -0.904496
vn -0.559007 0.309060 -0.769411
vn -0.769409 0.309061 -0.559009
vn -0.904496 0.309060 -0.293886
vn -0.951042 0.309061 -0.000001
vn -0.904495 0.309060 0.293890
vn -0.769408 0.309062 0.559010
vn -0.559004 0.309067 0.769411
vn -0.293882 0.309065 0.904495
vn -0.000001 0.309060 0.951043
vn 0.293881 0.309062 0.904497
vn 0.559002 0.309065 0.769412
vn 0.769409 0.309062 0.559009
vn 0.904496 0.309061 0.293886
vn 0.951042 0.309061 0.000000
vn 0.720811 0.454051 -0.523707
vn 0.847368 0.454048 -0.275330
vn 0.523704 0.454047 -0.720815
vn 0.275321 0.454045 -0.847373
vn -0.000001 0.454047 -0.890978
vn -0.275325 0.454051 -0.847369
vn -0.523708 0.454050 -0.720811
vn -0.720814 0.454053 -0.523701
vn -0.847369 0.454049 -0.275327
vn -0.890978 0.454047 0.000001
vn -0.847367 0.454050 0.275331
vn -0.720810 0.454049 0.523709
vn -0.523702 0.454045 0.720819
vn -0.275330 0.454043 0.847371
vn 0.000000 0.454046 0.890978
vn 0.275329 0.454045 0.847371
vn 0.523705 0.454048 0.720815
vn 0.720813 0.454051 0.523704
vn 0.847368 0.454050 0.275331
vn 0.890978 0.454047 0.000001
vn 0.654471 0.587844 -0.475506
vn 0.769380 0.587843 -0.249990
vn 0.475504 0.587845 -0.654472
vn 0.249986 0.587844 -0.769381
vn -0.000000 0.587844 -0.808975
vn -0.249987 0.587847 -0.769378
vn -0.475505 0.587845 -0.654472
vn -0.654473 0.587845 -0.475503
vn -0.769381 0.587843 -0.249986
vn -0.808976 0.587842 -0.000003
vn -0.769382 0.587844 0.249983
vn -0.654470 0.587845 0.475507
vn -0.475503 0.587839 0.654479
vn -0.249993 0.587839 0.769382
vn 0.000001 0.587843 0.808975
vn 0.249995 0.587844 0.769377
vn 0.475509 0.587846 0.654468
vn 0.654472 0.587846 0.475504
vn 0.769381 0.587843 0.249988
vn 0.808976 0.587842 -0.000003
vn 0.572019 0.707158 -0.415598
vn 0.672449 0.707157 -0.218498
vn 0.415596 0.707160 -0.572018
vn 0.218491 0.707161 -0.672447
vn 0.000000 0.707156 -0.707057
vn -0.218490 0.707157 -0.672452
vn -0.415596 0.707160 -0.572018
vn -0.572020 0.707160 -0.415594
vn -0.672450 0.707159 -0.218490
vn -0.707057 0.707156 0.000000
vn -0.672450 0.707159 0.218491
vn -0.572016 0.707161 0.415597
vn -0.415595 0.707160 0.572019
vn -0.218495 0.707156 0.672451
vn -0.000000 0.707152 0.707061
vn 0.218496 0.707158 0.672449
vn 0.415597 0.707162 0.572014
vn 0.572017 0.707162 0.415595
vn 0.672450 0.707159 0.218490
vn 0.707057 0.707156 -0.000006
vn 0.475486 0.809055 -0.345462
vn 0.558967 0.809053 -0.181632
vn 0.345464 0.809054 -0.475486
vn 0.181614 0.809056 -0.558967
vn 0.000000 0.809055 -0.587734
vn -0.181614 0.809055 -0.558970
vn -0.345465 0.809056 -0.475482
vn -0.475486 0.809056 -0.345459
vn -0.558968 0.809054 -0.181622
vn -0.587739 0.809051 -0.000001
vn -0.558967 0.809054 0.181625
vn -0.475485 0.809054 0.345464
vn -0.345465 0.809054 0.475485
vn -0.181616 0.809052 0.558972
vn 0.000000 0.809053 0.587736
vn 0.181616 0.809053 0.558971
vn 0.345464 0.809052 0.475489
vn 0.475487 0.809057 0.345456
vn 0.558968 0.809055 0.181618
vn 0.587739 0.809051 -0.000007
vn 0.367241 0.891033 -0.266822
vn 0.431718 0.891034 -0.140280
vn 0.266819 0.891032 -0.367247
vn 0.140271 0.891033 -0.431723
vn -0.000000 0.891031 -0.453943
vn -0.140271 0.891035 -0.431718
vn -0.266821 0.891037 -0.367232
vn -0.367241 0.891034 -0.266817
vn -0.431719 0.891035 -0.140271
vn -0.453938 0.891033 -0.000004
vn -0.431719 0.891036 0.140266
vn -0.367241 0.891034 0.266817
vn -0.266824 0.891034 0.367238
vn -0.140271 0.891036 0.431717
vn -0.000000 0.891034 0.453937
vn 0.140271 0.891032 0.431725
vn 0.266822 0.891030 0.367248
vn 0.367242 0.891035 0.266813
vn 0.431719 0.891035 0.140268
vn 0.453938 0.891033 -0.000004
vn 0.249952 0.951072 -0.181619
vn 0.293839 0.951073 -0.095495
vn 0.181600 0.951070 -0.249974
vn 0.095477 0.951069 -0.293856
vn -0.000000 0.951072 -0.308970
vn -0.095477 0.951073 -0.293846
vn -0.181602 0.951075 -0.249953
vn -0.249953 0.951075 -0.181606
vn -0.293840 0.951074 -0.095481
vn -0.308960 0.951075 0.000000
vn -0.293840 0.951075 0.095467
vn -0.249958 0.951075 0.181597
vn -0.181605 0.951073 0.249961
vn -0.095477 0.951074 0.293841
vn -0.000000 0.951074 0.308963
vn 0.095477 0.951072 0.293848
vn 0.181605 0.951074 0.249957
vn 0.249957 0.951074 0.181606
vn 0.293840 0.951073 0.095489
vn 0.308960 0.951075 0.000000
vn 0.126540 0.987687 -0.091990
vn 0.148761 0.987690 -0.048358
vn 0.091935 0.987692 -0.126541
vn 0.048333 0.987692 -0.148760
vn -0.000000 0.987690 -0.156425
vn -0.048333 0.987691 -0.148764
vn -0.091935 0.987691 -0.126545
vn -0.126540 0.987690 -0.091956
vn -0.148762 0.987692 -0.048323
vn -0.156417 0.987691 0.000000
vn -0.148758 0.987691 0.048340
vn -0.126544 0.987688 0.091973
vn -0.091939 0.987689 0.126558
vn -0.048333 0.987689 0.148777
vn 0.000000 0.987690 0.156425
vn 0.048333 0.987691 0.148764
vn 0.091940 0.987692 0.126537
vn 0.126545 0.987690 0.091956
vn 0.148758 0.987692 0.048332
vn 0.156417 0.987691 0.000000
vn -0.000000 -1.000000 -0.000018
vn 0.000000 1.000000 0.000005
vn -0.999806 0.019683 0.000000
vn -0.999806 0.019683 0.000000
vn -0.999806 0.019683 0.000000
vn -0.999806 0.019683 0.000000
vn 0.000000 -0.002074 -0.999998
vn 0.000000 -0.002074 -0.999998
vn 0.000000 -0.002074 -0.999998
vn 0.000000 -0.002074 -0.999998
vn 0.999806 0.019683 0.000000
vn 0.999806 0.019683 0.000000
vn 0.999806 0.019683 0.000000
vn 0.999806 0.019683 0.000000
vn 0.000000 -0.002070 0.999998
vn 0.000000 -0.002070 0.999998
vn 0.000000 -0.002070 0.999998
vn 0.000000 -0.002070 0.999998
vn -0.484709 0.874675 0.000000
vn -0.484709 0.874675 0.000000
vn -0.484709 0.874675 0.000000
vn -0.484709 0.874675 0.000000
vn 0.000000 0.799922 -0.600104
vn 0.000000 0.799922 -0.600104
vn 0.000000 0.799922 -0.600104
vn 0.000000 0.799922 -0.600104
vn 0.484710 0.874675 0.000000
vn 0.484710 0.874675 0.000000
vn 0.484710 0.874675 0.000000
vn 0.484710 0.874675 0.000000
vn 0.000000 0.799922 0.600103
vn 0.000000 0.799922 0.600103
vn 0.000000 0.799922 0.600103
vn 0.000000 0.799922 0.600103
vn 0.000000 1.000000 0.000000
vn 0.000000 1.000000 0.000000
vn 0.000000 1.000000 0.000000
vn 0.000000 1.000000 0.000000
vn 0.000000 1.000000 0.000000
vn 0.000000 1.000000 0.000000
vn 0.000000 1.000000 0.000000
vn 0.000000 1.000000 0.000000
vn 0.000000 1.000000 0.000001
vn 0.000000 1.000000 0.000001
vn 0.000000 1.000000 0.000001
vn 0.000000 1.000000 0.000001
vn 0.000000 1.000000 -0.000001
vn 0.000000 1.000000 -0.000001
vn 0.000000 1.000000 -0.000001
vn 0.000000 1.000000 -0.000001
vn 0.032109 0.999484 0.000000
vn 0.032109 0.999484 0.000000
vn 0.032109 0.999484 0.000000
vn 0.032109 0.999484 0.000000
vn -0.032109 0.999484 0.000000
vn -0.032109 0.999484 0.000000
vn -0.032109 0.999484 0.000000
vn -0.032109 0.999484 0.000000
vn 0.000000 0.996648 0.081814
vn 0.000000 0.996648 0.081814
vn 0.000000 0.996648 0.081814
vn 0.000000 0.996648 0.081814
vn 0.000000 0.996648 -0.081814
vn 0.000000 0.996648 -0.081814
vn 0.000000 0.996648 -0.081814
vn 0.000000 0.996648 -0.081814
vn 0.117021 0.993129 0.000000
vn 0.117021 0.993129 0.000000
vn 0.117021 0.993129 0.000000
vn 0.117021 0.993129 0.000000
vn -0.117021 0.993129 0.000000
vn -0.117021 0.993129 0.000000
vn -0.117021 0.993129 0.000000
vn -0.117021 0.993129 0.000000
vn 0.000000 0.994742 0.102414
vn 0.000000 0.994742 0.102414
vn 0.000000 0.994742 0.102414
vn 0.000000 0.994742 0.102414
vn 0.000000 0.994742 -0.102414
vn 0.000000 0.994742 -0.102414
vn 0.000000 0.994742 -0.102414
vn 0.000000 0.994742 -0.102414
vn 0.049690 0.998765 0.000000
vn 0.049690 0.998765 0.000000
vn 0.049690 0.998765 0.000000
vn 0.049690 0.998765 0.000000
vn -0.049690 0.998765 0.000000
vn -0.049690 0.998765 0.000000
vn -0.049690 0.998765 0.000000
vn -0.049690 0.998765 0.000000
vn 0.000000 0.999043 0.043738
vn 0.000000 0.999043 0.043738
vn 0.000000 0.999043 0.043738
vn 0.000000 0.999043 0.043738
vn 0.000000 0.999043 -0.043738
vn 0.000000 0.999043 -0.043738
vn 0.000000 0.999043 -0.043738
vn 0.000000 0.999043 -0.043738
vn 0.046981 0.998896 0.000000
vn 0.046981 0.998896 0.000000
vn 0.046981 0.998896 0.000000
vn 0.046981 0.998896 0.000000
vn -0.046981 0.998896 0.000000
vn -0.046981 0.998896 0.000000
vn -0.046981 0.998896 0.000000
vn -0.046981 0.998896 0.000000
vn 0.000000 0.999347 0.036138
vn 0.000000 0.999347 0.036138
vn 0.000000 0.999347 0.036138
vn 0.000000 0.999347 0.036138
vn 0.000000 0.999347 -0.036137
vn 0.000000 0.999347 -0.036137
vn 0.000000 0.999347 -0.036137
vn 0.000000 0.999347 -0.036137
vn 0.075711 0.997130 0.000000
vn 0.075711 0.997130 0.000000
vn 0.075711 0.997130 0.000000
vn 0.075711 0.997130 0.000000
vn 0.064778 -0.997900 0.000000
vn 0.064778 -0.997900 0.000000
vn 0.064778 -0.997900 0.000000
vn 0.064778 -0.997900 0.000000
vn -0.064778 -0.997900 0.000000
vn -0.064778 -0.997900 0.000000
vn -0.064778 -0.997900 0.000000
vn -0.064778 -0.997900 0.000000
vn -0.075711 0.997130 0.000000
vn -0.075711 0.997130 0.000000
vn -0.075711 0.997130 0.000000
vn -0.075711 0.997130 0.000000
vn 0.000000 -0.997951 0.063988
vn 0.000000 -0.997951 0.063988
vn 0.000000 -0.997951 0.063988
vn 0.000000 -0.997951 0.063988
vn 0.000000 0.995161 0.098258
vn 0.000000 0.995161 0.098258
vn 0.000000 0.995161 0.098258
vn 0.000000 0.995161 0.098258
vn 0.000000 0.995161 -0.098258
vn 0.000000 0.995161 -0.098258
vn 0.000000 0.995161 -0.098258
vn 0.000000 0.995161 -0.098258
vn 0.000000 -0.997951 -0.063987
vn 0.000000 -0.997951 -0.063987
vn 0.000000 -0.997951 -0.063987
vn 0.000000 -0.997951 -0.063987
vn 0.064779 0.997900 0.000000
vn 0.064779 0.997900 0.000000
vn 0.064779 0.997900 0.000000
vn 0.064779 0.997900 0.000000
vn 0.064771 -0.997900 -0.000000
vn 0.064771 -0.997900 -0.000000
vn 0.064771 -0.997900 -0.000000
vn 0.064771 -0.997900 -0.000000
vn -0.064770 -0.997900 -0.000000
vn -0.064770 -0.997900 -0.000000
vn -0.064770 -0.997900 -0.000000
vn -0.064770 -0.997900 -0.000000
vn -0.064779 0.997900 0.000000
vn -0.064779 0.997900 0.000000
vn -0.064779 0.997900 0.000000
vn -0.064779 0.997900 0.000000
vn 0.000000 -0.996808 0.079831
vn 0.000000 -0.996808 0.079831
vn 0.000000 -0.996808 0.079831
vn 0.000000 -0.996808 0.079831
vn 0.000000 0.996808 0.079841
vn 0.000000 0.996808 0.079841
vn 0.000000 0.996808 0.079841
vn 0.000000 0.996808 0.079841
vn 0.000000 0.996808 -0.079841
vn 0.000000 0.996808 -0.079841
vn 0.000000 0.996808 -0.079841
vn 0.000000 0.996808 -0.079841
vn 0.000000 -0.996809 -0.079829
vn 0.000000 -0.996809 -0.079829
vn 0.000000 -0.996809 -0.079829
vn 0.000000 -0.996809 -0.079829
vn -1.000000 0.000000 0.000000
vn -1.000000 0.000000 0.000000
vn -1.000000 0.000000 0.000000
vn -1.000000 0.000000 0.000000
vn -1.000000 0.000000 0.000000
vn -1.000000 0.000000 0.000000
vn -1.000000 0.000000 0.000000
vn -1.000000 0.000000 0.000000
vn -1.000000 0.000000 0.000000
vn -1.000000 0.000000 0.000000
vn -1.000000 0.000000 0.000000
vn -1.000000 0.000000 0.000000
vn -1.000000 0.000000 0.000000
vn -1.000000 0.000000 0.000000
vn -1.000000 0.000000 0.000000
vn -1.000000 0.000000 0.000000
vn -1.000000 0.000000 0.000000
vn -1.000000 0.000000 0.000000
vn -1.000000 0.000000 0.000000
vn -1.000000 0.000000 0.000000
vn -1.000000 0.000000 0.000000
vn -1.000000 0.000000 0.000000
vn -1.000000 0.000000 0.000000
vn -1.000000 0.000000 0.000000
vn -1.000000 0.000000 0.000000
vn -1.000000 0.000000 0.000000
vn -1.000000 0.000000 0.000000
vn -1.000000 0.000000 0.000000
vn -1.000000 0.000000 0.000000
vn -1.000000 0.000000 0.000000
vn -1.000000 0.000000 0.000000
vn -1.000000 0.000000 0.000000
vn -1.000000 0.000000 0.000000
vn -1.000000 0.000000 0.000000
vn -1.000000 0.000000 0.000000
vn -1.000000 0.000000 0.000000
vn 1.000000 0.000000 0.000000
vn 1.000000 0.000000 0.000000
vn 1.000000 0.000000 0.000000
vn 1.000000 0.000000 0.000000
vn 1.000000 0.000000 0.000000
vn 1.000000 0.000000 0.000000
vn 1.000000 0.000000 0.000000
vn 1.000000 0.000000 0.000000
vn 1.000000 0.000000 0.000000
vn 1.000000 0.000000 0.000000
vn 1.000000 0.000000 0.000000
vn 1.000000 0.000000 0.000000
vn 1.000000 0.000000 0.000000
vn 1.000000 0.000000 0.000000
vn 1.000000 0.000000 0.000000
vn 1.000000 0.000000 0.000000
vn 1.000000 0.000000 0.000000
vn 1.000000 0.000000 0.000000
vn 1.000000 0.000000 0.000000
vn 1.000000 0.000000 0.000000
vn 1.000000 0.000000 0.000000
vn 1.000000 0.000000 0.000000
vn 1.000000 0.000000 0.000000
vn 1.000000 0.000000 0.000000
vn 1.000000 0.000000 0.000000
vn 1.000000 0.000000 0.000000
vn 1.000000 0.000000 0.000000
vn 1.000000 0.000000 0.000000
vn 1.000000 0.000000 0.000000
vn 1.000000 0.000000 0.000000
vn 1.000000 0.000000 0.000000
vn 1.000000 0.000000 0.000000
vn 1.000000 0.000000 0.000000
vn 1.000000 0.000000 0.000000
vn 1.000000 0.000000 0.000000
vn 1.000000 0.000000 0.000000
vn 0.000000 0.000000 -1.000000
vn 0.000000 0.000000 -1.000000
vn 0.000000 0.000000 -1.000000
vn 0.000000 0.000000 -1.000000
vn 0.000000 0.000000 -1.000000
vn 0.000000 0.000000 -1.000000
vn 0.000000 0.000000 -1.000000
vn 0.000000 0.000000 -1.000000
vn 0.000000 0.000000 -1.000000
vn 0.000000 0.000000 -1.000000
vn 0.000000 0.000000 -1.000000
vn 0.000000 0.000000 -1.000000
vn 0.000000 0.000000 -1.000000
vn 0.000000 0.000000 -1.000000
vn 0.000000 0.000000 -1.000000
vn 0.000000 0.000000 -1.000000
vn 0.000000 0.000000 -1.000000
vn 0.000000 0.000000 -1.000000
vn 0.000000 0.000000 -1.000000
vn 0.000000 0.000000 -1.000000
vn 0.000000 0.000000 -1.000000
vn 0.000000 0.000000 -1.000000
vn 0.000000 0.000000 -1.000000
vn 0.000000 0.000000 -1.000000
vn 0.000000 0.000000 -1.000000
vn 0.000000 0.000000 -1.000000
vn 0.000000 0.000000 -1.000000
vn 0.000000 0.000000 -1.000000
vn 0.000000 0.000000 -1.000000
vn 0.000000 0.000000 -1.000000
vn 0.000000 0.000000 -1.000000
vn 0.000000 0.000000 -1.000000
vn 0.000000 0.000000 -1.000000
vn 0.000000 0.000000 -1.000000
vn 0.000000 0.000000 -1.000000
vn 0.000000 0.000000 -1.000000
vn 0.000000 1.000000 0.000000
vn 0.000000 1.000000 0.000000
vn 0.000000 1.000000 0.000000
vn 0.000000 1.000000 0.000000
vn 0.000000 1.000000 0.000000
vn 0.000000 1.000000 0.000000
vn 0.000000 1.000000 0.000000
vn 0.000000 1.000000 0.000000
vn 0.000000 1.000000 0.000000
vn 0.000000 1.000000 0.000000
vn 0.000000 1.000000 0.000000
vn 0.000000 1.000000 0.000000
vn 0.000000 1.000000 0.000000
vn 0.000000 1.000000 0.000000
vn 0.000000 1.000000 0.000000
vn 0.000000 1.000000 0.000000
vn 0.000000 1.000000 0.000000
vn 0.000000 1.000000 0.000000
vn 0.000000 1.000000 0.000000
vn 0.000000 1.000000 0.000000
vn 0.000000 0.000000 1.000000
vn 0.000000 0.000000 1.000000
vn 0.000000 0.000000 1.000000
vn 0.000000 0.000000 1.000000
vn 0.000000 0.000000 1.000000
vn 0.000000 0.000000 1.000000
vn 0.000000 0.000000 1.000000
vn 0.000000 0.000000 1.000000
vn 0.000000 0.000000 1.000000
vn 0.000000 0.000000 1.000000
vn 0.000000 0.000000 1.000000
vn 0.000000 0.000000 1.000000
vn 0.000000 0.000000 1.000000
vn 0.000000 0.000000 1.000000
vn 0.000000 0.000000 1.000000
vn 0.000000 0.000000 1.000000
vn 0.000000 0.000000 1.000000
vn 0.000000 0.000000 1.000000
vn 0.000000 0.000000 1.000000
vn 0.000000 0.000000 1.000000
vn 0.000000 0.000000 1.000000
vn 0.000000 0.000000 1.000000
vn 0.000000 0.000000 1.000000
vn 0.000000 0.000000 1.000000
vn 0.000000 0.000000 1.000000
vn 0.000000 0.000000 1.000000
vn 0.000000 0.000000 1.000000
vn 0.000000 0.000000 1.000000
vn 0.000000 0.000000 1.000000
vn 0.000000 0.000000 1.000000
vn 0.000000 0.000000 1.000000
vn 0.000000 0.000000 1.000000
vn 0.000000 0.000000 1.000000
vn 0.000000 0.000000 1.000000
vn 0.000000 0.000000 1.000000
vn 0.000000 0.000000 1.000000
vn 0.000000 -1.000000 0.000000
vn 0.000000 -1.000000 0.000000
vn 0.000000 -1.000000 0.000000
vn 0.000000 -1.000000 0.000000
vn -0.993536 0.113515 0.000000
vn -0.993536 0.113515 0.000000
vn -0.993536 0.113515 0.000000
vn -0.993536 0.113515 0.000000
vn 0.993536 0.113515 0.000000
vn 0.993536 0.113515 0.000000
vn 0.993536 0.113515 0.000000
vn 0.993536 0.113515 0.000000
vn 0.000000 0.116876 -0.993147
vn 0.000000 0.116876 -0.993147
vn 0.000000 0.116876 -0.993147
vn 0.000000 0.116876 -0.993147
vn 0.000000 1.000000 0.000000
vn 0.000000 1.000000 0.000000
vn 0.000000 1.000000 0.000000
vn 0.000000 1.000000 0.000000
vn 0.000000 0.116886 0.993145
vn 0.000000 0.116886 0.993145
vn 0.000000 0.116886 0.993145
vn 0.000000 0.116886 0.993145
vn -0.993536 0.113516 0.000000
vn -0.993536 0.113516 0.000000
vn -0.993536 0.113516 0.000000
vn -0.993536 0.113516 0.000000
vn 0.993536 0.113516 0.000000
vn 0.993536 0.113516 0.000000
vn 0.993536 0.113516 0.000000
vn 0.993536 0.113516 0.000000
vn 0.000000 0.116876 -0.993147
vn 0.000000 0.116876 -0.993147
vn 0.000000 0.116876 -0.993147
vn 0.000000 0.116876 -0.993147
vn 0.000000 1.000000 0.000000
vn 0.000000 1.000000 0.000000
vn 0.000000 1.000000 0.000000
vn 0.000000 1.000000 0.000000
vn 0.000000 0.116874 0.993147
vn 0.000000 0.116874 0.993147
vn 0.000000 0.116874 0.993147
vn 0.000000 0.116874 0.993147
vn -0.993536 0.113515 0.000000
vn -0.993536 0.113515 0.000000
vn -0.993536 0.113515 0.000000
vn -0.993536 0.113515 0.000000
vn 0.993536 0.113515 0.000000
vn 0.993536 0.113515 0.000000
vn 0.993536 0.113515 0.000000
vn 0.993536 0.113515 0.000000
vn 0.000000 0.116875 -0.993147
vn 0.000000 0.116875 -0.993147
vn 0.000000 0.116875 -0.993147
vn 0.000000 0.116875 -0.993147
vn 0.000000 1.000000 0.000000
vn 0.000000 1.000000 0.000000
vn 0.000000 1.000000 0.000000
vn 0.000000 1.000000 0.000000
vn 0.000000 0.116886 0.993145
vn 0.000000 0.116886 0.993145
vn 0.000000 0.116886 0.993145
vn 0.000000 0.116886 0.993145
vn -0.993536 0.113516 0.000000
vn -0.993536 0.113516 0.000000
vn -0.993536 0.113516 0.000000
vn -0.993536 0.113516 0.000000
vn 0.993536 0.113516 0.000000
vn 0.993536 0.113516 0.000000
vn 0.993536 0.113516 0.000000
vn 0.993536 0.113516 0.000000
vn 0.000000 0.116875 -0.993147
vn 0.000000 0.116875 -0.993147
vn 0.000000 0.116875 -0.993147
vn 0.000000 0.116875 -0.993147
vn 0.000000 1.000000 0.000000
vn 0.000000 1.000000 0.000000
vn 0.000000 1.000000 0.000000
vn 0.000000 1.000000 0.000000
vn 0.000000 0.116874 0.993147
vn 0.000000 0.116874 0.993147
vn 0.000000 0.116874 0.993147
vn 0.000000 0.116874 0.993147
vn 0.934131 0.356932 0.000000
vn 0.934131 0.356932 0.000000
vn 0.934131 0.356932 0.000000
vn 0.934131 0.356932 0.000000
vn 0.000000 0.329512 -0.944151
vn 0.000000 0.329512 -0.944151
vn 0.000000 0.329512 -0.944151
vn 0.000000 0.329512 -0.944151
vn -0.934131 0.356932 0.000000
vn -0.934131 0.356932 0.000000
vn -0.934131 0.356932 0.000000
vn -0.934131 0.356932 0.000000
vn 0.000000 0.329507 0.944153
vn 0.000000 0.329507 0.944153
vn 0.000000 0.329507 0.944153
vn 0.000000 0.329507 0.944153
vn 0.914014 0.405682 0.000000
vn 0.914014 0.405682 0.000000
vn 0.914014 0.405682 0.000000
vn 0.914014 0.405682 0.000000
vn 0.000000 0.411407 -0.911452
vn 0.000000 0.411407 -0.911452
vn 0.000000 0.411407 -0.911452
vn 0.000000 0.411407 -0.911452
vn -0.914015 0.405682 0.000000
vn -0.914015 0.405682 0.000000
vn -0.914015 0.405682 0.000000
vn -0.914015 0.405682 0.000000
vn 0.000000 0.411404 0.911453
vn 0.000000 0.411404 0.911453
vn 0.000000 0.411404 0.911453
vn 0.000000 0.411404 0.911453
vn -0.659899 -0.712692 0.237914
vn -0.702988 -0.711083 0.012993
vn -0.702988 0.711083 0.012993
vn -0.659895 0.712689 0.237935
vn -0.549789 -0.711054 0.438331
vn -0.549790 0.711056 0.438327
vn -0.421117 -0.709174 0.565450
vn -0.421125 0.709186 0.565429
vn -0.271371 -0.710383 0.649395
vn -0.271374 0.710391 0.649385
vn 0.000000 -0.719059 0.694949
vn 0.000000 0.719062 0.694946
vn 0.271482 -0.710389 0.649342
vn 0.271486 0.710399 0.649330
vn 0.421223 -0.709168 0.565378
vn 0.421224 0.709170 0.565374
vn 0.549790 -0.711056 0.438327
vn 0.549790 0.711056 0.438327
vn 0.659831 -0.712668 0.238176
vn 0.659831 0.712668 0.238176
vn 0.702950 -0.711120 0.013050
vn 0.702950 0.711120 0.013050
vn 0.662952 -0.713895 -0.225496
vn 0.662952 0.713895 -0.225496
vn 0.549789 -0.711054 -0.438331
vn 0.549790 0.711056 -0.438327
vn 0.421224 -0.709170 -0.565374
vn 0.421227 0.709175 -0.565367
vn 0.228263 -0.714194 -0.661682
vn 0.228265 0.714202 -0.661673
vn 0.000000 -0.710191 -0.704009
vn 0.000000 0.710192 -0.704008
vn -0.228150 -0.714183 -0.661733
vn -0.228152 0.714190 -0.661725
vn -0.421116 -0.709172 -0.565452
vn -0.421122 0.709181 -0.565436
vn -0.549787 -0.711053 -0.438336
vn -0.549785 0.711049 -0.438345
vn -0.663002 -0.713918 -0.225278
vn -0.662997 0.713912 -0.225310
vn 0.702713 0.711473 0.000010
vn 0.668324 0.711476 -0.217128
vn 0.568506 0.711473 -0.413046
vn 0.413038 0.711463 -0.568524
vn 0.217153 0.711466 -0.668327
vn 0.000000 0.711472 -0.702715
vn -0.217153 0.711468 -0.668325
vn -0.413044 0.711473 -0.568509
vn -0.568506 0.711473 -0.413046
vn -0.668321 0.711473 -0.217150
vn -0.702713 0.711473 0.000010
vn -0.668321 0.711473 0.217149
vn -0.568510 0.711473 0.413040
vn -0.413039 0.711469 0.568516
vn -0.217146 0.711468 0.668328
vn 0.000000 0.711474 0.702712
vn 0.217145 0.711467 0.668328
vn 0.413039 0.711469 0.568516
vn 0.568516 0.711479 0.413022
vn 0.668324 0.711476 0.217127
vn 0.702713 -0.711473 0.000010
vn 0.668321 -0.711473 -0.217149
vn 0.568507 -0.711475 -0.413041
vn 0.413046 -0.711476 -0.568503
vn 0.217156 -0.711474 -0.668317
vn 0.000000 -0.711475 -0.702711
vn -0.217156 -0.711477 -0.668314
vn -0.413045 -0.711475 -0.568505
vn -0.568506 -0.711473 -0.413046
vn -0.668321 -0.711473 -0.217150
vn -0.702713 -0.711473 0.000010
vn -0.668321 -0.711473 0.217149
vn -0.568512 -0.711475 0.413036
vn -0.413041 -0.711474 0.568509
vn -0.217148 -0.711475 0.668319
vn 0.000000 -0.711475 0.702712
vn 0.217147 -0.711474 0.668321
vn 0.413044 -0.711478 0.568501
vn 0.568513 -0.711476 0.413031
vn 0.668320 -0.711471 0.217159
vn 0.148765 -0.987690 -0.048351
vn 0.126545 -0.987689 -0.091957
vn 0.249956 -0.951075 -0.181602
vn 0.293843 -0.951073 -0.095481
vn 0.091943 -0.987688 -0.126564
vn 0.181607 -0.951072 -0.249963
vn 0.048340 -0.987687 -0.148785
vn 0.095481 -0.951070 -0.293853
vn -0.000000 -0.987686 -0.156448
vn 0.000000 -0.951071 -0.308973
vn -0.048341 -0.987691 -0.148762
vn -0.095482 -0.951079 -0.293823
vn -0.091944 -0.987689 -0.126556
vn -0.181607 -0.951075 -0.249951
vn -0.126546 -0.987695 -0.091893
vn -0.249955 -0.951072 -0.181615
vn -0.148765 -0.987691 -0.048333
vn -0.293843 -0.951074 -0.095474
vn -0.156422 -0.987690 -0.000000
vn -0.308963 -0.951074 -0.000000
vn -0.148766 -0.987690 0.048334
vn -0.293844 -0.951073 0.095474
vn -0.126548 -0.987699 0.091854
vn -0.249960 -0.951075 0.181593
vn -0.091940 -0.987690 0.126550
vn -0.181605 -0.951074 0.249956
vn -0.048337 -0.987685 0.148800
vn -0.095474 -0.951075 0.293840
vn 0.000000 -0.987689 0.156432
vn -0.000000 -0.951078 0.308952
vn 0.048337 -0.987689 0.148773
vn 0.095474 -0.951076 0.293837
vn 0.091940 -0.987687 0.126578
vn 0.181604 -0.951069 0.249975
vn 0.126546 -0.987689 0.091964
vn 0.249959 -0.951070 0.181620
vn 0.148766 -0.987688 0.048389
vn 0.293845 -0.951074 0.095463
vn 0.156422 -0.987690 0.000036
vn 0.308963 -0.951074 -0.000019
vn 0.367233 -0.891041 -0.266807
vn 0.431710 -0.891042 -0.140248
vn 0.266813 -0.891043 -0.367223
vn 0.140276 -0.891042 -0.431702
vn 0.000001 -0.891035 -0.453935
vn -0.140275 -0.891032 -0.431724
vn -0.266812 -0.891038 -0.367235
vn -0.367232 -0.891036 -0.266824
vn -0.431709 -0.891039 -0.140272
vn -0.453925 -0.891040 -0.000000
vn -0.431711 -0.891039 0.140266
vn -0.367234 -0.891035 0.266824
vn -0.266815 -0.891041 0.367226
vn -0.140275 -0.891043 0.431701
vn 0.000000 -0.891040 0.453925
vn 0.140274 -0.891039 0.431709
vn 0.266813 -0.891033 0.367247
vn 0.367235 -0.891035 0.266824
vn 0.431712 -0.891040 0.140264
vn 0.453925 -0.891040 0.000016
vn 0.475481 -0.809057 -0.345463
vn 0.558965 -0.809058 -0.181614
vn 0.345455 -0.809060 -0.475481
vn 0.181621 -0.809059 -0.558961
vn 0.000000 -0.809056 -0.587732
vn -0.181620 -0.809052 -0.558972
vn -0.345456 -0.809060 -0.475480
vn -0.475481 -0.809058 -0.345459
vn -0.558964 -0.809056 -0.181623
vn -0.587728 -0.809059 0.000003
vn -0.558962 -0.809059 0.181619
vn -0.475483 -0.809057 0.345460
vn -0.345459 -0.809056 0.475486
vn -0.181617 -0.809051 0.558974
vn 0.000001 -0.809054 0.587735
vn 0.181619 -0.809059 0.558962
vn 0.345458 -0.809055 0.475487
vn 0.475482 -0.809055 0.345466
vn 0.558961 -0.809058 0.181627
vn 0.587728 -0.809059 0.000013
vn 0.572023 -0.707154 -0.415601
vn 0.672454 -0.707153 -0.218495
vn 0.415597 -0.707153 -0.572026
vn 0.218492 -0.707151 -0.672457
vn -0.000001 -0.707159 -0.707055
vn -0.218494 -0.707159 -0.672448
vn -0.415599 -0.707156 -0.572021
vn -0.572023 -0.707153 -0.415601
vn -0.672454 -0.707153 -0.218495
vn -0.707059 -0.707155 0.000005
vn -0.672450 -0.707155 0.218499
vn -0.572023 -0.707156 0.415596
vn -0.415599 -0.707153 0.572024
vn -0.218490 -0.707152 0.672457
vn -0.000000 -0.707160 0.707054
vn 0.218492 -0.707158 0.672450
vn 0.415600 -0.707156 0.572020
vn 0.572022 -0.707154 0.415602
vn 0.672451 -0.707156 0.218496
vn 0.707059 -0.707155 -0.000004
vn 0.654473 -0.587849 -0.475497
vn 0.769377 -0.587849 -0.249985
vn 0.475502 -0.587853 -0.654467
vn 0.249982 -0.587854 -0.769374
vn -0.000000 -0.587857 -0.808965
vn -0.249983 -0.587856 -0.769372
vn -0.475503 -0.587854 -0.654465
vn -0.654475 -0.587851 -0.475494
vn -0.769377 -0.587850 -0.249983
vn -0.808970 -0.587850 0.000004
vn -0.769374 -0.587849 0.249993
vn -0.654469 -0.587849 0.475504
vn -0.475499 -0.587850 0.654472
vn -0.249982 -0.587848 0.769379
vn -0.000001 -0.587843 0.808975
vn 0.249983 -0.587846 0.769380
vn 0.475501 -0.587853 0.654467
vn 0.654471 -0.587851 0.475499
vn 0.769376 -0.587850 0.249985
vn 0.808971 -0.587849 -0.000001
vn 0.720817 -0.454048 -0.523702
vn 0.847368 -0.454050 -0.275330
vn 0.523705 -0.454048 -0.720815
vn 0.275325 -0.454047 -0.847371
vn 0.000001 -0.454046 -0.890978
vn -0.275329 -0.454048 -0.847369
vn -0.523707 -0.454049 -0.720812
vn -0.720818 -0.454048 -0.523701
vn -0.847369 -0.454050 -0.275326
vn -0.890977 -0.454048 0.000001
vn -0.847370 -0.454048 0.275326
vn -0.720815 -0.454049 0.523703
vn -0.523700 -0.454051 0.720816
vn -0.275321 -0.454048 0.847372
vn 0.000001 -0.454048 0.890978
vn 0.275322 -0.454051 0.847370
vn 0.523700 -0.454051 0.720816
vn 0.720816 -0.454049 0.523702
vn 0.847370 -0.454048 0.275325
vn 0.890977 -0.454048 -0.000002
vn 0.769407 -0.309057 -0.559014
vn 0.904494 -0.309059 -0.293893
vn 0.559005 -0.309050 -0.769416
vn 0.293890 -0.309046 -0.904500
vn -0.000001 -0.309049 -0.951046
vn -0.293896 -0.309052 -0.904496
vn -0.559009 -0.309053 -0.769412
vn -0.769409 -0.309057 -0.559011
vn -0.904496 -0.309058 -0.293886
vn -0.951044 -0.309055 -0.000000
vn -0.904497 -0.309055 0.293888
vn -0.769411 -0.309053 0.559011
vn -0.559012 -0.309053 0.769410
vn -0.293890 -0.309059 0.904495
vn -0.000001 -0.309065 0.951041
vn 0.293888 -0.309058 0.904496
vn 0.559006 -0.309050 0.769415
vn 0.769407 -0.309052 0.559017
vn 0.904496 -0.309055 0.293890
vn 0.951044 -0.309056 -0.000000
vn 0.799048 -0.156460 -0.580554
vn 0.939343 -0.156458 -0.305215
vn 0.580540 -0.156463 -0.799057
vn 0.305217 -0.156461 -0.939342
vn -0.000002 -0.156461 -0.987684
vn -0.305215 -0.156463 -0.939342
vn -0.580540 -0.156461 -0.799058
vn -0.799055 -0.156457 -0.580545
vn -0.939346 -0.156457 -0.305205
vn -0.987685 -0.156458 0.000001
vn -0.939343 -0.156457 0.305216
vn -0.799052 -0.156457 0.580549
vn -0.580547 -0.156458 0.799053
vn -0.305213 -0.156458 0.939343
vn -0.000001 -0.156455 0.987685
vn 0.305212 -0.156455 0.939344
vn 0.580545 -0.156458 0.799055
vn 0.799052 -0.156456 0.580549
vn 0.939344 -0.156457 0.305213
vn 0.987685 -0.156458 -0.000000
vn 0.809015 -0.000001 -0.587789
vn 0.951056 -0.000001 -0.309019
vn 0.587788 -0.000001 -0.809015
vn 0.309025 -0.000002 -0.951054
vn 0.000001 -0.000003 -1.000000
vn -0.309019 -0.000002 -0.951056
vn -0.587785 -0.000001 -0.809017
vn -0.809018 -0.000001 -0.587785
vn -0.951057 -0.000001 -0.309015
vn -1.000000 -0.000001 -0.000001
vn -0.951055 -0.000001 0.309020
vn -0.809017 -0.000001 0.587785
vn -0.587786 -0.000001 0.809016
vn -0.309019 -0.000001 0.951056
vn 0.000001 -0.000002 1.000000
vn 0.309017 -0.000002 0.951056
vn 0.587786 -0.000001 0.809016
vn 0.809020 -0.000001 0.587781
vn 0.951057 -0.000001 0.309016
vn 1.000000 -0.000001 -0.000003
vn 0.799051 0.156463 -0.580549
vn 0.939343 0.156461 -0.305212
vn 0.580543 0.156466 -0.799055
vn 0.305215 0.156465 -0.939342
vn 0.000001 0.156462 -0.987684
vn -0.305215 0.156465 -0.939342
vn -0.580547 0.156465 -0.799052
vn -0.799055 0.156460 -0.580545
vn -0.939344 0.156459 -0.305210
vn -0.987684 0.156461 -0.000001
vn -0.939344 0.156460 0.305209
vn -0.799055 0.156459 0.580544
vn -0.580547 0.156461 0.799053
vn -0.305213 0.156460 0.939343
vn -0.000001 0.156458 0.987685
vn 0.305213 0.156460 0.939343
vn 0.580548 0.156462 0.799052
vn 0.799058 0.156460 0.580540
vn 0.939345 0.156460 0.305208
vn 0.987684 0.156461 -0.000001
vn 0.769408 0.309061 -0.559011
vn 0.904495 0.309063 -0.293886
vn 0.559004 0.309053 -0.769416
vn 0.293889 0.309051 -0.904498
vn -0.000001 0.309055 -0.951044
vn -0.293890 0.309053 -0.904497
vn -0.559008 0.309054 -0.769413
vn -0.769411 0.309062 -0.559006
vn -0.904495 0.309062 -0.293887
vn -0.951043 0.309059 0.000000
vn -0.904497 0.309058 0.293886
vn -0.769411 0.309056 0.559009
vn -0.559009 0.309055 0.769411
vn -0.293888 0.309065 0.904494
vn -0.000000 0.309073 0.951038
vn 0.293887 0.309062 0.904495
vn 0.559009 0.309054 0.769412
vn 0.769413 0.309057 0.559005
vn 0.904497 0.309059 0.293884
vn 0.951043 0.309059 0.000001
vn 0.720816 0.454047 -0.523704
vn 0.847369 0.454050 -0.275325
vn 0.523704 0.454048 -0.720815
vn 0.275327 0.454050 -0.847369
vn -0.000002 0.454053 -0.890975
vn -0.275327 0.454054 -0.847366
vn -0.523706 0.454049 -0.720813
vn -0.720818 0.454048 -0.523701
vn -0.847368 0.454049 -0.275330
vn -0.890977 0.454048 -0.000002
vn -0.847371 0.454049 0.275322
vn -0.720819 0.454052 0.523695
vn -0.523705 0.454055 0.720810
vn -0.275323 0.454052 0.847369
vn 0.000000 0.454049 0.890976
vn 0.275321 0.454051 0.847370
vn 0.523701 0.454052 0.720815
vn 0.720815 0.454049 0.523703
vn 0.847369 0.454047 0.275330
vn 0.890977 0.454048 0.000003
vn 0.654474 0.587850 -0.475495
vn 0.769377 0.587850 -0.249983
vn 0.475503 0.587855 -0.654464
vn 0.249984 0.587857 -0.769371
vn -0.000001 0.587860 -0.808963
vn -0.249985 0.587860 -0.769369
vn -0.475504 0.587855 -0.654464
vn -0.654474 0.587850 -0.475495
vn -0.769377 0.587850 -0.249985
vn -0.808970 0.587850 -0.000004
vn -0.769376 0.587850 0.249986
vn -0.654474 0.587853 0.475492
vn -0.475505 0.587856 0.654462
vn -0.249983 0.587845 0.769381
vn 0.000001 0.587841 0.808976
vn 0.249985 0.587850 0.769376
vn 0.475502 0.587854 0.654465
vn 0.654470 0.587850 0.475501
vn 0.769375 0.587850 0.249990
vn 0.808971 0.587849 0.000001
vn 0.572023 0.707154 -0.415598
vn 0.672455 0.707154 -0.218489
vn 0.415598 0.707154 -0.572024
vn 0.218492 0.707150 -0.672458
vn 0.000000 0.707148 -0.707066
vn -0.218491 0.707147 -0.672462
vn -0.415596 0.707151 -0.572029
vn -0.572023 0.707154 -0.415600
vn -0.672455 0.707154 -0.218490
vn -0.707059 0.707155 -0.000004
vn -0.672451 0.707156 0.218496
vn -0.572020 0.707151 0.415608
vn -0.415600 0.707158 0.572017
vn -0.218494 0.707161 0.672446
vn 0.000000 0.707158 0.707055
vn 0.218492 0.707156 0.672452
vn 0.415600 0.707157 0.572019
vn 0.572024 0.707157 0.415594
vn 0.672452 0.707157 0.218491
vn 0.707059 0.707155 0.000002
vn 0.475480 0.809055 -0.345470
vn 0.558965 0.809058 -0.181616
vn 0.345454 0.809057 -0.475488
vn 0.181621 0.809057 -0.558964
vn 0.000000 0.809056 -0.587732
vn -0.181620 0.809056 -0.558966
vn -0.345453 0.809055 -0.475491
vn -0.475480 0.809055 -0.345470
vn -0.558964 0.809057 -0.181619
vn -0.587728 0.809059 -0.000004
vn -0.558963 0.809059 0.181615
vn -0.475482 0.809055 0.345467
vn -0.345459 0.809058 0.475482
vn -0.181620 0.809063 0.558955
vn -0.000000 0.809060 0.587727
vn 0.181619 0.809060 0.558960
vn 0.345460 0.809060 0.475478
vn 0.475483 0.809057 0.345460
vn 0.558963 0.809059 0.181615
vn 0.587728 0.809059 0.000003
vn 0.367232 0.891039 -0.266814
vn 0.431710 0.891041 -0.140257
vn 0.266811 0.891037 -0.367240
vn 0.140276 0.891039 -0.431709
vn -0.000000 0.891045 -0.453916
vn -0.140276 0.891043 -0.431700
vn -0.266812 0.891040 -0.367232
vn -0.367233 0.891039 -0.266814
vn -0.431709 0.891040 -0.140268
vn -0.453925 0.891040 -0.000000
vn -0.431711 0.891039 0.140267
vn -0.367236 0.891037 0.266816
vn -0.266813 0.891034 0.367246
vn -0.140273 0.891034 0.431719
vn -0.000000 0.891037 0.453931
vn 0.140274 0.891038 0.431712
vn 0.266814 0.891036 0.367240
vn 0.367235 0.891037 0.266818
vn 0.431711 0.891039 0.140267
vn 0.453925 0.891040 0.000011
vn 0.249969 0.951068 -0.181620
vn 0.293859 0.951070 -0.095462
vn 0.181615 0.951063 -0.249991
vn 0.095482 0.951063 -0.293874
vn 0.000000 0.951065 -0.308992
vn -0.095482 0.951064 -0.293870
vn -0.181615 0.951063 -0.249989
vn -0.249969 0.951068 -0.181620
vn -0.293859 0.951071 -0.095455
vn -0.308980 0.951069 -0.000000
vn -0.293858 0.951069 0.095474
vn -0.249969 0.951066 0.181628
vn -0.181615 0.951066 0.249977
vn -0.095478 0.951065 0.293871
vn 0.000000 0.951067 0.308986
vn 0.095477 0.951065 0.293869
vn 0.181616 0.951068 0.249970
vn 0.249970 0.951069 0.181614
vn 0.293857 0.951067 0.095492
vn 0.308980 0.951069 0.000011
vn 0.126546 0.987688 -0.091975
vn 0.148766 0.987691 -0.048333
vn 0.091942 0.987688 -0.126569
vn 0.048337 0.987692 -0.148757
vn -0.000000 0.987688 -0.156434
vn -0.048337 0.987687 -0.148789
vn -0.091942 0.987688 -0.126564
vn -0.126546 0.987685 -0.092003
vn -0.148766 0.987689 -0.048369
vn -0.156423 0.987690 -0.000000
vn -0.148764 0.987688 0.048389
vn -0.126545 0.987688 0.091974
vn -0.091943 0.987697 0.126495
vn -0.048336 0.987690 0.148768
vn 0.000000 0.987688 0.156437
vn 0.048336 0.987688 0.148782
vn 0.091943 0.987689 0.126559
vn 0.126546 0.987689 0.091964
vn 0.148764 0.987690 0.048352
vn 0.156423 0.987690 -0.000000
vn -0.000000 -1.000000 0.000006
vn 0.000000 1.000000 -0.000003
vn 0.000000 0.000000 1.000000
vn 0.000000 0.000000 1.000000
vn 0.000000 0.000000 1.000000
vn 0.000000 0.000000 1.000000
vn 0.000000 1.000000 0.000000
vn 0.000000 1.000000 0.000000
vn 0.000000 1.000000 0.000000
vn 0.000000 1.000000 0.000000
vn 0.000000 0.000000 -1.000000
vn 0.000000 0.000000 -1.000000
vn 0.000000 0.000000 -1.000000
vn 0.000000 0.000000 -1.000000
vn 0.000000 -1.000000 0.000000
vn 0.000000 -1.000000 0.000000
vn 0.000000 -1.000000 0.000000
vn 0.000000 -1.000000 0.000000
vn 1.000000 0.000000 0.000000
vn 1.000000 0.000000 0.000000
vn 1.000000 0.000000 0.000000
vn 1.000000 0.000000 0.000000
vn -1.000000 0.000000 0.000000
vn -1.000000 0.000000 0.000000
vn -1.000000 0.000000 0.000000
vn -1.000000 0.000000 0.000000
vn 0.000000 0.000000 1.000000
vn 0.000000 0.000000 1.000000
vn 0.000000 0.000000 1.000000
vn 0.000000 0.000000 1.000000
vn 1.000000 0.000000 0.000000
vn 1.000000 0.000000 0.000000
vn 1.000000 0.000000 0.000000
vn 1.000000 0.000000 0.000000
vn 0.000000 0.000000 -1.000000
vn 0.000000 0.000000 -1.000000
vn 0.000000 0.000000 -1.000000
vn 0.000000 0.000000 -1.000000
vn -1.000000 0.000000 0.000000
vn -1.000000 0.000000 0.000000
vn -1.000000 0.000000 0.000000
vn -1.000000 0.000000 0.000000
vn 0.000000 1.000000 0.000000
vn 0.000000 1.000000 0.000000
vn 0.000000 1.000000 0.000000
vn 0.000000 1.000000 0.000000
vn 0.000000 1.000000 0.000000
vn 0.000000 1.000000 0.000000
vn 0.000000 1.000000 0.000000
vn 0.000000 1.000000 0.000000
vn 0.000000 1.000000 0.000000
vn 0.000000 1.000000 0.000000
vn 0.000000 1.000000 0.000000
vn 0.000000 1.000000 0.000000
vn 0.000000 1.000000 0.000000
vn 0.000000 1.000000 0.000000
vn 0.000000 1.000000 0.000000
vn 0.000000 1.000000 0.000000
vn 0.000000 0.000000 1.000000
vn 0.000000 0.000000 1.000000
vn 0.000000 0.000000 1.000000
vn 0.000000 0.000000 1.000000
vn 1.000000 0.000000 0.000000
vn 1.000000 0.000000 0.000000
vn 1.000000 0.000000 0.000000
vn 1.000000 0.000000 0.000000
vn 0.000000 0.000000 -1.000000
vn 0.000000 0.000000 -1.000000
vn 0.000000 0.000000 -1.000000
vn 0.000000 0.000000 -1.000000
vn -1.000000 0.000000 0.000000
vn -1.000000 0.000000 0.000000
vn -1.000000 0.000000 0.000000
vn -1.000000 0.000000 0.000000
vn 0.000000 1.000000 0.000000
vn 0.000000 1.000000 0.000000
vn 0.000000 1.000000 0.000000
vn 0.000000 1.000000 0.000000
vn 0.000000 1.000000 0.000000
vn 0.000000 1.000000 0.000000
vn 0.000000 1.000000 0.000000
vn 0.000000 1.000000 0.000000
vn 0.000000 1.000000 -0.000000
vn 0.000000 1.000000 -0.000000
vn 0.000000 1.000000 -0.000000
vn 0.000000 1.000000 -0.000000
vn 0.000000 1.000000 0.000000
vn 0.000000 1.000000 0.000000
vn 0.000000 1.000000 0.000000
vn 0.000000 1.000000 0.000000
vn 0.000000 0.000000 1.000000
vn 0.000000 0.000000 1.000000
vn 0.000000 0.000000 1.000000
vn 0.000000 0.000000 1.000000
vn 1.000000 0.000000 0.000000
vn 1.000000 0.000000 0.000000
vn 1.000000 0.000000 0.000000
vn 1.000000 0.000000 0.000000
vn 0.000000 0.000000 -1.000000
vn 0.000000 0.000000 -1.000000
vn 0.000000 0.000000 -1.000000
vn 0.000000 0.000000 -1.000000
vn -1.000000 0.000000 0.000000
vn -1.000000 0.000000 0.000000
vn -1.000000 0.000000 0.000000
vn -1.000000 0.000000 0.000000
vn 0.000000 1.000000 -0.000001
vn 0.000000 1.000000 -0.000001
vn 0.000000 1.000000 -0.000001
vn 0.000000 1.000000 -0.000001
vn 0.000000 1.000000 0.000000
vn 0.000000 1.000000 0.000000
vn 0.000000 1.000000 0.000000
vn 0.000000 1.000000 0.000000
vn 0.000000 1.000000 0.000001
vn 0.000000 1.000000 0.000001
vn 0.000000 1.000000 0.000001
vn 0.000000 1.000000 0.000001
vn 0.000000 1.000000 0.000000
vn 0.000000 1.000000 0.000000
vn 0.000000 1.000000 0.000000
vn 0.000000 1.000000 0.000000
vn 0.000000 0.000000 1.000000
vn 0.000000 0.000000 1.000000
vn 0.000000 0.000000 1.000000
vn 0.000000 0.000000 1.000000
vn 1.000000 0.000000 0.000000
vn 1.000000 0.000000 0.000000
vn 1.000000 0.000000 0.000000
vn 1.000000 0.000000 0.000000
vn 0.000000 0.000000 -1.000000
vn 0.000000 0.000000 -1.000000
vn 0.000000 0.000000 -1.000000
vn 0.000000 0.000000 -1.000000
vn -1.000000 0.000000 0.000000
vn -1.000000 0.000000 0.000000
vn -1.000000 0.000000 0.000000
vn -1.000000 0.000000 0.000000
vn 0.000000 -0.000001 1.000000
vn 0.000000 -0.000001 1.000000
vn 0.000000 -0.000001 1.000000
vn 0.000000 -0.000001 1.000000
vn 1.000000 0.000001 0.000000
vn 1.000000 0.000001 0.000000
vn 1.000000 0.000001 0.000000
vn 1.000000 0.000001 0.000000
vn 0.000000 0.000000 -1.000000
vn 0.000000 0.000000 -1.000000
vn 0.000000 0.000000 -1.000000
vn 0.000000 0.000000 -1.000000
vn -1.000000 0.000001 0.000000
vn -1.000000 0.000001 0.000000
vn -1.000000 0.000001 0.000000
vn -1.000000 0.000001 0.000000
vn 0.000000 -0.998360 -0.057255
vn 0.000000 -0.998360 -0.057255
vn 0.000000 -0.998360 -0.057255
vn 0.000000 -0.998360 -0.057255
vn 0.000000 -0.984205 -0.177034
vn 0.000000 -0.984205 -0.177034
vn 0.000000 -0.984205 -0.177034
vn 0.000000 -0.984205 -0.177034
vn -0.053520 -0.998567 0.000000
vn -0.053520 -0.998567 0.000000
vn -0.053520 -0.998567 0.000000
vn -0.053520 -0.998567 0.000000
vn -0.165775 -0.986164 0.000000
vn -0.165775 -0.986164 0.000000
vn -0.165775 -0.986164 0.000000
vn -0.165775 -0.986164 0.000000
vn 0.000000 -0.998360 0.057253
vn 0.000000 -0.998360 0.057253
vn 0.000000 -0.998360 0.057253
vn 0.000000 -0.998360 0.057253
vn 0.000000 -0.984205 0.177032
vn 0.000000 -0.984205 0.177032
vn 0.000000 -0.984205 0.177032
vn 0.000000 -0.984205 0.177032
vn 0.053520 -0.998567 0.000000
vn 0.053520 -0.998567 0.000000
vn 0.053520 -0.998567 0.000000
vn 0.053520 -0.998567 0.000000
vn 0.165775 -0.986164 0.000000
vn 0.165775 -0.986164 0.000000
vn 0.165775 -0.986164 0.000000
vn 0.165775 -0.986164 0.000000
vn 0.000000 0.000001 1.000000
vn 0.000000 0.000001 1.000000
vn 0.000000 0.000001 1.000000
vn 0.000000 0.000001 1.000000
vn 1.000000 0.000000 0.000000
vn 1.000000 0.000000 0.000000
vn 1.000000 0.000000 0.000000
vn 1.000000 0.000000 0.000000
vn 0.000000 0.000000 -1.000000
vn 0.000000 0.000000 -1.000000
vn 0.000000 0.000000 -1.000000
vn 0.000000 0.000000 -1.000000
vn -1.000000 0.000001 0.000000
vn -1.000000 0.000001 0.000000
vn -1.000000 0.000001 0.000000
vn -1.000000 0.000001 0.000000
vn 0.000000 0.000001 1.000000
vn 0.000000 0.000001 1.000000
vn 0.000000 0.000001 1.000000
vn 0.000000 0.000001 1.000000
vn 1.000000 0.000000 0.000000
vn 1.000000 0.000000 0.000000
vn 1.000000 0.000000 0.000000
vn 1.000000 0.000000 0.000000
vn 0.000000 0.000000 -1.000000
vn 0.000000 0.000000 -1.000000
vn 0.000000 0.000000 -1.000000
vn 0.000000 0.000000 -1.000000
vn -1.000000 0.000001 0.000000
vn -1.000000 0.000001 0.000000
vn -1.000000 0.000001 0.000000
vn -1.000000 0.000001 0.000000
vn 0.000000 -0.998318 -0.057969
vn 0.000000 -0.998318 -0.057969
vn 0.000000 -0.998318 -0.057969
vn 0.000000 -0.998318 -0.057969
vn 0.000000 0.998319 -0.057964
vn 0.000000 0.998319 -0.057964
vn 0.000000 0.998319 -0.057964
vn 0.000000 0.998319 -0.057964
vn -0.054182 -0.998531 0.000000
vn -0.054182 -0.998531 0.000000
vn -0.054182 -0.998531 0.000000
vn -0.054182 -0.998531 0.000000
vn -0.054182 0.998531 -0.000000
vn -0.054182 0.998531 -0.000000
vn -0.054182 0.998531 -0.000000
vn -0.054182 0.998531 -0.000000
vn 0.000000 -0.998318 0.057968
vn 0.000000 -0.998318 0.057968
vn 0.000000 -0.998318 0.057968
vn 0.000000 -0.998318 0.057968
vn 0.000000 0.998319 0.057964
vn 0.000000 0.998319 0.057964
vn 0.000000 0.998319 0.057964
vn 0.000000 0.998319 0.057964
vn 0.054182 -0.998531 0.000000
vn 0.054182 -0.998531 0.000000
vn 0.054182 -0.998531 0.000000
vn 0.054182 -0.998531 0.000000
vn 0.054182 0.998531 -0.000000
vn 0.054182 0.998531 -0.000000
vn 0.054182 0.998531 -0.000000
vn 0.054182 0.998531 -0.000000
vn 0.000000 -0.948156 0.317807
vn 0.000000 -0.948156 0.317807
vn 0.000000 -0.948156 0.317807
vn 0.000000 -0.948156 0.317807
vn 0.000000 0.948156 0.317807
vn 0.000000 0.948156 0.317807
vn 0.000000 0.948156 0.317807
vn 0.000000 0.948156 0.317807
vn 0.298917 -0.954279 0.000000
vn 0.298917 -0.954279 0.000000
vn 0.298917 -0.954279 0.000000
vn 0.298917 -0.954279 0.000000
vn 0.298917 0.954279 0.000000
vn 0.298917 0.954279 0.000000
vn 0.298917 0.954279 0.000000
vn 0.298917 0.954279 0.000000
vn 0.000000 -0.948156 -0.317807
vn 0.000000 -0.948156 -0.317807
vn 0.000000 -0.948156 -0.317807
vn 0.000000 -0.948156 -0.317807
vn 0.000000 0.948156 -0.317807
vn 0.000000 0.948156 -0.317807
vn 0.000000 0.948156 -0.317807
vn 0.000000 0.948156 -0.317807
vn -0.298917 -0.954279 0.000000
vn -0.298917 -0.954279 0.000000
vn -0.298917 -0.954279 0.000000
vn -0.298917 -0.954279 0.000000
vn -0.298917 0.954279 0.000000
vn -0.298917 0.954279 0.000000
vn -0.298917 0.954279 0.000000
vn -0.298917 0.954279 0.000000
vn 0.000000 0.999958 0.009163
vn 0.000000 0.999958 0.009163
vn 0.000000 0.999958 0.009163
vn 0.000000 0.999958 0.009163
vn 0.008564 0.999963 -0.000001
vn 0.008564 0.999963 -0.000001
vn 0.008564 0.999963 -0.000001
vn 0.008564 0.999963 -0.000001
vn 0.000000 0.999958 -0.009164
vn 0.000000 0.999958 -0.009164
vn 0.000000 0.999958 -0.009164
vn 0.000000 0.999958 -0.009164
vn -0.008564 0.999963 -0.000001
vn -0.008564 0.999963 -0.000001
vn -0.008564 0.999963 -0.000001
vn -0.008564 0.999963 -0.000001
vn 0.000000 0.759274 0.650771
vn 0.000000 0.759274 0.650771
vn 0.000000 0.759274 0.650771
vn 0.000000 0.759274 0.650771
vn 0.625160 0.780496 -0.000002
vn 0.625160 0.780496 -0.000002
vn 0.625160 0.780496 -0.000002
vn 0.625160 0.780496 -0.000002
vn 0.000000 0.759273 -0.650773
vn 0.000000 0.759273 -0.650773
vn 0.000000 0.759273 -0.650773
vn 0.000000 0.759273 -0.650773
vn -0.625161 0.780496 -0.000002
vn -0.625161 0.780496 -0.000002
vn -0.625161 0.780496 -0.000002
vn -0.625161 0.780496 -0.000002
vn 0.000000 0.617518 0.786556
vn 0.000000 0.617518 0.786556
vn 0.000000 0.617518 0.786556
vn 0.000000 0.617518 0.786556
vn 0.765670 0.643233 -0.000002
vn 0.765670 0.643233 -0.000002
vn 0.765670 0.643233 -0.000002
vn 0.765670 0.643233 -0.000002
vn 0.000000 0.617514 -0.786560
vn 0.000000 0.617514 -0.786560
vn 0.000000 0.617514 -0.786560
vn 0.000000 0.617514 -0.786560
vn -0.765670 0.643234 -0.000002
vn -0.765670 0.643234 -0.000002
vn -0.765670 0.643234 -0.000002
vn -0.765670 0.643234 -0.000002
vn 0.940142 -0.007985 0.340691
vn 0.984528 -0.007993 -0.175045
vn 0.984528 -0.007993 -0.175045
vn 0.940142 -0.007985 0.340691
vn 0.765109 -0.005860 -0.643874
vn 0.765109 -0.005860 -0.643874
vn 0.326775 0.000670 -0.945102
vn 0.326775 0.000670 -0.945102
vn -0.189458 0.012386 -0.981811
vn -0.189458 0.012386 -0.981811
vn -0.643652 0.020808 -0.765035
vn -0.643652 0.020808 -0.765035
vn -0.934878 0.018095 -0.354507
vn -0.934878 0.018095 -0.354507
vn -0.986981 0.010731 0.160480
vn -0.986981 0.010731 0.160480
vn -0.765113 0.005859 0.643870
vn -0.765113 0.005859 0.643870
vn -0.340687 0.002156 0.940174
vn -0.340687 0.002156 0.940174
vn 0.175030 -0.002125 0.984561
vn 0.175030 -0.002125 0.984561
vn 0.423884 -0.004122 0.905707
vn 0.423884 -0.004122 0.905707
vn 0.819931 -0.007155 0.572418
vn 0.819931 -0.007155 0.572418
vn -0.008241 -0.999966 -0.000693
vn -0.008242 -0.999966 -0.000693
vn -0.008242 -0.999966 -0.000693
vn -0.008242 -0.999966 -0.000690
vn -0.008242 -0.999966 -0.000693
vn -0.008241 -0.999966 -0.000694
vn -0.008242 -0.999966 -0.000691
vn -0.008242 -0.999966 -0.000693
vn -0.008243 -0.999966 -0.000695
vn -0.008243 -0.999966 -0.000693
vn -0.008243 -0.999966 -0.000695
vn -0.008241 -0.999966 -0.000696
vn -0.008240 -0.999966 -0.000693
vn -0.507210 0.566155 -0.649774
vn -0.583302 0.643318 -0.495884
vn -0.417890 0.756239 -0.503459
vn -0.584291 0.728866 -0.356874
vn -0.492553 0.817604 -0.298187
vn -0.288605 0.904357 -0.314398
vn -0.230524 0.931184 -0.282409
vn -0.252368 0.904078 -0.344896
vn -0.202342 0.815381 -0.542413
vn -0.245289 0.726269 -0.642158
vn -0.383188 0.641788 -0.664285
vn -0.548498 0.566471 -0.615029
vn -0.537211 0.545460 -0.643333
vn -0.255128 -0.007985 0.966874
vn 0.262506 -0.007993 0.964897
vn 0.262506 -0.007993 0.964897
vn -0.255128 -0.007985 0.966874
vn 0.709802 -0.005860 0.704376
vn 0.709802 -0.005860 0.704376
vn 0.970568 0.000670 0.240828
vn 0.970568 0.000670 0.240828
vn 0.960901 0.012386 -0.276615
vn 0.960901 0.012386 -0.276615
vn 0.704323 0.020807 -0.709575
vn 0.704323 0.020807 -0.709575
vn 0.269361 0.018095 -0.962869
vn 0.269361 0.018095 -0.962869
vn -0.248226 0.010731 -0.968643
vn -0.248226 0.010731 -0.968643
vn -0.709804 0.005860 -0.704375
vn -0.709804 0.005860 -0.704375
vn -0.966907 0.002156 -0.255121
vn -0.966907 0.002156 -0.255121
vn -0.964931 -0.002125 0.262497
vn -0.964931 -0.002125 0.262497
vn -0.864110 -0.004121 0.503286
vn -0.864110 -0.004121 0.503286
vn -0.496691 -0.007155 0.867898
vn -0.496691 -0.007155 0.867898
vn -0.000048 -0.999966 -0.008270
vn -0.000047 -0.999966 -0.008271
vn -0.000048 -0.999966 -0.008270
vn -0.000048 -0.999966 -0.008271
vn -0.000047 -0.999966 -0.008266
vn -0.000048 -0.999966 -0.008268
vn -0.000048 -0.999966 -0.008273
vn -0.000049 -0.999966 -0.008271
vn -0.000048 -0.999966 -0.008270
vn -0.000047 -0.999966 -0.008271
vn -0.000047 -0.999966 -0.008270
vn -0.000048 -0.999966 -0.008270
vn -0.000048 -0.999966 -0.008273
vn 0.601738 0.566157 -0.563363
vn 0.441648 0.643321 -0.625367
vn 0.464012 0.756239 -0.461297
vn 0.303113 0.728865 -0.613904
vn 0.252881 0.817604 -0.517276
vn 0.287288 0.904356 -0.315603
vn 0.260626 0.931185 -0.254890
vn 0.320911 0.904078 -0.282240
vn 0.522116 0.815379 -0.250105
vn 0.617612 0.726269 -0.301808
vn 0.627306 0.641784 -0.441135
vn 0.563437 0.566471 -0.601373
vn 0.592636 0.545462 -0.592667
vn -0.255129 -0.007985 0.966874
vn 0.262512 -0.007993 0.964896
vn 0.262512 -0.007993 0.964896
vn -0.255129 -0.007985 0.966874
vn 0.709804 -0.005859 0.704374
vn 0.709804 -0.005859 0.704374
vn 0.970567 0.000670 0.240831
vn 0.970567 0.000670 0.240831
vn 0.960901 0.012386 -0.276615
vn 0.960901 0.012386 -0.276615
vn 0.704319 0.020808 -0.709578
vn 0.704319 0.020808 -0.709578
vn 0.269357 0.018095 -0.962871
vn 0.269357 0.018095 -0.962871
vn -0.248219 0.010731 -0.968645
vn -0.248219 0.010731 -0.968645
vn -0.709799 0.005859 -0.704380
vn -0.709799 0.005859 -0.704380
vn -0.966907 0.002156 -0.255121
vn -0.966907 0.002156 -0.255121
vn -0.964930 -0.002126 0.262501
vn -0.964930 -0.002126 0.262501
vn -0.864106 -0.004122 0.503292
vn -0.864106 -0.004122 0.503292
vn -0.496692 -0.007155 0.867897
vn -0.496692 -0.007155 0.867897
vn -0.000048 -0.999966 -0.008268
vn -0.000047 -0.999966 -0.008270
vn -0.000048 -0.999966 -0.008270
vn -0.000048 -0.999966 -0.008266
vn -0.000047 -0.999966 -0.008273
vn -0.000048 -0.999966 -0.008273
vn -0.000048 -0.999966 -0.008268
vn -0.000049 -0.999966 -0.008270
vn -0.000048 -0.999966 -0.008272
vn -0.000047 -0.999966 -0.008270
vn -0.000047 -0.999966 -0.008270
vn -0.000048 -0.999966 -0.008270
vn -0.000048 -0.999966 -0.008268
vn 0.601744 0.566154 -0.563359
vn 0.441656 0.643320 -0.625364
vn 0.464012 0.756240 -0.461297
vn 0.303111 0.728867 -0.613904
vn 0.252880 0.817603 -0.517279
vn 0.287286 0.904356 -0.315606
vn 0.260629 0.931184 -0.254892
vn 0.320914 0.904078 -0.282237
vn 0.522114 0.815381 -0.250102
vn 0.617609 0.726273 -0.301807
vn 0.627299 0.641790 -0.441137
vn 0.563434 0.566472 -0.601375
vn 0.592636 0.545462 -0.592666
vn 0.940143 -0.007985 0.340688
vn 0.984528 -0.007993 -0.175045
vn 0.984528 -0.007993 -0.175045
vn 0.940143 -0.007985 0.340688
vn 0.765109 -0.005859 -0.643874
vn 0.765109 -0.005859 -0.643874
vn 0.326780 0.000670 -0.945100
vn 0.326780 0.000670 -0.945100
vn -0.189453 0.012386 -0.981812
vn -0.189453 0.012386 -0.981812
vn -0.643650 0.020808 -0.765037
vn -0.643650 0.020808 -0.765037
vn -0.934878 0.018095 -0.354509
vn -0.934878 0.018095 -0.354509
vn -0.986981 0.010731 0.160479
vn -0.986981 0.010731 0.160479
vn -0.765112 0.005859 0.643871
vn -0.765112 0.005859 0.643871
vn -0.340687 0.002156 0.940174
vn -0.340687 0.002156 0.940174
vn 0.175021 -0.002125 0.984562
vn 0.175021 -0.002125 0.984562
vn 0.423873 -0.004122 0.905712
vn 0.423873 -0.004122 0.905712
vn 0.819934 -0.007155 0.572413
vn 0.819934 -0.007155 0.572413
vn -0.008241 -0.999966 -0.000696
vn -0.008242 -0.999966 -0.000696
vn -0.008242 -0.999966 -0.000694
vn -0.008242 -0.999966 -0.000695
vn -0.008242 -0.999966 -0.000695
vn -0.008241 -0.999966 -0.000693
vn -0.008242 -0.999966 -0.000693
vn -0.008242 -0.999966 -0.000693
vn -0.008243 -0.999966 -0.000693
vn -0.008243 -0.999966 -0.000696
vn -0.008242 -0.999966 -0.000695
vn -0.008241 -0.999966 -0.000693
vn -0.008242 -0.999966 -0.000695
vn -0.507211 0.566154 -0.649774
vn -0.583306 0.643315 -0.495883
vn -0.417890 0.756238 -0.503460
vn -0.584295 0.728863 -0.356872
vn -0.492553 0.817603 -0.298189
vn -0.288607 0.904356 -0.314399
vn -0.230526 0.931184 -0.282408
vn -0.252368 0.904078 -0.344896
vn -0.202345 0.815380 -0.542412
vn -0.245291 0.726268 -0.642158
vn -0.383188 0.641787 -0.664287
vn -0.548493 0.566473 -0.615032
vn -0.537205 0.545463 -0.643336
vn 0.940142 -0.007985 0.340689
vn 0.984528 -0.007993 -0.175045
vn 0.984528 -0.007993 -0.175045
vn 0.940142 -0.007985 0.340689
vn 0.765109 -0.005860 -0.643874
vn 0.765109 -0.005860 -0.643874
vn 0.326775 0.000670 -0.945102
vn 0.326775 0.000670 -0.945102
vn -0.189453 0.012386 -0.981812
vn -0.189453 0.012386 -0.981812
vn -0.643649 0.020808 -0.765038
vn -0.643649 0.020808 -0.765038
vn -0.934879 0.018095 -0.354506
vn -0.934879 0.018095 -0.354506
vn -0.986981 0.010731 0.160479
vn -0.986981 0.010731 0.160479
vn -0.765112 0.005860 0.643871
vn -0.765112 0.005860 0.643871
vn -0.340684 0.002157 0.940175
vn -0.340684 0.002157 0.940175
vn 0.175030 -0.002125 0.984561
vn 0.175030 -0.002125 0.984561
vn 0.423883 -0.004121 0.905707
vn 0.423883 -0.004121 0.905707
vn 0.819932 -0.007154 0.572416
vn 0.819932 -0.007154 0.572416
vn -0.008239 -0.999966 -0.000693
vn -0.008241 -0.999966 -0.000693
vn -0.008241 -0.999966 -0.000695
vn -0.008239 -0.999966 -0.000696
vn -0.008240 -0.999966 -0.000696
vn -0.008241 -0.999966 -0.000696
vn -0.008242 -0.999966 -0.000696
vn -0.008242 -0.999966 -0.000696
vn -0.008243 -0.999966 -0.000696
vn -0.008243 -0.999966 -0.000695
vn -0.008242 -0.999966 -0.000694
vn -0.008241 -0.999966 -0.000692
vn -0.008242 -0.999966 -0.000693
vn -0.507214 0.566153 -0.649773
vn -0.583300 0.643318 -0.495886
vn -0.417889 0.756238 -0.503461
vn -0.584290 0.728866 -0.356875
vn -0.492551 0.817605 -0.298188
vn -0.288610 0.904355 -0.314397
vn -0.230526 0.931183 -0.282410
vn -0.252365 0.904077 -0.344900
vn -0.202343 0.815380 -0.542415
vn -0.245284 0.726268 -0.642161
vn -0.383184 0.641786 -0.664290
vn -0.548493 0.566472 -0.615032
vn -0.537211 0.545459 -0.643334
vn -0.255129 -0.007984 0.966874
vn 0.262506 -0.007992 0.964897
vn 0.262506 -0.007992 0.964897
vn -0.255129 -0.007984 0.966874
vn 0.709802 -0.005859 0.704377
vn 0.709802 -0.005859 0.704377
vn 0.970567 0.000670 0.240831
vn 0.970567 0.000670 0.240831
vn 0.960900 0.012386 -0.276617
vn 0.960900 0.012386 -0.276617
vn 0.704324 0.020807 -0.709574
vn 0.704324 0.020807 -0.709574
vn 0.269360 0.018094 -0.962870
vn 0.269360 0.018094 -0.962870
vn -0.248224 0.010730 -0.968643
vn -0.248224 0.010730 -0.968643
vn -0.709800 0.005859 -0.704379
vn -0.709800 0.005859 -0.704379
vn -0.966907 0.002156 -0.255119
vn -0.966907 0.002156 -0.255119
vn -0.964930 -0.002125 0.262501
vn -0.964930 -0.002125 0.262501
vn -0.864106 -0.004122 0.503292
vn -0.864106 -0.004122 0.503292
vn -0.496688 -0.007155 0.867900
vn -0.496688 -0.007155 0.867900
vn -0.000048 -0.999966 -0.008269
vn -0.000047 -0.999966 -0.008273
vn -0.000048 -0.999966 -0.008271
vn -0.000048 -0.999966 -0.008270
vn -0.000047 -0.999966 -0.008273
vn -0.000048 -0.999966 -0.008270
vn -0.000048 -0.999966 -0.008268
vn -0.000049 -0.999966 -0.008270
vn -0.000048 -0.999966 -0.008272
vn -0.000047 -0.999966 -0.008273
vn -0.000047 -0.999966 -0.008273
vn -0.000048 -0.999966 -0.008270
vn -0.000048 -0.999966 -0.008270
vn 0.601743 0.566154 -0.563360
vn 0.441656 0.643320 -0.625363
vn 0.464012 0.756240 -0.461296
vn 0.303110 0.728866 -0.613904
vn 0.252879 0.817605 -0.517276
vn 0.287287 0.904356 -0.315603
vn 0.260626 0.931184 -0.254893
vn 0.320910 0.904079 -0.282237
vn 0.522115 0.815380 -0.250102
vn 0.617611 0.726271 -0.301806
vn 0.627300 0.641790 -0.441136
vn 0.563437 0.566470 -0.601374
vn 0.592638 0.545460 -0.592666
vn -0.577350 -0.577350 0.577350
vn 0.577350 -0.577350 0.577350
vn 0.477787 0.690428 0.543166
vn -0.477787 0.690428 0.543165
vn -0.291986 0.859481 0.419566
vn 0.291986 0.859481 0.419566
vn 0.291779 0.858899 -0.420902
vn -0.291779 0.858899 -0.420902
vn -0.477787 0.690428 -0.543165
vn 0.477787 0.690428 -0.543166
vn 0.577350 -0.577350 -0.577350
vn -0.577350 -0.577350 -0.577350
vn 0.514433 0.524045 0.678775
vn -0.514433 0.524045 0.678775
vn 0.514428 0.524055 -0.678771
vn -0.514428 0.524055 -0.678771
vn 0.518222 -0.543417 0.660412
vn -0.518222 -0.543417 0.660412
vn 0.518225 -0.543409 -0.660417
vn -0.518225 -0.543409 -0.660417
vn 0.490321 -0.578808 0.651587
vn -0.490321 -0.578808 0.651587
vn 0.490321 -0.578809 -0.651587
vn -0.490321 -0.578809 -0.651587
vn 0.554766 -0.490239 0.672235
vn -0.554766 -0.490240 0.672235
vn 0.554767 -0.490241 -0.672234
vn -0.554767 -0.490241 -0.672234
vn 0.663642 -0.252417 0.704177
vn -0.663642 -0.252418 0.704177
vn 0.663643 -0.252413 -0.704177
vn -0.663643 -0.252414 -0.704177
vn 0.694643 0.090051 0.713696
vn -0.694643 0.090051 0.713696
vn 0.694642 0.090059 -0.713696
vn -0.694642 0.090058 -0.713696
vn 0.665465 0.265065 0.697780
vn -0.665465 0.265065 0.697780
vn 0.665465 0.265059 -0.697782
vn -0.665465 0.265059 -0.697782
vn 0.656947 0.289732 0.696042
vn -0.656948 0.289732 0.696042
vn 0.656948 0.289723 -0.696046
vn -0.656948 0.289723 -0.696046
vn 0.646815 0.307165 0.698055
vn -0.646815 0.307165 0.698055
vn 0.646811 0.307178 -0.698053
vn -0.646811 0.307178 -0.698053
vn 0.627133 0.354275 0.693681
vn -0.627133 0.354275 0.693681
vn 0.627129 0.354288 -0.693678
vn -0.627129 0.354288 -0.693678
vn 0.604227 0.412060 0.681994
vn -0.604227 0.412060 0.681994
vn 0.604227 0.412059 -0.681995
vn -0.604227 0.412059 -0.681995
vn 0.571393 0.468314 0.673938
vn -0.571393 0.468314 0.673938
vn 0.571392 0.468314 -0.673939
vn -0.571392 0.468314 -0.673939
vn 0.503661 0.564801 0.653702
vn -0.503661 0.564801 0.653701
vn 0.503660 0.564800 -0.653703
vn -0.503660 0.564800 -0.653703
vn 0.446225 0.631495 0.634111
vn -0.446225 0.631495 0.634111
vn 0.446223 0.631498 -0.634110
vn -0.446223 0.631497 -0.634110
vn 0.397268 0.680982 0.615177
vn -0.397268 0.680982 0.615177
vn 0.397266 0.680983 -0.615177
vn -0.397266 0.680983 -0.615177
vn 0.404832 0.673731 0.618221
vn -0.404832 0.673731 0.618222
vn 0.404830 0.673730 -0.618224
vn -0.404830 0.673730 -0.618224
vn 0.391508 0.686747 0.612454
vn -0.391508 0.686747 0.612454
vn 0.391507 0.686745 -0.612457
vn -0.391507 0.686745 -0.612457
vn 0.316068 0.753683 0.576249
vn -0.316068 0.753683 0.576249
vn 0.316067 0.753681 -0.576253
vn -0.316067 0.753681 -0.576253
vn 0.363084 0.714342 0.598236
vn -0.363084 0.714342 0.598236
vn 0.363055 0.714306 -0.598296
vn -0.363055 0.714306 -0.598296
s off
g polySurface3
usemtl phongE1SG2
f 1/1/1 2/2/2 3/3/3 4/4/4 5/5/5 6/6/6 7/7/7 8/8/8 9/9/9 10/10/10 11/11/11 12/12/12 13/13/13 14/14/14 15/15/15 16/16/16 17/17/17 152/18/18 148/19/19 144/20/20 140/21/21 136/22/22 132/23/23 18/24/24 19/25/25 20/26/26 21/27/27
usemtl phongE9SG1
f 151/579/28 125/580/29 127/581/30 150/582/31
usemtl phongE1SG2
f 24/28/32 25/29/33 26/30/34 23/31/35 129/32/36 133/33/37 137/34/38 141/35/39 145/36/40 149/37/41 22/38/42 27/39/43 28/40/44 29/41/45 30/42/46 31/43/47 32/44/48 33/45/49 34/46/50 35/47/51 36/48/52 37/49/53 38/50/54 39/51/55 40/52/56 41/53/57 42/54/58
f 1/55/59 21/56/60 43/57/61 44/58/62
f 21/59/63 20/578/64 45/552/65 43/62/66
f 3/81/67 2/577/68 46/553/69 47/555/70
f 4/101/71 3/102/72 47/103/73 48/104/74
f 5/105/75 4/106/76 48/107/77 49/108/78
f 6/109/79 5/110/80 49/111/81 50/112/82
f 7/113/83 6/114/84 50/115/85 51/557/86
f 8/119/87 7/576/88 51/558/89 52/120/90
f 9/133/91 8/134/92 52/135/93 53/136/94
f 10/137/95 9/138/96 53/139/97 54/140/98
f 11/141/99 10/575/100 54/559/101 55/563/102
f 12/157/103 11/158/104 55/159/105 56/561/106
f 13/163/107 12/574/108 56/562/109 57/164/110
f 14/177/111 13/178/112 57/179/113 58/180/114
f 15/181/115 14/182/116 58/183/117 59/184/118
f 16/185/119 15/573/120 59/545/121 60/547/122
f 20/60/123 19/571/124 61/549/125 45/551/126
f 2/82/127 1/85/128 44/86/129 46/83/130
f 29/201/131 28/570/132 62/512/133 63/202/134
f 56/203/135 59/204/136 58/205/137 57/206/138
f 31/174/139 30/175/140 64/176/141 65/172/142
f 62/207/143 65/208/144 64/209/145 63/210/146
f 34/155/147 33/568/148 66/535/149 67/156/150
f 51/211/151 54/212/152 53/213/153 52/214/154
f 36/130/155 35/131/156 68/132/157 69/128/158
f 66/215/159 69/216/160 68/217/161 67/218/162
f 38/219/163 37/220/164 70/221/165 71/222/166
f 47/223/167 50/224/168 49/225/169 48/226/170
f 40/227/171 39/228/172 72/229/173 73/230/174
f 70/231/175 73/232/176 72/233/177 71/234/178
f 45/235/179 46/236/180 44/237/181 43/238/182
f 25/74/183 24/79/184 74/80/185 75/75/186
f 76/239/187 75/240/188 74/241/189 77/242/190
f 42/99/191 41/565/192 76/501/193 77/100/194
f 56/160/195 55/564/196 78/161/197 79/517/198
f 78/541/199 55/142/200 54/560/201 80/144/202
f 54/243/203 51/244/204 81/245/205 80/246/206
f 51/116/207 50/556/208 82/117/209 81/538/210
f 50/247/211 47/248/212 83/249/213 82/250/214
f 83/496/215 47/84/216 46/554/217 84/88/218
f 84/251/219 46/252/220 45/253/221 85/254/222
f 45/61/223 61/550/224 86/498/225 85/497/226
f 87/521/227 60/186/228 59/546/229 88/188/230
f 59/255/231 56/256/232 79/257/233 88/258/234
f 30/259/235 29/260/236 63/261/237 64/262/238
f 32/173/239 31/569/240 65/509/241 89/536/242
f 33/153/243 32/154/244 89/151/245 66/534/246
f 35/263/247 34/264/248 67/265/249 68/266/250
f 37/129/251 36/567/252 69/531/253 70/533/254
f 39/267/255 38/268/256 71/269/257 72/270/258
f 41/97/259 40/98/260 73/95/261 76/500/262
f 24/271/263 42/272/264 77/273/265 74/274/266
f 26/67/267 25/566/268 75/503/269 90/507/270
f 28/200/271 27/543/272 91/513/273 62/511/274
f 92/529/275 93/148/276 94/481/277 95/150/278
f 96/471/279 97/125/280 98/483/281 99/124/282
f 94/147/283 93/527/284 100/145/285 101/479/286
f 96/123/287 99/482/288 102/122/289 103/468/290
f 100/523/291 78/143/292 80/540/293 101/146/294
f 82/539/295 103/121/296 102/480/297 81/118/298
f 89/537/299 92/149/300 95/484/301 66/152/302
f 97/470/303 70/127/304 69/532/305 98/126/306
f 104/515/307 105/525/308 106/487/309 107/198/310
f 93/167/311 92/530/312 108/489/313 109/168/314
f 106/197/315 105/526/316 110/519/317 111/485/318
f 93/528/319 109/488/320 112/166/321 100/165/322
f 110/520/323 87/187/324 88/518/325 111/196/326
f 78/542/327 100/524/328 112/486/329 79/162/330
f 91/514/331 104/192/332 107/490/333 62/199/334
f 92/169/335 89/171/336 65/510/337 108/170/338
f 113/493/339 114/505/340 115/475/341 116/77/342
f 117/469/343 118/92/344 119/477/345 120/94/346
f 114/506/347 90/68/348 75/504/349 115/76/350
f 73/502/351 117/93/352 120/476/353 76/96/354
f 86/499/355 121/491/356 122/473/357 85/73/358
f 123/467/359 83/87/360 84/495/361 124/90/362
f 113/70/363 116/478/364 122/78/365 121/492/366
f 119/91/367 118/472/368 123/89/369 124/474/370
f 109/275/371 108/276/372 107/277/373 106/278/374
f 109/279/375 106/280/376 111/281/377 112/282/378
f 79/283/379 112/284/380 111/285/381 88/286/382
f 108/287/383 65/288/384 62/289/385 107/290/386
f 99/291/387 98/292/388 95/293/389 94/294/390
f 99/295/391 94/296/392 101/297/393 102/298/394
f 81/299/395 102/300/396 101/301/397 80/302/398
f 98/303/399 69/304/400 66/305/401 95/306/402
f 120/307/403 119/308/404 116/309/405 115/310/406
f 76/311/407 120/312/408 115/313/409 75/314/410
f 124/315/411 84/316/412 85/317/413 122/318/414
f 116/319/415 119/320/416 124/321/417 122/322/418
f 96/323/419 118/324/420 117/325/421 97/326/422
f 123/327/423 103/328/424 82/329/425 83/330/426
f 118/331/427 96/332/428 103/333/429 123/334/430
f 17/189/431 16/572/432 60/548/433 87/522/434 110/190/435 105/191/436 104/516/437 91/193/438 27/194/439 22/195/440
f 117/335/441 73/336/442 70/337/443 97/338/444
f 18/65/445 23/66/446 26/544/447 90/508/448 114/69/449 113/494/450 121/71/451 86/72/452 61/64/453 19/63/454
f 152/339/455 17/340/456 125/341/457 151/342/458
usemtl phongE9SG1
f 17/583/459 22/584/460 127/585/461 125/586/462
usemtl phongE1SG2
f 22/357/463 149/461/464 150/437/465 127/360/466
f 23/375/467 18/376/468 126/377/469 128/455/470
f 129/381/471 23/382/472 128/383/473 130/457/474
f 18/387/475 132/388/476 131/389/477 126/453/478
f 133/393/479 129/394/480 130/395/481 134/396/482
usemtl phongE9SG1
f 154/587/483 153/588/484 155/589/485 156/590/486 157/591/487 158/592/488
usemtl phongE1SG2
f 132/397/489 136/398/490 135/399/491 131/400/492
f 137/466/493 133/371/494 134/372/495 138/448/496
usemtl phongE9SG1
f 160/593/497 159/594/498 161/595/499 162/596/500
usemtl phongE1SG2
f 136/355/501 140/351/502 139/451/503 135/356/504
f 141/464/505 137/367/506 138/449/507 142/364/508
usemtl phongE9SG1
f 164/597/509 163/598/510 165/599/511 166/600/512
usemtl phongE1SG2
f 140/465/513 144/347/514 143/446/515 139/450/516
f 145/462/517 141/363/518 142/443/519 146/433/520
usemtl phongE9SG1
f 168/601/521 167/602/522 169/603/523 170/604/524
usemtl phongE1SG2
f 144/463/525 148/343/526 147/439/527 143/445/528
f 149/358/529 145/361/530 146/434/531 150/436/532
usemtl phongE9SG1
f 172/605/533 171/606/534 173/607/535 174/608/536
usemtl phongE1SG2
f 148/460/537 152/459/538 151/441/539 147/438/540
f 131/401/541 135/402/542 153/403/543 154/404/544
usemtl phongE9SG1
f 135/609/545 134/610/546 155/611/547 153/612/548
usemtl phongE1SG2
f 134/405/549 130/406/550 156/407/551 155/408/552
f 130/384/553 128/456/554 157/385/555 156/386/556
f 128/378/557 126/454/558 158/379/559 157/380/560
f 126/390/561 131/458/562 154/391/563 158/392/564
f 135/409/565 139/410/566 159/411/567 160/412/568
usemtl phongE9SG1
f 139/613/569 138/614/570 161/615/571 159/616/572
usemtl phongE1SG2
f 138/368/573 134/452/574 162/373/575 161/374/576
f 134/413/577 135/414/578 160/415/579 162/416/580
f 139/352/581 143/447/582 163/353/583 164/354/584
usemtl phongE9SG1
f 143/617/585 142/618/586 165/619/587 163/620/588
usemtl phongE1SG2
f 142/417/589 138/418/590 166/419/591 165/420/592
f 138/421/593 139/422/594 164/423/595 166/424/596
f 143/348/597 147/440/598 167/349/599 168/350/600
usemtl phongE9SG1
f 147/621/601 146/622/602 169/623/603 167/624/604
usemtl phongE1SG2
f 146/362/605 142/444/606 170/369/607 169/370/608
f 142/425/609 143/426/610 168/427/611 170/428/612
f 147/344/613 151/442/614 171/345/615 172/346/616
usemtl phongE9SG1
f 151/625/617 150/626/618 173/627/619 171/628/620
usemtl phongE1SG2
f 150/359/621 146/435/622 174/365/623 173/366/624
f 146/429/625 147/430/626 172/431/627 174/432/628
usemtl phongE4SG1
f 175/629/629 176/630/630 177/631/631 178/632/632 179/633/633 180/634/634 181/635/635 182/636/636
f 183/637/637 184/638/638 185/639/639 186/640/640 187/641/641 188/642/642
f 189/643/643 190/644/644 186/645/645 185/646/646
f 191/647/647 192/648/648 190/649/649 189/650/650
f 193/651/651 194/652/652 192/653/653 191/654/654
f 195/655/655 196/656/656 197/657/657 194/658/658 193/659/659 198/660/660 199/661/661 200/662/662 201/663/663 202/664/664 203/665/665 204/666/666
f 205/667/667 206/668/668 196/669/669 195/670/670
f 207/671/671 1161/672/672 1162/673/673 210/674/674
f 211/675/675 207/676/676 210/677/677 212/678/678
f 1164/679/679 211/680/680 212/681/681 1163/682/682
f 208/683/683 213/684/684 214/685/685 209/686/686
f 215/687/687 1185/688/688 1186/689/689 218/690/690
f 219/691/691 215/692/692 218/693/693 220/694/694
f 1188/695/695 219/696/696 220/697/697 1187/698/698
f 216/699/699 221/700/700 222/701/701 217/702/702
f 223/703/703 224/704/704 225/705/705 226/706/706
f 227/707/707 223/708/708 226/709/709 228/710/710
f 229/711/711 227/712/712 228/713/713 230/714/714
f 224/715/715 229/716/716 230/717/717 225/718/718
f 231/719/719 232/720/720 233/721/721 234/722/722
f 235/723/723 192/724/724 194/725/725 197/726/726
f 206/727/727 235/728/728 197/729/729 196/730/730
f 236/731/731 233/732/732 232/733/733 237/734/734
f 238/735/735 239/736/736 240/737/737 241/738/738
f 242/739/739 238/740/740 241/741/741 175/742/742 243/743/743
f 244/744/744 245/745/745 246/746/746 247/747/747
f 239/748/748 246/749/749 245/750/750 240/751/751
f 248/752/752 249/753/753 250/754/754 251/755/755
f 252/756/756 248/757/757 251/758/758 253/759/759
f 254/760/760 252/761/761 253/762/762 255/763/763
f 249/764/764 254/765/765 255/766/766 250/767/767
f 256/768/768 1157/769/769 1158/770/770 259/771/771
f 260/772/772 256/773/773 259/774/774 261/775/775
f 1160/776/776 260/777/777 261/778/778 1159/779/779
f 257/780/780 262/781/781 263/782/782 258/783/783
f 264/784/784 265/785/785 266/786/786 267/787/787
f 1168/788/788 264/789/789 267/790/790 1167/791/791
f 270/792/792 268/793/793 269/794/794 271/795/795
f 265/796/796 1165/797/797 1166/798/798 266/799/799
f 272/800/800 273/801/801 274/802/802 275/803/803
f 1172/804/804 272/805/805 275/806/806 1171/807/807
f 278/808/808 276/809/809 277/810/810 279/811/811
f 273/812/812 1169/813/813 1170/814/814 274/815/815
f 280/816/816 281/817/817 282/818/818 283/819/819
f 1176/820/820 280/821/821 283/822/822 1175/823/823
f 286/824/824 284/825/825 285/826/826 287/827/827
f 281/828/828 1173/829/829 1174/830/830 282/831/831
f 288/832/832 1197/833/833 1198/834/834 291/835/835
f 292/836/836 288/837/837 291/838/838 293/839/839
f 1200/840/840 292/841/841 293/842/842 1199/843/843
f 289/844/844 294/845/845 295/846/846 290/847/847
f 296/848/848 297/849/849 298/850/850 299/851/851
f 300/852/852 1201/853/853 1202/854/854 301/855/855
f 302/856/856 300/857/857 301/858/858 303/859/859
f 1156/860/860 302/861/861 303/862/862 1155/863/863
f 304/864/864 305/865/865 306/866/866 307/867/867
f 308/868/868 304/869/869 307/870/870 309/871/871
f 310/872/872 308/873/873 309/874/874 311/875/875
f 305/876/876 310/877/877 311/878/878 306/879/879
f 312/880/880 313/881/881 314/882/882 315/883/883
f 316/884/884 312/885/885 315/886/886 317/887/887
f 318/888/888 316/889/889 317/890/890 319/891/891
f 313/892/892 318/893/893 319/894/894 314/895/895
f 320/896/896 321/897/897 322/898/898 323/899/899
f 324/900/900 320/901/901 323/902/902 325/903/903
f 326/904/904 324/905/905 325/906/906 327/907/907
f 321/908/908 326/909/909 327/910/910 322/911/911
f 328/912/912 329/913/913 330/914/914 331/915/915
f 332/916/916 328/917/917 331/918/918 333/919/919
f 334/920/920 332/921/921 333/922/922 335/923/923
f 329/924/924 334/925/925 335/926/926 330/927/927
f 336/928/928 337/929/929 338/930/930 339/931/931
f 340/932/932 336/933/933 339/934/934 341/935/935
f 342/936/936 340/937/937 341/938/938 343/939/939
f 344/940/940 338/941/941 337/942/942 345/943/943
f 346/944/944 347/945/945 348/946/946 349/947/947
f 350/948/948 348/949/949 347/950/950 351/951/951
f 352/952/952 350/953/953 351/954/954 353/955/955
f 188/956/956 187/957/957 354/958/958 355/959/959
f 190/960/960 354/961/961 187/962/962 186/963/963
f 356/964/964 357/965/965 358/966/966 359/967/967
f 360/968/968 358/969/969 357/970/970 361/971/971
f 362/972/972 363/973/973 364/974/974 365/975/975
f 366/976/976 362/977/977 365/978/978 367/979/979
f 368/980/980 366/981/981 367/982/982 369/983/983
f 363/984/984 368/985/985 369/986/986 364/987/987
f 370/988/988 371/989/989 372/990/990 373/991/991
f 374/992/992 370/993/993 373/994/994 375/995/995
f 376/996/996 374/997/997 375/998/998 377/999/999
f 371/1000/1000 376/1001/1001 377/1002/1002 372/1003/1003
f 378/1004/1004 379/1005/1005 380/1006/1006 381/1007/1007
f 382/1008/1008 378/1009/1009 381/1010/1010 383/1011/1011
f 384/1012/1012 382/1013/1013 383/1014/1014 385/1015/1015
f 379/1016/1016 384/1017/1017 385/1018/1018 380/1019/1019
f 386/1020/1020 387/1021/1021 388/1022/1022 389/1023/1023
f 390/1024/1024 386/1025/1025 389/1026/1026 391/1027/1027
f 392/1028/1028 390/1029/1029 391/1030/1030 393/1031/1031
f 387/1032/1032 392/1033/1033 393/1034/1034 388/1035/1035
f 394/1036/1036 395/1037/1037 396/1038/1038 397/1039/1039
f 398/1040/1040 394/1041/1041 397/1042/1042 399/1043/1043
f 400/1044/1044 398/1045/1045 399/1046/1046 401/1047/1047
f 395/1048/1048 400/1049/1049 401/1050/1050 396/1051/1051
f 402/1052/1052 403/1053/1053 404/1054/1054 405/1055/1055
f 406/1056/1056 402/1057/1057 405/1058/1058 407/1059/1059
f 408/1060/1060 406/1061/1061 407/1062/1062 409/1063/1063
f 403/1064/1064 408/1065/1065 409/1066/1066 404/1067/1067
f 410/1068/1068 411/1069/1069 412/1070/1070 413/1071/1071
f 414/1072/1072 410/1073/1073 413/1074/1074 415/1075/1075
f 416/1076/1076 414/1077/1077 415/1078/1078 417/1079/1079
f 411/1080/1080 416/1081/1081 417/1082/1082 412/1083/1083
f 418/1084/1084 419/1085/1085 420/1086/1086 421/1087/1087
f 422/1088/1088 418/1089/1089 421/1090/1090 423/1091/1091
f 424/1092/1092 422/1093/1093 423/1094/1094 425/1095/1095
f 419/1096/1096 424/1097/1097 425/1098/1098 420/1099/1099
f 426/1100/1100 427/1101/1101 428/1102/1102 429/1103/1103
f 430/1104/1104 426/1105/1105 429/1106/1106 431/1107/1107
f 432/1108/1108 430/1109/1109 431/1110/1110 433/1111/1111
f 434/1112/1112 428/1113/1113 427/1114/1114 435/1115/1115 436/1116/1116
f 437/1117/1117 438/1118/1118 439/1119/1119 440/1120/1120
f 441/1121/1121 437/1122/1122 440/1123/1123 442/1124/1124
f 443/1125/1125 441/1126/1126 442/1127/1127 444/1128/1128
f 438/1129/1129 443/1130/1130 444/1131/1131 439/1132/1132
f 445/1133/1133 446/1134/1134 447/1135/1135 448/1136/1136
f 449/1137/1137 445/1138/1138 448/1139/1139 450/1140/1140
f 451/1141/1141 449/1142/1142 450/1143/1143 452/1144/1144
f 446/1145/1145 451/1146/1146 452/1147/1147 447/1148/1148
f 453/1149/1149 454/1150/1150 455/1151/1151 456/1152/1152
f 457/1153/1153 453/1154/1154 456/1155/1155 458/1156/1156
f 459/1157/1157 457/1158/1158 458/1159/1159 460/1160/1160
f 454/1161/1161 459/1162/1162 460/1163/1163 455/1164/1164
f 461/1165/1165 462/1166/1166 463/1167/1167 464/1168/1168
f 436/1169/1169 461/1170/1170 464/1171/1171 465/1172/1172 434/1173/1173
f 466/1174/1174 463/1175/1175 462/1176/1176 467/1177/1177 468/1178/1178
f 469/1179/1179 470/1180/1180 471/1181/1181 472/1182/1182
f 473/1183/1183 469/1184/1184 472/1185/1185 474/1186/1186
f 475/1187/1187 473/1188/1188 474/1189/1189 476/1190/1190
f 470/1191/1191 475/1192/1192 476/1193/1193 471/1194/1194
f 477/1195/1195 478/1196/1196 479/1197/1197 480/1198/1198
f 481/1199/1199 477/1200/1200 480/1201/1201 482/1202/1202
f 483/1203/1203 481/1204/1204 482/1205/1205 484/1206/1206
f 478/1207/1207 483/1208/1208 484/1209/1209 479/1210/1210
f 485/1211/1211 486/1212/1212 487/1213/1213 488/1214/1214
f 489/1215/1215 485/1216/1216 488/1217/1217 490/1218/1218
f 491/1219/1219 489/1220/1220 490/1221/1221 492/1222/1222
f 486/1223/1223 491/1224/1224 492/1225/1225 487/1226/1226
f 493/1227/1227 494/1228/1228 495/1229/1229 496/1230/1230
f 497/1231/1231 493/1232/1232 496/1233/1233 468/1234/1234 467/1235/1235
f 182/1236/1236 495/1237/1237 494/1238/1238 243/1239/1239 175/1240/1240
f 483/1241/1241 252/1242/1242 208/1243/1243 262/1244/1244
f 252/1245/1245 254/1246/1246 213/1247/1247 208/1248/1248
f 213/1249/1249 254/1250/1250 486/1251/1251 270/1252/1252
f 270/1253/1253 486/1254/1254 485/1255/1255 268/1256/1256
f 268/1257/1257 485/1258/1258 454/1259/1259 278/1260/1260
f 278/1261/1261 454/1262/1262 453/1263/1263 276/1264/1264
f 453/1265/1265 419/1266/1266 286/1267/1267 276/1268/1268
f 286/1269/1269 419/1270/1270 418/1271/1271 284/1272/1272
f 418/1273/1273 498/1274/1274 499/1275/1275 284/1276/1276
f 498/1277/1277 500/1278/1278 501/1279/1279 499/1280/1280
f 501/1281/1281 500/1282/1282 430/1283/1283 502/1284/1284
f 503/1285/1285 504/1286/1286 502/1287/1287 430/1288/1288 432/1289/1289 505/1290/1290
f 506/1291/1291 507/1292/1292 504/1293/1293 503/1294/1294
f 508/1295/1295 509/1296/1296 510/1297/1297 507/1298/1298 506/1299/1299 511/1300/1300 512/1301/1301
f 513/1302/1302 514/1303/1303 510/1304/1304 509/1305/1305
f 515/1306/1306 516/1307/1307 517/1308/1308 518/1309/1309 514/1310/1310 513/1311/1311
f 519/1312/1312 216/1313/1313 518/1314/1314 517/1315/1315
f 520/1316/1316 521/1317/1317 522/1318/1318 523/1319/1319 524/1320/1320 525/1321/1321 526/1322/1322 247/1323/1323 246/1324/1324 221/1325/1325 216/1326/1326 519/1327/1327
f 221/1328/1328 246/1329/1329 470/1330/1330 527/1331/1331
f 527/1332/1332 470/1333/1333 469/1334/1334 528/1335/1335
f 528/1336/1336 469/1337/1337 438/1338/1338 529/1339/1339
f 529/1340/1340 438/1341/1341 437/1342/1342 530/1343/1343
f 437/1344/1344 403/1345/1345 531/1346/1346 530/1347/1347
f 531/1348/1348 403/1349/1349 402/1350/1350 532/1351/1351
f 402/1352/1352 533/1353/1353 534/1354/1354 532/1355/1355
f 533/1356/1356 535/1357/1357 536/1358/1358 534/1359/1359
f 536/1360/1360 535/1361/1361 414/1362/1362 289/1363/1363
f 414/1364/1364 416/1365/1365 294/1366/1366 289/1367/1367
f 294/1368/1368 416/1369/1369 449/1370/1370 296/1371/1371
f 449/1372/1372 451/1373/1373 297/1374/1374 296/1375/1375
f 451/1376/1376 481/1377/1377 257/1378/1378 297/1379/1379
f 483/1380/1380 262/1381/1381 257/1382/1382 481/1383/1383
f 1156/1384/1384 1157/1385/1385 256/1386/1386 302/1387/1387
f 1158/1388/1388 1159/1389/1389 261/1390/1390 259/1391/1391
f 1160/1392/1392 1161/1393/1393 207/1394/1394 260/1395/1395
f 1162/1396/1396 1163/1397/1397 212/1398/1398 210/1399/1399
f 211/1400/1400 1164/1401/1401 1165/1402/1402 265/1403/1403
f 266/1404/1404 1166/1405/1405 1167/1406/1406 267/1407/1407
f 264/1408/1408 1168/1409/1409 1169/1410/1410 273/1411/1411
f 274/1412/1412 1170/1413/1413 1171/1414/1414 275/1415/1415
f 1172/1416/1416 1173/1417/1417 281/1418/1418 272/1419/1419
f 282/1420/1420 1174/1421/1421 1175/1422/1422 283/1423/1423
f 1176/1424/1424 1177/1425/1425 537/1426/1426 280/1427/1427
f 1177/1428/1428 1178/1429/1429 538/1430/1430 537/1431/1431
f 538/1432/1432 1178/1433/1433 1179/1434/1434 539/1435/1435
f 1179/1436/1436 1180/1437/1437 540/1438/1438 539/1439/1439
f 540/1440/1440 1180/1441/1441 1181/1442/1442 541/1443/1443
f 1181/1444/1444 1182/1445/1445 542/1446/1446 541/1447/1447
f 1182/1448/1448 1183/1449/1449 543/1450/1450 542/1451/1451
f 1183/1452/1452 1184/1453/1453 544/1454/1454 543/1455/1455
f 1184/1456/1456 1185/1457/1457 215/1458/1458 544/1459/1459
f 1186/1460/1460 1187/1461/1461 220/1462/1462 218/1463/1463
f 219/1464/1464 1188/1465/1465 1189/1466/1466 545/1467/1467
f 545/1468/1468 1189/1469/1469 1190/1470/1470 546/1471/1471
f 546/1472/1472 1190/1473/1473 1191/1474/1474 547/1475/1475
f 547/1476/1476 1191/1477/1477 1192/1478/1478 548/1479/1479
f 1192/1480/1480 1193/1481/1481 549/1482/1482 548/1483/1483
f 549/1484/1484 1193/1485/1485 1194/1486/1486 550/1487/1487
f 1194/1488/1488 1195/1489/1489 551/1490/1490 550/1491/1491
f 1195/1492/1492 1196/1493/1493 552/1494/1494 551/1495/1495
f 552/1496/1496 1196/1497/1497 1197/1498/1498 288/1499/1499
f 1198/1500/1500 1199/1501/1501 293/1502/1502 291/1503/1503
f 292/1504/1504 1200/1505/1505 1201/1506/1506 300/1507/1507
f 1202/1508/1508 1155/1509/1509 303/1510/1510 301/1511/1511
f 302/1512/1512 256/1513/1513 305/1514/1514 395/1515/1515
f 256/1516/1516 260/1517/1517 310/1518/1518 305/1519/1519
f 260/1520/1520 207/1521/1521 224/1522/1522 310/1523/1523
f 207/1524/1524 211/1525/1525 229/1526/1526 224/1527/1527
f 229/1528/1528 211/1529/1529 265/1530/1530 318/1531/1531
f 318/1532/1532 265/1533/1533 264/1534/1534 316/1535/1535
f 316/1536/1536 264/1537/1537 273/1538/1538 326/1539/1539
f 326/1540/1540 273/1541/1541 272/1542/1542 324/1543/1543
f 272/1544/1544 281/1545/1545 334/1546/1546 324/1547/1547
f 334/1548/1548 281/1549/1549 280/1550/1550 332/1551/1551
f 280/1552/1552 537/1553/1553 553/1554/1554 332/1555/1555
f 537/1556/1556 538/1557/1557 554/1558/1558 553/1559/1559
f 554/1560/1560 538/1561/1561 539/1562/1562 337/1563/1563
f 345/1564/1564 337/1565/1565 539/1566/1566 540/1567/1567 555/1568/1568 556/1569/1569
f 555/1570/1570 540/1571/1571 541/1572/1572 557/1573/1573
f 557/1574/1574 541/1575/1575 542/1576/1576 558/1577/1577 559/1578/1578 560/1579/1579
f 558/1580/1580 542/1581/1581 543/1582/1582 561/1583/1583
f 561/1584/1584 543/1585/1585 544/1586/1586 358/1587/1587 360/1588/1588 562/1589/1589
f 544/1590/1590 215/1591/1591 232/1592/1592 358/1593/1593
f 563/1594/1594 564/1595/1595 565/1596/1596 566/1597/1597 567/1598/1598 568/1599/1599 237/1600/1600 232/1601/1601 215/1602/1602 219/1603/1603 206/1604/1604 205/1605/1605
f 206/1606/1606 219/1607/1607 545/1608/1608 368/1609/1609
f 368/1610/1610 545/1611/1611 546/1612/1612 366/1613/1613
f 366/1614/1614 546/1615/1615 547/1616/1616 376/1617/1617
f 376/1618/1618 547/1619/1619 548/1620/1620 374/1621/1621
f 548/1622/1622 549/1623/1623 384/1624/1624 374/1625/1625
f 384/1626/1626 549/1627/1627 550/1628/1628 382/1629/1629
f 550/1630/1630 551/1631/1631 569/1632/1632 382/1633/1633
f 551/1634/1634 552/1635/1635 570/1636/1636 569/1637/1637
f 570/1638/1638 552/1639/1639 288/1640/1640 387/1641/1641
f 288/1642/1642 292/1643/1643 392/1644/1644 387/1645/1645
f 392/1646/1646 292/1647/1647 300/1648/1648 394/1649/1649
f 302/1650/1650 395/1651/1651 394/1652/1652 300/1653/1653
f 395/1654/1654 305/1655/1655 304/1656/1656 400/1657/1657
f 306/1658/1658 311/1659/1659 309/1660/1660 307/1661/1661
f 310/1662/1662 224/1663/1663 223/1664/1664 308/1665/1665
f 225/1666/1666 230/1667/1667 228/1668/1668 226/1669/1669
f 227/1670/1670 229/1671/1671 318/1672/1672 313/1673/1673
f 314/1674/1674 319/1675/1675 317/1676/1676 315/1677/1677
f 312/1678/1678 316/1679/1679 326/1680/1680 321/1681/1681
f 322/1682/1682 327/1683/1683 325/1684/1684 323/1685/1685
f 324/1686/1686 334/1687/1687 329/1688/1688 320/1689/1689
f 330/1690/1690 335/1691/1691 333/1692/1692 331/1693/1693
f 332/1694/1694 553/1695/1695 571/1696/1696 328/1697/1697
f 553/1698/1698 554/1699/1699 572/1700/1700 571/1701/1701
f 572/1702/1702 554/1703/1703 337/1704/1704 336/1705/1705
f 573/1706/1706 343/1707/1707 341/1708/1708 339/1709/1709 338/1710/1710 344/1711/1711
f 349/1712/1712 348/1713/1713 340/1714/1714 342/1715/1715
f 346/1716/1716 574/1717/1717 575/1718/1718 353/1719/1719 351/1720/1720 347/1721/1721
f 355/1722/1722 354/1723/1723 350/1724/1724 352/1725/1725
f 361/1726/1726 357/1727/1727 356/1728/1728 576/1729/1729
f 359/1730/1730 358/1731/1731 232/1732/1732 231/1733/1733
f 234/1734/1734 233/1735/1735 236/1736/1736 577/1737/1737
f 235/1738/1738 206/1739/1739 368/1740/1740 363/1741/1741
f 364/1742/1742 369/1743/1743 367/1744/1744 365/1745/1745
f 362/1746/1746 366/1747/1747 376/1748/1748 371/1749/1749
f 372/1750/1750 377/1751/1751 375/1752/1752 373/1753/1753
f 374/1754/1754 384/1755/1755 379/1756/1756 370/1757/1757
f 380/1758/1758 385/1759/1759 383/1760/1760 381/1761/1761
f 382/1762/1762 569/1763/1763 578/1764/1764 378/1765/1765
f 569/1766/1766 570/1767/1767 579/1768/1768 578/1769/1769
f 579/1770/1770 570/1771/1771 387/1772/1772 386/1773/1773
f 388/1774/1774 393/1775/1775 391/1776/1776 389/1777/1777
f 390/1778/1778 392/1779/1779 394/1780/1780 398/1781/1781
f 396/1782/1782 401/1783/1783 399/1784/1784 397/1785/1785
f 411/1786/1786 408/1787/1787 441/1788/1788 445/1789/1789
f 473/1790/1790 477/1791/1791 446/1792/1792 443/1793/1793
f 408/1794/1794 403/1795/1795 437/1796/1796 441/1797/1797
f 469/1798/1798 473/1799/1799 443/1800/1800 438/1801/1801
f 379/1802/1802 390/1803/1803 398/1804/1804 370/1805/1805
f 304/1806/1806 362/1807/1807 371/1808/1808 400/1809/1809
f 416/1810/1810 411/1811/1811 445/1812/1812 449/1813/1813
f 477/1814/1814 481/1815/1815 451/1816/1816 446/1817/1817
f 427/1818/1818 424/1819/1819 457/1820/1820 461/1821/1821
f 489/1822/1822 493/1823/1823 462/1824/1824 459/1825/1825
f 424/1826/1826 419/1827/1827 453/1828/1828 457/1829/1829
f 485/1830/1830 489/1831/1831 459/1832/1832 454/1833/1833
f 329/1834/1834 340/1835/1835 348/1836/1836 320/1837/1837
f 354/1838/1838 312/1839/1839 321/1840/1840 350/1841/1841
f 435/1842/1842 427/1843/1843 461/1844/1844 436/1845/1845
f 467/1846/1846 462/1847/1847 493/1848/1848 497/1849/1849
f 580/1850/1850 581/1851/1851 406/1852/1852 410/1853/1853
f 581/1854/1854 533/1855/1855 402/1856/1856 406/1857/1857
f 578/1858/1858 579/1859/1859 386/1860/1860 378/1861/1861
f 535/1862/1862 580/1863/1863 410/1864/1864 414/1865/1865
f 239/1866/1866 248/1867/1867 478/1868/1868 475/1869/1869
f 246/1870/1870 239/1871/1871 475/1872/1872 470/1873/1873
f 223/1874/1874 235/1875/1875 363/1876/1876 308/1877/1877
f 248/1878/1878 252/1879/1879 483/1880/1880 478/1881/1881
f 582/1882/1882 583/1883/1883 422/1884/1884 426/1885/1885
f 583/1886/1886 498/1887/1887 418/1888/1888 422/1889/1889
f 571/1890/1890 572/1891/1891 336/1892/1892 328/1893/1893
f 500/1894/1894 582/1895/1895 426/1896/1896 430/1897/1897
f 249/1898/1898 238/1899/1899 494/1900/1900 491/1901/1901
f 254/1902/1902 249/1903/1903 491/1904/1904 486/1905/1905
f 192/1906/1906 227/1907/1907 313/1908/1908 190/1909/1909
f 243/1910/1910 494/1911/1911 238/1912/1912 242/1913/1913
f 408/1914/1914 411/1915/1915 410/1916/1916 406/1917/1917
f 404/1918/1918 409/1919/1919 407/1920/1920 405/1921/1921
f 390/1922/1922 379/1923/1923 378/1924/1924 386/1925/1925
f 412/1926/1926 417/1927/1927 415/1928/1928 413/1929/1929
f 424/1930/1930 427/1931/1931 426/1932/1932 422/1933/1933
f 420/1934/1934 425/1935/1935 423/1936/1936 421/1937/1937
f 340/1938/1938 329/1939/1939 328/1940/1940 336/1941/1941
f 584/1942/1942 433/1943/1943 431/1944/1944 429/1945/1945 428/1946/1946 434/1947/1947
f 443/1948/1948 446/1949/1949 445/1950/1950 441/1951/1951
f 439/1952/1952 444/1953/1953 442/1954/1954 440/1955/1955
f 400/1956/1956 371/1957/1957 370/1958/1958 398/1959/1959
f 447/1960/1960 452/1961/1961 450/1962/1962 448/1963/1963
f 459/1964/1964 462/1965/1965 461/1966/1966 457/1967/1967
f 455/1968/1968 460/1969/1969 458/1970/1970 456/1971/1971
f 350/1972/1972 321/1973/1973 320/1974/1974 348/1975/1975
f 585/1976/1976 465/1977/1977 464/1978/1978 463/1979/1979 466/1980/1980 586/1981/1981 587/1982/1982
f 475/1983/1983 478/1984/1984 477/1985/1985 473/1986/1986
f 471/1987/1987 476/1988/1988 474/1989/1989 472/1990/1990
f 308/1991/1991 363/1992/1992 362/1993/1993 304/1994/1994
f 479/1995/1995 484/1996/1996 482/1997/1997 480/1998/1998
f 491/1999/1999 494/2000/2000 493/2001/2001 489/2002/2002
f 487/2003/2003 492/2004/2004 490/2005/2005 488/2006/2006
f 190/2007/2007 313/2008/2008 312/2009/2009 354/2010/2010
f 588/2011/2011 468/2012/2012 496/2013/2013 495/2014/2014 182/2015/2015 181/2016/2016
f 239/2017/2017 238/2018/2018 249/2019/2019 248/2020/2020
f 192/2021/2021 235/2022/2022 223/2023/2023 227/2024/2024
f 175/2025/2025 241/2026/2026 240/2027/2027 245/2028/2028 244/2029/2029 589/2030/2030 590/2031/2031 591/2032/2032 592/2033/2033 593/2034/2034 594/2035/2035 176/2036/2036
f 580/2037/2037 535/2038/2038 533/2039/2039 581/2040/2040
f 250/2041/2041 255/2042/2042 253/2043/2043 251/2044/2044
f 582/2045/2045 500/2046/2046 498/2047/2047 583/2048/2048
f 587/2049/2049 586/2050/2050 595/2051/2051 596/2052/2052
f 588/2053/2053 181/2054/2054 180/2055/2055 597/2056/2056
f 176/2057/2057 594/2058/2058 598/2059/2059 177/2060/2060
f 593/2061/2061 592/2062/2062 599/2063/2063 600/2064/2064
f 525/2065/2065 524/2066/2066 601/2067/2067 602/2068/2068
f 203/2069/2069 202/2070/2070 603/2071/2071 604/2072/2072 605/2073/2073 606/2074/2074 607/2075/2075 608/2076/2076 609/2077/2077 610/2078/2078 611/2079/2079 612/2080/2080 613/2081/2081 603/2082/2082 614/2083/2083
f 360/2084/2084 361/2085/2085 576/2086/2086 615/2087/2087 616/2088/2088 617/2089/2089 562/2090/2090
f 237/2091/2091 568/2092/2092 618/2093/2093 619/2094/2094 620/2095/2095 621/2096/2096 577/2097/2097 236/2098/2098
f 201/2099/2099 200/2100/2100 622/2101/2101 623/2102/2102 624/2103/2103 625/2104/2104 626/2105/2105 627/2106/2106 628/2107/2107 629/2108/2108 630/2109/2109 631/2110/2110 632/2111/2111 633/2112/2112 623/2113/2113
f 353/2114/2114 575/2115/2115 634/2116/2116 635/2117/2117 636/2118/2118 637/2119/2119 638/2120/2120 639/2121/2121 640/2122/2122 641/2123/2123 642/2124/2124 643/2125/2125 644/2126/2126 634/2127/2127 645/2128/2128
f 574/2129/2129 346/2130/2130 646/2131/2131 647/2132/2132 648/2133/2133 649/2134/2134 650/2135/2135 651/2136/2136 652/2137/2137 653/2138/2138 654/2139/2139 655/2140/2140 656/2141/2141 657/2142/2142 647/2143/2143
f 465/2144/2144 585/2145/2145 658/2146/2146 659/2147/2147
f 660/2148/2148 661/2149/2149 663/2150/2150 662/2151/2151
f 664/2152/2152 560/2153/2153 665/2154/2154
f 560/2155/2155 666/2156/2156 665/2157/2157
f 560/2158/2158 559/2159/2159 666/2160/2160
f 559/2161/2161 667/2162/2162 666/2163/2163
f 670/2164/2164 671/2165/2165 669/2166/2166 668/2167/2167
f 671/2168/2168 670/2169/2169 668/2170/2170 672/2171/2171 673/2172/2172 674/2173/2173
f 675/2174/2174 676/2175/2175 678/2176/2176 677/2177/2177
f 679/2178/2178 680/2179/2179 682/2180/2180 681/2181/2181
f 683/2182/2182 684/2183/2183 686/2184/2184 685/2185/2185
f 687/2186/2186 688/2187/2187 690/2188/2188 689/2189/2189
f 696/2190/2190 693/2191/2191 692/2192/2192 679/2193/2193 691/2194/2194 695/2195/2195 690/2196/2196 694/2197/2197
f 697/2198/2198 698/2199/2199 699/2200/2200 700/2201/2201
f 701/2202/2202 697/2203/2203 700/2204/2204 702/2205/2205 703/2206/2206
f 705/2207/2207 706/2208/2208 704/2209/2209 703/2210/2210 702/2211/2211
f 707/2212/2212 705/2213/2213 702/2214/2214 700/2215/2215 699/2216/2216 708/2217/2217 709/2218/2218 710/2219/2219
f 711/2220/2220 712/2221/2221 707/2222/2222 710/2223/2223 713/2224/2224
f 714/2225/2225 715/2226/2226 711/2227/2227 713/2228/2228 716/2229/2229
f 709/2230/2230 717/2231/2231 718/2232/2232 716/2233/2233 713/2234/2234 710/2235/2235
f 719/2236/2236 720/2237/2237 607/2238/2238 606/2239/2239 631/2240/2240 630/2241/2241
f 567/2242/2242 566/2243/2243 721/2244/2244 722/2245/2245
f 723/2246/2246 629/2247/2247 628/2248/2248 627/2249/2249 724/2250/2250 725/2251/2251 726/2252/2252
f 199/2253/2253 198/2254/2254 727/2255/2255 728/2256/2256 729/2257/2257 730/2258/2258 724/2259/2259 731/2260/2260 732/2261/2261 725/2262/2262 724/2263/2263 733/2264/2264 734/2265/2265 728/2266/2266
f 735/2267/2267 732/2268/2268 731/2269/2269 736/2270/2270 737/2271/2271 738/2272/2272
f 184/2273/2273 183/2274/2274 739/2275/2275 740/2276/2276 741/2277/2277 742/2278/2278 743/2279/2279 737/2280/2280 736/2281/2281 742/2282/2282 744/2283/2283 745/2284/2284 739/2285/2285 746/2286/2286
f 639/2287/2287 747/2288/2288 748/2289/2289 743/2290/2290 742/2291/2291 641/2292/2292 640/2293/2293
f 559/2294/2294 558/2295/2295 749/2296/2296 667/2297/2297
f 750/2298/2298 751/2299/2299 638/2300/2300 637/2301/2301 655/2302/2302 654/2303/2303
f 557/2304/2304 560/2305/2305 664/2306/2306 752/2307/2307
f 753/2308/2308 653/2309/2309 652/2310/2310 651/2311/2311 754/2312/2312 755/2313/2313 756/2314/2314
f 757/2315/2315 756/2316/2316 755/2317/2317 758/2318/2318 759/2319/2319
f 760/2320/2320 662/2321/2321 663/2322/2322 761/2323/2323 762/2324/2324 763/2325/2325 759/2326/2326
f 764/2327/2327 765/2328/2328 762/2329/2329 761/2330/2330
f 661/2331/2331 764/2332/2332 761/2333/2333 663/2334/2334
f 556/2335/2335 555/2336/2336 557/2337/2337 752/2338/2338 766/2339/2339 767/2340/2340 760/2341/2341 759/2342/2342 758/2343/2343
f 558/2344/2344 561/2345/2345 562/2346/2346 617/2347/2347 768/2348/2348 769/2349/2349 749/2350/2350
f 576/2351/2351 356/2352/2352 359/2353/2353 231/2354/2354 234/2355/2355 577/2356/2356 621/2357/2357 770/2358/2358 771/2359/2359 615/2360/2360
f 568/2361/2361 567/2362/2362 722/2363/2363 772/2364/2364 618/2365/2365
f 566/2366/2366 565/2367/2367 773/2368/2368 774/2369/2369 721/2370/2370
f 565/2371/2371 564/2372/2372 775/2373/2373 776/2374/2374 773/2375/2375
f 564/2376/2376 563/2377/2377 777/2378/2378 778/2379/2379 779/2380/2380 775/2381/2381
f 205/2382/2382 195/2383/2383 204/2384/2384 780/2385/2385 781/2386/2386 782/2387/2387 783/2388/2388 784/2389/2389 785/2390/2390 786/2391/2391 777/2392/2392 563/2393/2393
f 608/2394/2394 787/2395/2395 788/2396/2396 784/2397/2397 783/2398/2398 610/2399/2399 609/2400/2400
f 606/2401/2401 605/2402/2402 632/2403/2403 631/2404/2404
f 200/2405/2405 199/2406/2406 728/2407/2407 622/2408/2408
f 728/2409/2409 734/2410/2410 624/2411/2411 623/2412/2412 622/2413/2413
f 625/2414/2414 624/2415/2415 734/2416/2416 733/2417/2417
f 724/2418/2418 627/2419/2419 626/2420/2420 625/2421/2421 733/2422/2422
f 604/2423/2423 633/2424/2424 632/2425/2425 605/2426/2426
f 623/2427/2427 633/2428/2428 604/2429/2429 603/2430/2430
f 202/2431/2431 201/2432/2432 623/2433/2433 603/2434/2434
f 189/2435/2435 185/2436/2436 184/2437/2437 746/2438/2438 727/2439/2439 198/2440/2440 193/2441/2441 191/2442/2442
f 727/2443/2443 746/2444/2444 739/2445/2445 745/2446/2446 729/2447/2447 728/2448/2448
f 729/2449/2449 745/2450/2450 744/2451/2451 730/2452/2452
f 736/2453/2453 731/2454/2454 724/2455/2455 730/2456/2456 744/2457/2457 742/2458/2458
f 188/2459/2459 355/2460/2460 352/2461/2461 353/2462/2462 645/2463/2463 739/2464/2464 183/2465/2465
f 739/2466/2466 645/2467/2467 634/2468/2468 644/2469/2469 740/2470/2470
f 644/2471/2471 643/2472/2472 741/2473/2473 740/2474/2474
f 742/2475/2475 741/2476/2476 643/2477/2477 642/2478/2478 641/2479/2479
f 575/2480/2480 574/2481/2481 647/2482/2482 634/2483/2483
f 647/2484/2484 657/2485/2485 635/2486/2486 634/2487/2487
f 635/2488/2488 657/2489/2489 656/2490/2490 636/2491/2491
f 637/2492/2492 636/2493/2493 656/2494/2494 655/2495/2495
f 346/2496/2496 349/2497/2497 342/2498/2498 343/2499/2499 573/2500/2500 789/2501/2501 646/2502/2502
f 789/2503/2503 790/2504/2504 648/2505/2505 647/2506/2506 646/2507/2507
f 649/2508/2508 648/2509/2509 790/2510/2510 791/2511/2511
f 754/2512/2512 651/2513/2513 650/2514/2514 649/2515/2515 791/2516/2516
f 573/2517/2517 344/2518/2518 345/2519/2519 556/2520/2520 758/2521/2521 755/2522/2522 754/2523/2523 791/2524/2524 790/2525/2525 789/2526/2526
f 783/2527/2527 782/2528/2528 612/2529/2529 611/2530/2530 610/2531/2531
f 613/2532/2532 612/2533/2533 782/2534/2534 781/2535/2535
f 780/2536/2536 614/2537/2537 603/2538/2538 613/2539/2539 781/2540/2540
f 204/2541/2541 203/2542/2542 614/2543/2543 780/2544/2544
f 792/2545/2545 793/2546/2546 794/2547/2547 795/2548/2548
f 796/2549/2549 795/2550/2550 794/2551/2551 797/2552/2552
f 793/2553/2553 798/2554/2554 797/2555/2555 794/2556/2556
f 799/2557/2557 800/2558/2558 801/2559/2559 802/2560/2560 803/2561/2561 804/2562/2562 805/2563/2563
f 806/2564/2564 799/2565/2565 805/2566/2566 807/2567/2567
f 808/2568/2568 809/2569/2569 806/2570/2570 807/2571/2571 810/2572/2572 811/2573/2573 812/2574/2574
f 813/2575/2575 812/2576/2576 811/2577/2577 814/2578/2578
f 815/2579/2579 816/2580/2580 813/2581/2581 814/2582/2582 817/2583/2583 818/2584/2584 819/2585/2585 820/2586/2586
f 821/2587/2587 822/2588/2588 820/2589/2589 819/2590/2590 823/2591/2591
f 824/2592/2592 825/2593/2593 826/2594/2594 821/2595/2595 823/2596/2596 827/2597/2597 828/2598/2598
f 829/2599/2599 824/2600/2600 828/2601/2601 830/2602/2602
f 831/2603/2603 832/2604/2604 833/2605/2605 829/2606/2606 830/2607/2607 834/2608/2608 835/2609/2609
f 836/2610/2610 831/2611/2611 835/2612/2612 837/2613/2613
f 590/2614/2614 589/2615/2615 838/2616/2616 839/2617/2617 840/2618/2618 836/2619/2619 837/2620/2620 841/2621/2621 842/2622/2622 843/2623/2623
f 244/2624/2624 247/2625/2625 526/2626/2626 844/2627/2627 838/2628/2628 589/2629/2629
f 526/2630/2630 525/2631/2631 602/2632/2632 845/2633/2633 846/2634/2634 844/2635/2635
f 591/2636/2636 590/2637/2637 843/2638/2638 847/2639/2639
f 524/2640/2640 523/2641/2641 848/2642/2642 849/2643/2643 850/2644/2644 601/2645/2645
f 523/2646/2646 522/2647/2647 851/2648/2648 848/2649/2649
f 522/2650/2650 521/2651/2651 852/2652/2652 853/2653/2653 854/2654/2654 851/2655/2655
f 521/2656/2656 520/2657/2657 855/2658/2658 852/2659/2659
f 519/2660/2660 517/2661/2661 516/2662/2662 856/2663/2663 857/2664/2664 858/2665/2665 855/2666/2666 520/2667/2667
f 516/2668/2668 515/2669/2669 859/2670/2670 856/2671/2671
f 513/2672/2672 509/2673/2673 508/2674/2674 860/2675/2675 861/2676/2676 862/2677/2677 859/2678/2678 515/2679/2679
f 508/2680/2680 512/2681/2681 863/2682/2682 860/2683/2683
f 512/2684/2684 511/2685/2685 864/2686/2686 865/2687/2687 866/2688/2688 863/2689/2689
f 511/2690/2690 506/2691/2691 867/2692/2692 864/2693/2693
f 506/2694/2694 503/2695/2695 505/2696/2696 868/2697/2697 869/2698/2698 870/2699/2699 871/2700/2700 872/2701/2701 867/2702/2702
f 873/2703/2703 869/2704/2704 868/2705/2705 874/2706/2706
f 434/2707/2707 465/2708/2708 659/2709/2709 875/2710/2710 876/2711/2711 877/2712/2712 878/2713/2713 879/2714/2714 873/2715/2715 874/2716/2716 584/2717/2717
f 802/2718/2718 878/2719/2719 877/2720/2720 803/2721/2721
f 803/2722/2722 877/2723/2723 876/2724/2724 880/2725/2725 881/2726/2726
f 658/2727/2727 882/2728/2728 883/2729/2729 884/2730/2730 804/2731/2731 803/2732/2732 881/2733/2733 885/2734/2734
f 805/2735/2735 804/2736/2736 884/2737/2737 886/2738/2738 807/2739/2739
f 810/2740/2740 807/2741/2741 886/2742/2742 887/2743/2743 595/2744/2744 888/2745/2745 889/2746/2746 890/2747/2747
f 814/2748/2748 811/2749/2749 810/2750/2750 890/2751/2751 891/2752/2752
f 817/2753/2753 814/2754/2754 891/2755/2755 892/2756/2756 180/2757/2757 179/2758/2758 893/2759/2759 894/2760/2760
f 818/2761/2761 817/2762/2762 894/2763/2763 895/2764/2764
f 178/2765/2765 177/2766/2766 896/2767/2767 897/2768/2768 819/2769/2769 818/2770/2770 895/2771/2771 898/2772/2772
f 823/2773/2773 819/2774/2774 897/2775/2775 899/2776/2776 827/2777/2777
f 900/2778/2778 600/2779/2779 901/2780/2780 902/2781/2781 828/2782/2782 827/2783/2783 899/2784/2784 903/2785/2785
f 828/2786/2786 902/2787/2787 904/2788/2788 834/2789/2789 830/2790/2790
f 835/2791/2791 834/2792/2792 904/2793/2793 905/2794/2794 906/2795/2795 847/2796/2796 907/2797/2797 908/2798/2798
f 841/2799/2799 837/2800/2800 835/2801/2801 908/2802/2802 909/2803/2803
f 842/2804/2804 841/2805/2805 909/2806/2806 910/2807/2807
f 847/2808/2808 843/2809/2809 842/2810/2810 910/2811/2811 907/2812/2812
f 592/2813/2813 591/2814/2814 847/2815/2815 906/2816/2816 599/2817/2817
f 600/2818/2818 599/2819/2819 906/2820/2820 905/2821/2821 901/2822/2822
f 594/2823/2823 593/2824/2824 600/2825/2825 900/2826/2826 598/2827/2827
f 177/2828/2828 598/2829/2829 900/2830/2830 903/2831/2831 896/2832/2832
f 597/2833/2833 180/2834/2834 892/2835/2835 889/2836/2836 888/2837/2837
f 468/2838/2838 588/2839/2839 597/2840/2840 888/2841/2841 595/2842/2842 586/2843/2843 466/2844/2844
f 882/2845/2845 596/2846/2846 595/2847/2847 887/2848/2848 883/2849/2849
f 585/2850/2850 587/2851/2851 596/2852/2852 882/2853/2853 658/2854/2854
f 659/2855/2855 658/2856/2856 885/2857/2857 911/2858/2858 875/2859/2859
f 432/2860/2860 433/2861/2861 584/2862/2862 874/2863/2863 868/2864/2864 505/2865/2865
f 876/2866/2866 875/2867/2867 911/2868/2868 880/2869/2869
f 885/2870/2870 881/2871/2871 880/2872/2872 911/2873/2873
f 886/2874/2874 884/2875/2875 883/2876/2876 887/2877/2877
f 890/2878/2878 889/2879/2879 892/2880/2880 891/2881/2881
f 179/2882/2882 178/2883/2883 898/2884/2884 893/2885/2885
f 895/2886/2886 894/2887/2887 893/2888/2888 898/2889/2889
f 903/2890/2890 899/2891/2891 897/2892/2892 896/2893/2893
f 904/2894/2894 902/2895/2895 901/2896/2896 905/2897/2897
f 908/2898/2898 907/2899/2899 910/2900/2900 909/2901/2901
f 914/2902/2902 915/2903/2903 912/2904/2904 913/2905/2905
f 916/2906/2906 917/2907/2907 918/2908/2908 919/2909/2909
f 920/2910/2910 921/2911/2911 688/2912/2912 922/2913/2913
f 669/2914/2914 923/2915/2915 924/2916/2916 668/2917/2917
f 668/2918/2918 924/2919/2919 925/2920/2920 681/2921/2921 682/2922/2922 672/2923/2923
f 918/2924/2924 926/2925/2925 927/2926/2926 923/2927/2927 669/2928/2928 928/2929/2929
f 929/2930/2930 930/2931/2931 931/2932/2932 932/2933/2933
f 917/2934/2934 933/2935/2935 930/2936/2936 929/2937/2937 934/2938/2938 935/2939/2939
f 917/2940/2940 935/2941/2941 926/2942/2942 918/2943/2943
f 679/2944/2944 692/2945/2945 677/2946/2946 678/2947/2947 936/2948/2948 680/2949/2949
f 937/2950/2950 938/2951/2951 939/2952/2952 912/2953/2953 915/2954/2954
f 826/2955/2955 940/2956/2956 941/2957/2957 942/2958/2958 822/2959/2959 821/2960/2960
f 674/2961/2961 673/2962/2962 941/2963/2963 940/2964/2964
f 822/2965/2965 942/2966/2966 815/2967/2967 820/2968/2968
f 871/2969/2969 943/2970/2970 944/2971/2971 872/2972/2972
f 864/2973/2973 867/2974/2974 872/2975/2975 944/2976/2976 865/2977/2977
f 945/2978/2978 946/2979/2979 947/2980/2980 948/2981/2981
f 943/2982/2982 949/2983/2983 950/2984/2984 865/2985/2985 944/2986/2986
f 951/2987/2987 945/2988/2988 948/2989/2989 952/2990/2990
f 862/2991/2991 953/2992/2992 954/2993/2993 857/2994/2994 856/2995/2995 859/2996/2996
f 815/2997/2997 942/2998/2998 941/2999/2999 673/3000/3000 672/3001/3001 682/3002/3002 955/3003/3003 956/3004/3004 957/3005/3005 816/3006/3006
f 958/3007/3007 959/3008/3008 956/3009/3009 955/3010/3010
f 960/3011/3011 954/3012/3012 953/3013/3013 961/3014/3014 962/3015/3015
f 959/3016/3016 963/3017/3017 957/3018/3018 956/3019/3019
f 865/3020/3020 950/3021/3021 964/3022/3022 965/3023/3023 866/3024/3024
f 866/3025/3025 965/3026/3026 966/3027/3027 861/3028/3028 860/3029/3029 863/3030/3030
f 861/3031/3031 966/3032/3032 967/3033/3033 961/3034/3034 953/3035/3035 862/3036/3036
f 968/3037/3037 969/3038/3038 970/3039/3039 971/3040/3040
f 967/3041/3041 966/3042/3042 965/3043/3043 964/3044/3044 972/3045/3045
f 968/3046/3046 971/3047/3047 973/3048/3048 974/3049/3049
f 853/3050/3050 975/3051/3051 976/3052/3052 977/3053/3053 854/3054/3054
f 833/3055/3055 978/3056/3056 979/3057/3057 825/3058/3058 824/3059/3059 829/3060/3060
f 980/3061/3061 981/3062/3062 982/3063/3063 983/3064/3064
f 976/3065/3065 984/3066/3066 985/3067/3067 849/3068/3068 977/3069/3069
f 978/3070/3070 980/3071/3071 983/3072/3072 979/3073/3073
f 838/3074/3074 844/3075/3075 846/3076/3076 986/3077/3077 987/3078/3078 988/3079/3079 989/3080/3080 839/3081/3081
f 988/3082/3082 987/3083/3083 990/3084/3084 991/3085/3085
f 992/3086/3086 993/3087/3087 991/3088/3088 990/3089/3089
f 994/3090/3090 995/3091/3091 996/3092/3092 997/3093/3093 992/3094/3094 990/3095/3095 987/3096/3096 986/3097/3097
f 993/3098/3098 989/3099/3099 988/3100/3100 991/3101/3101
f 916/3102/3102 981/3103/3103 980/3104/3104 978/3105/3105 833/3106/3106 832/3107/3107 998/3108/3108 999/3109/3109 1000/3110/3110 933/3111/3111 917/3112/3112
f 831/3113/3113 836/3114/3114 840/3115/3115 1001/3116/3116 998/3117/3117 832/3118/3118
f 845/3119/3119 1002/3120/3120 1003/3121/3121 994/3122/3122 986/3123/3123 846/3124/3124
f 1004/3125/3125 1005/3126/3126 1000/3127/3127 999/3128/3128
f 1003/3129/3129 1002/3130/3130 1006/3131/3131 1007/3132/3132 1008/3133/3133
f 1004/3134/3134 999/3135/3135 998/3136/3136 1001/3137/3137
f 1009/3138/3138 1010/3139/3139 1011/3140/3140 1012/3141/3141
f 619/3142/3142 1013/3143/3143 1014/3144/3144 620/3145/3145
f 732/3146/3146 735/3147/3147 1010/3148/3148 1009/3149/3149 726/3150/3150 725/3151/3151
f 716/3152/3152 718/3153/3153 1012/3154/3154 1011/3155/3155 1015/3156/3156 714/3157/3157
f 756/3158/3158 757/3159/3159 1016/3160/3160 1017/3161/3161 1018/3162/3162 753/3163/3163
f 765/3164/3164 1019/3165/3165 1017/3166/3166 1016/3167/3167 763/3168/3168 762/3169/3169
f 654/3170/3170 653/3171/3171 753/3172/3172 1018/3173/3173 1020/3174/3174 750/3175/3175
f 1019/3176/3176 1020/3177/3177 1018/3178/3178 1017/3179/3179
f 1021/3180/3180 1022/3181/3181 1023/3182/3182 1024/3183/3183
f 738/3184/3184 1025/3185/3185 1024/3186/3186 1023/3187/3187 687/3188/3188 1026/3189/3189 1015/3190/3190 1011/3191/3191 1010/3192/3192 735/3193/3193
f 615/3194/3194 771/3195/3195 1027/3196/3196 616/3197/3197
f 922/3198/3198 688/3199/3199 687/3200/3200 1023/3201/3201 1022/3202/3202 920/3203/3203
f 1028/3204/3204 1021/3205/3205 1024/3206/3206 1025/3207/3207
f 1029/3208/3208 1030/3209/3209 1031/3210/3210 1032/3211/3211
f 768/3212/3212 1033/3213/3213 1034/3214/3214 769/3215/3215
f 667/3216/3216 749/3217/3217 769/3218/3218 1034/3219/3219 666/3220/3220
f 683/3221/3221 1031/3222/3222 1030/3223/3223 660/3224/3224 684/3225/3225
f 1035/3226/3226 1036/3227/3227 1029/3228/3228 1032/3229/3229
f 717/3230/3230 1037/3231/3231 1038/3232/3232 1039/3233/3233 723/3234/3234 726/3235/3235 1009/3236/3236 1012/3237/3237 718/3238/3238
f 698/3239/3239 1040/3240/3240 1038/3241/3241 1037/3242/3242 708/3243/3243 699/3244/3244
f 630/3245/3245 629/3246/3246 723/3247/3247 1039/3248/3248 1041/3249/3249 719/3250/3250
f 1040/3251/3251 1041/3252/3252 1039/3253/3253 1038/3254/3254
f 1042/3255/3255 1043/3256/3256 1044/3257/3257 1045/3258/3258
f 1045/3259/3259 1044/3260/3260 1046/3261/3261 1047/3262/3262
f 788/3263/3263 1048/3264/3264 1047/3265/3265 1046/3266/3266 785/3267/3267 784/3268/3268
f 795/3269/3269 796/3270/3270 786/3271/3271 785/3272/3272 1046/3273/3273 1044/3274/3274 1043/3275/3275 792/3276/3276
f 1048/3277/3277 1042/3278/3278 1045/3279/3279 1047/3280/3280
f 719/3281/3281 1041/3282/3282 1040/3283/3283 698/3284/3284 697/3285/3285 701/3286/3286 1049/3287/3287 1050/3288/3288 1051/3289/3289 720/3290/3290
f 1050/3291/3291 1049/3292/3292 1052/3293/3293 1053/3294/3294
f 778/3295/3295 1054/3296/3296 1055/3297/3297 779/3298/3298
f 775/3299/3299 779/3300/3300 1055/3301/3301 776/3302/3302
f 704/3303/3303 1056/3304/3304 1052/3305/3305 1049/3306/3306 701/3307/3307 703/3308/3308
f 1057/3309/3309 1051/3310/3310 1050/3311/3311 1053/3312/3312
f 913/3313/3313 912/3314/3314 1058/3315/3315 947/3316/3316 946/3317/3317 914/3318/3318
f 975/3319/3319 853/3320/3320 1059/3321/3321 1060/3322/3322 1061/3323/3323
f 776/3324/3324 1055/3325/3325 1054/3326/3326 773/3327/3327
f 709/3328/3328 708/3329/3329 1037/3330/3330 717/3331/3331
f 714/3332/3332 1015/3333/3333 1026/3334/3334 715/3335/3335
f 1062/3336/3336 665/3337/3337 666/3338/3338 1034/3339/3339 1033/3340/3340
f 616/3341/3341 1027/3342/3342 1063/3343/3343 617/3344/3344
f 763/3345/3345 1016/3346/3346 757/3347/3347 759/3348/3348
f 931/3349/3349 930/3350/3350 933/3351/3351 1000/3352/3352 1005/3353/3353
f 919/3354/3354 918/3355/3355 928/3356/3356 982/3357/3357 981/3358/3358 916/3359/3359
f 678/3360/3360 676/3361/3361 1064/3362/3362 970/3363/3363 969/3364/3364
f 682/3365/3365 680/3366/3366 936/3367/3367 958/3368/3368 955/3369/3369
f 711/3370/3370 715/3371/3371 1026/3372/3372 687/3373/3373 689/3374/3374 1065/3375/3375 1066/3376/3376
f 618/3377/3377 1061/3378/3378 1060/3379/3379 960/3380/3380 1063/3381/3381 1013/3382/3382 619/3383/3383
f 766/3384/3384 871/3385/3385 870/3386/3386 767/3387/3387
f 664/3388/3388 949/3389/3389 943/3390/3390 871/3391/3391 766/3392/3392 752/3393/3393
f 662/3394/3394 760/3395/3395 767/3396/3396 870/3397/3397 1058/3398/3398 912/3399/3399 939/3400/3400 1067/3401/3401 1068/3402/3402 1069/3403/3403
f 962/3404/3404 617/3405/3405 1063/3406/3406 960/3407/3407
f 617/3408/3408 962/3409/3409 961/3410/3410 967/3411/3411 1033/3412/3412 768/3413/3413
f 921/3414/3414 683/3415/3415 685/3416/3416 694/3417/3417 690/3418/3418 688/3419/3419
f 665/3420/3420 950/3421/3421 949/3422/3422 664/3423/3423
f 972/3424/3424 1062/3425/3425 1033/3426/3426 967/3427/3427
f 665/3428/3428 1062/3429/3429 972/3430/3430 964/3431/3431 950/3432/3432
f 772/3433/3433 975/3434/3434 1061/3435/3435 618/3436/3436
f 721/3437/3437 984/3438/3438 976/3439/3439 975/3440/3440 772/3441/3441 722/3442/3442
f 705/3443/3443 707/3444/3444 712/3445/3445 1070/3446/3446 1071/3447/3447 1072/3448/3448
f 995/3449/3449 786/3450/3450 796/3451/3451 996/3452/3452
f 777/3453/3453 786/3454/3454 995/3455/3455 994/3456/3456 1003/3457/3457 1054/3458/3458 778/3459/3459
f 798/3460/3460 1056/3461/3461 1073/3462/3462 1074/3463/3463 1075/3464/3464 932/3465/3465 931/3466/3466 997/3467/3467 996/3468/3468 796/3469/3469 797/3470/3470
f 705/3471/3471 1072/3472/3472 1076/3473/3473 706/3474/3474
f 1008/3475/3475 773/3476/3476 1054/3477/3477 1003/3478/3478
f 773/3479/3479 1008/3480/3480 1007/3481/3481 985/3482/3482 774/3483/3483
f 706/3484/3484 1076/3485/3485 1077/3486/3486 1078/3487/3487 704/3488/3488
f 711/3489/3489 1066/3490/3490 1070/3491/3491 712/3492/3492
f 662/3493/3493 1069/3494/3494 1079/3495/3495 1080/3496/3496 660/3497/3497
f 1073/3498/3498 1056/3499/3499 704/3500/3500 1078/3501/3501
f 774/3502/3502 985/3503/3503 984/3504/3504 721/3505/3505
f 1081/3506/3506 1082/3507/3507 1083/3508/3508 1084/3509/3509
f 1085/3510/3510 1080/3511/3511 1082/3512/3512 1081/3513/3513
f 937/3514/3514 1086/3515/3515 1084/3516/3516 1083/3517/3517
f 937/3518/3518 1083/3519/3519 1082/3520/3520 1080/3521/3521 1079/3522/3522 1087/3523/3523 1088/3524/3524 938/3525/3525
f 1089/3526/3526 1090/3527/3527 693/3528/3528 696/3529/3529
f 694/3530/3530 685/3531/3531 686/3532/3532 1089/3533/3533 696/3534/3534
f 675/3535/3535 677/3536/3536 692/3537/3537 693/3538/3538 1090/3539/3539
f 1088/3540/3540 1087/3541/3541 1091/3542/3542 1092/3543/3543
f 1079/3544/3544 1069/3545/3545 1068/3546/3546 1091/3547/3547 1087/3548/3548
f 1067/3549/3549 939/3550/3550 938/3551/3551 1088/3552/3552 1092/3553/3553
f 1068/3554/3554 1067/3555/3555 1092/3556/3556 1091/3557/3557
f 1093/3558/3558 1094/3559/3559 1095/3560/3560 1096/3561/3561
f 1072/3562/3562 1094/3563/3563 1093/3564/3564 1077/3565/3565 1076/3566/3566
f 1078/3567/3567 1077/3568/3568 1093/3569/3569 1096/3570/3570 934/3571/3571 929/3572/3572 1097/3573/3573 1098/3574/3574
f 926/3575/3575 935/3576/3576 934/3577/3577 1096/3578/3578 1095/3579/3579
f 927/3580/3580 926/3581/3581 1095/3582/3582 1094/3583/3583 1072/3584/3584 1071/3585/3585 1099/3586/3586 1100/3587/3587
f 1098/3588/3588 1097/3589/3589 1101/3590/3590 1102/3591/3591
f 1074/3592/3592 1073/3593/3593 1078/3594/3594 1098/3595/3595 1102/3596/3596
f 1075/3597/3597 1074/3598/3598 1102/3599/3599 1101/3600/3600
f 929/3601/3601 932/3602/3602 1075/3603/3603 1101/3604/3604 1097/3605/3605
f 1100/3606/3606 1099/3607/3607 1103/3608/3608 1104/3609/3609
f 1070/3610/3610 1066/3611/3611 1103/3612/3612 1099/3613/3613 1071/3614/3614
f 924/3615/3615 923/3616/3616 927/3617/3617 1100/3618/3618 1104/3619/3619
f 925/3620/3620 924/3621/3621 1104/3622/3622 1103/3623/3623 1066/3624/3624 1065/3625/3625 1105/3626/3626 1106/3627/3627
f 679/3628/3628 681/3629/3629 925/3630/3630 1106/3631/3631 691/3632/3632
f 690/3633/3633 695/3634/3634 1105/3635/3635 1065/3636/3636 689/3637/3637
f 1105/3638/3638 695/3639/3639 691/3640/3640 1106/3641/3641
f 1084/3642/3642 1086/3643/3643 675/3644/3644 1090/3645/3645 1089/3646/3646 686/3647/3647 1085/3648/3648 1081/3649/3649
f 770/3650/3650 1014/3651/3651 1013/3652/3652 1063/3653/3653 1027/3654/3654 771/3655/3655
f 621/3656/3656 620/3657/3657 1014/3658/3658 770/3659/3659
f 857/3660/3660 954/3661/3661 960/3662/3662 1060/3663/3663 1059/3664/3664 858/3665/3665
f 852/3666/3666 855/3667/3667 858/3668/3668 1059/3669/3669 853/3670/3670
f 825/3671/3671 979/3672/3672 983/3673/3673 982/3674/3674 928/3675/3675 669/3676/3676 671/3677/3677 674/3678/3678 940/3679/3679 826/3680/3680
f 839/3681/3681 989/3682/3682 993/3683/3683 992/3684/3684 997/3685/3685 931/3686/3686 1005/3687/3687 1004/3688/3688 1001/3689/3689 840/3690/3690
f 848/3691/3691 851/3692/3692 854/3693/3693 977/3694/3694 849/3695/3695
f 849/3696/3696 985/3697/3697 1007/3698/3698 1006/3699/3699 850/3700/3700
f 850/3701/3701 1006/3702/3702 1002/3703/3703 845/3704/3704 602/3705/3705 601/3706/3706
f 879/3707/3707 952/3708/3708 948/3709/3709 947/3710/3710 1058/3711/3711 870/3712/3712 869/3713/3713 873/3714/3714
f 812/3715/3715 813/3716/3716 816/3717/3717 957/3718/3718 963/3719/3719 808/3720/3720
f 808/3721/3721 963/3722/3722 959/3723/3723 958/3724/3724 936/3725/3725 678/3726/3726 969/3727/3727 968/3728/3728 974/3729/3729 809/3730/3730
f 800/3731/3731 973/3732/3732 971/3733/3733 970/3734/3734 1064/3735/3735 915/3736/3736 914/3737/3737 946/3738/3738 945/3739/3739 951/3740/3740 801/3741/3741
f 801/3742/3742 951/3743/3743 952/3744/3744 879/3745/3745 878/3746/3746 802/3747/3747
f 806/3748/3748 809/3749/3749 974/3750/3750 973/3751/3751 800/3752/3752 799/3753/3753
f 748/3754/3754 1028/3755/3755 1025/3756/3756 738/3757/3757 737/3758/3758 743/3759/3759
f 747/3760/3760 1035/3761/3761 1032/3762/3762 1031/3763/3763 683/3764/3764 921/3765/3765 920/3766/3766 1022/3767/3767 1021/3768/3768 1028/3769/3769 748/3770/3770
f 661/3771/3771 660/3772/3772 1030/3773/3773 1029/3774/3774 1036/3775/3775 751/3776/3776 750/3777/3777 1020/3778/3778 1019/3779/3779 765/3780/3780 764/3781/3781
f 751/3782/3782 1036/3783/3783 1035/3784/3784 747/3785/3785 639/3786/3786 638/3787/3787
f 787/3788/3788 1057/3789/3789 1053/3790/3790 1052/3791/3791 1056/3792/3792 798/3793/3793 793/3794/3794 792/3795/3795 1043/3796/3796 1042/3797/3797 1048/3798/3798 788/3799/3799
f 720/3800/3800 1051/3801/3801 1057/3802/3802 787/3803/3803 608/3804/3804 607/3805/3805
f 1080/3806/3806 1085/3807/3807 686/3808/3808 684/3809/3809 660/3810/3810
f 937/3811/3811 915/3812/3812 1064/3813/3813 676/3814/3814 675/3815/3815 1086/3816/3816
f 297/3817/3817 1108/3818/3818 1107/3819/3819 298/3820/3820
f 297/3821/3821 257/3822/3822 1109/3823/3823 1108/3824/3824
f 1110/3825/3825 1109/3826/3826 257/3827/3827 258/3828/3828
f 258/3829/3829 263/3830/3830 1111/3831/3831 1110/3832/3832
f 262/3833/3833 1112/3834/3834 1111/3835/3835 263/3836/3836
f 262/3837/3837 208/3838/3838 1113/3839/3839 1112/3840/3840
f 1114/3841/3841 1113/3842/3842 208/3843/3843 209/3844/3844
f 209/3845/3845 214/3846/3846 1115/3847/3847 1114/3848/3848
f 213/3849/3849 1116/3850/3850 1115/3851/3851 214/3852/3852
f 1117/3853/3853 1116/3854/3854 213/3855/3855 270/3856/3856
f 1118/3857/3857 1117/3858/3858 270/3859/3859 271/3860/3860
f 1119/3861/3861 1118/3862/3862 271/3863/3863 269/3864/3864
f 268/3865/3865 1120/3866/3866 1119/3867/3867 269/3868/3868
f 1121/3869/3869 1120/3870/3870 268/3871/3871 278/3872/3872
f 1122/3873/3873 1121/3874/3874 278/3875/3875 279/3876/3876
f 1123/3877/3877 1122/3878/3878 279/3879/3879 277/3880/3880
f 276/3881/3881 1124/3882/3882 1123/3883/3883 277/3884/3884
f 276/3885/3885 286/3886/3886 1125/3887/3887 1124/3888/3888
f 1126/3889/3889 1125/3890/3890 286/3891/3891 287/3892/3892
f 1127/3893/3893 1126/3894/3894 287/3895/3895 285/3896/3896
f 284/3897/3897 1128/3898/3898 1127/3899/3899 285/3900/3900
f 284/3901/3901 499/3902/3902 1129/3903/3903 1128/3904/3904
f 499/3905/3905 501/3906/3906 1130/3907/3907 1129/3908/3908
f 1131/3909/3909 1130/3910/3910 501/3911/3911 502/3912/3912
f 502/3913/3913 504/3914/3914 1132/3915/3915 1131/3916/3916
f 1133/3917/3917 1132/3918/3918 504/3919/3919 507/3920/3920
f 507/3921/3921 510/3922/3922 1134/3923/3923 1133/3924/3924
f 510/3925/3925 514/3926/3926 1135/3927/3927 1134/3928/3928
f 514/3929/3929 518/3930/3930 1136/3931/3931 1135/3932/3932
f 518/3933/3933 216/3934/3934 1137/3935/3935 1136/3936/3936
f 1138/3937/3937 1137/3938/3938 216/3939/3939 217/3940/3940
f 217/3941/3941 222/3942/3942 1139/3943/3943 1138/3944/3944
f 221/3945/3945 1140/3946/3946 1139/3947/3947 222/3948/3948
f 1141/3949/3949 1140/3950/3950 221/3951/3951 527/3952/3952
f 1142/3953/3953 1141/3954/3954 527/3955/3955 528/3956/3956
f 1143/3957/3957 1142/3958/3958 528/3959/3959 529/3960/3960
f 1144/3961/3961 1143/3962/3962 529/3963/3963 530/3964/3964
f 530/3965/3965 531/3966/3966 1145/3967/3967 1144/3968/3968
f 1146/3969/3969 1145/3970/3970 531/3971/3971 532/3972/3972
f 532/3973/3973 534/3974/3974 1147/3975/3975 1146/3976/3976
f 534/3977/3977 536/3978/3978 1148/3979/3979 1147/3980/3980
f 1149/3981/3981 1148/3982/3982 536/3983/3983 289/3984/3984
f 1150/3985/3985 1149/3986/3986 289/3987/3987 290/3988/3988
f 290/3989/3989 295/3990/3990 1151/3991/3991 1150/3992/3992
f 294/3993/3993 1152/3994/3994 1151/3995/3995 295/3996/3996
f 1153/3997/3997 1152/3998/3998 294/3999/3999 296/4000/4000
f 1154/4001/4001 1153/4002/4002 296/4003/4003 299/4004/4004
f 298/4005/4005 1107/4006/4006 1154/4007/4007 299/4008/4008
f 1108/4009/4009 1156/4010/4010 1155/4011/4011 1107/4012/4012
f 1108/4013/4013 1109/4014/4014 1157/4015/4015 1156/4016/4016
f 1158/4017/4017 1157/4018/4018 1109/4019/4019 1110/4020/4020
f 1110/4021/4021 1111/4022/4022 1159/4023/4023 1158/4024/4024
f 1112/4025/4025 1160/4026/4026 1159/4027/4027 1111/4028/4028
f 1112/4029/4029 1113/4030/4030 1161/4031/4031 1160/4032/4032
f 1162/4033/4033 1161/4034/4034 1113/4035/4035 1114/4036/4036
f 1166/4037/4037 1165/4038/4038 1117/4039/4039 1118/4040/4040
f 1167/4041/4041 1166/4042/4042 1118/4043/4043 1119/4044/4044
f 1120/4045/4045 1168/4046/4046 1167/4047/4047 1119/4048/4048
f 1169/4049/4049 1168/4050/4050 1120/4051/4051 1121/4052/4052
f 1170/4053/4053 1169/4054/4054 1121/4055/4055 1122/4056/4056
f 1171/4057/4057 1170/4058/4058 1122/4059/4059 1123/4060/4060
f 1124/4061/4061 1172/4062/4062 1171/4063/4063 1123/4064/4064
f 1124/4065/4065 1125/4066/4066 1173/4067/4067 1172/4068/4068
f 1174/4069/4069 1173/4070/4070 1125/4071/4071 1126/4072/4072
f 1175/4073/4073 1174/4074/4074 1126/4075/4075 1127/4076/4076
f 1128/4077/4077 1176/4078/4078 1175/4079/4079 1127/4080/4080
f 1128/4081/4081 1129/4082/4082 1177/4083/4083 1176/4084/4084
f 1129/4085/4085 1130/4086/4086 1178/4087/4087 1177/4088/4088
f 1179/4089/4089 1178/4090/4090 1130/4091/4091 1131/4092/4092
f 1131/4093/4093 1132/4094/4094 1180/4095/4095 1179/4096/4096
f 1181/4097/4097 1180/4098/4098 1132/4099/4099 1133/4100/4100
f 1133/4101/4101 1134/4102/4102 1182/4103/4103 1181/4104/4104
f 1134/4105/4105 1135/4106/4106 1183/4107/4107 1182/4108/4108
f 1135/4109/4109 1136/4110/4110 1184/4111/4111 1183/4112/4112
f 1140/4113/4113 1188/4114/4114 1187/4115/4115 1139/4116/4116
f 1189/4117/4117 1188/4118/4118 1140/4119/4119 1141/4120/4120
f 1190/4121/4121 1189/4122/4122 1141/4123/4123 1142/4124/4124
f 1191/4125/4125 1190/4126/4126 1142/4127/4127 1143/4128/4128
f 1192/4129/4129 1191/4130/4130 1143/4131/4131 1144/4132/4132
f 1144/4133/4133 1145/4134/4134 1193/4135/4135 1192/4136/4136
f 1194/4137/4137 1193/4138/4138 1145/4139/4139 1146/4140/4140
f 1146/4141/4141 1147/4142/4142 1195/4143/4143 1194/4144/4144
f 1147/4145/4145 1148/4146/4146 1196/4147/4147 1195/4148/4148
f 1197/4149/4149 1196/4150/4150 1148/4151/4151 1149/4152/4152
f 1198/4153/4153 1197/4154/4154 1149/4155/4155 1150/4156/4156
f 1150/4157/4157 1151/4158/4158 1199/4159/4159 1198/4160/4160
f 1152/4161/4161 1200/4162/4162 1199/4163/4163 1151/4164/4164
f 1201/4165/4165 1200/4166/4166 1152/4167/4167 1153/4168/4168
f 1202/4169/4169 1201/4170/4170 1153/4171/4171 1154/4172/4172
f 1154/4173/4173 1107/4174/4174 1155/4175/4175 1202/4176/4176
f 1114/4177/4177 1115/4178/4178 1138/4179/4179 1139/4180/4180
f 1184/4181/4181 1136/4182/4182 1117/4183/4183 1165/4184/4184
f 1163/4185/4185 1162/4186/4186 1187/4187/4187 1186/4188/4188
f 1139/4189/4189 1187/4190/4190 1162/4191/4191 1114/4192/4192
usemtl initialShadingGroup
f 1203/4193/4193 1243/4194/4194 1236/4195/4195 1237/4196/4196 1228/4197/4197 1245/4198/4198 1230/4199/4199 1239/4200/4200 1224/4201/4201 1235/4202/4202 1241/4203/4203 1227/4204/4204 1234/4205/4205 1204/4206/4206 1205/4207/4207 1206/4208/4208
usemtl phongE10SG1
f 1205/4209/4209 1204/4210/4210 1207/4211/4211 1208/4212/4212
usemtl initialShadingGroup
f 1209/4213/4213 1208/4214/4214 1207/4215/4215 1233/4216/4216 1226/4217/4217 1242/4218/4218 1229/4219/4219 1223/4220/4220 1240/4221/4221 1232/4222/4222 1246/4223/4223 1225/4224/4224 1238/4225/4225 1231/4226/4226 1244/4227/4227 1210/4228/4228
usemtl phongE2SG1
f 1211/4229/4229 1212/4230/4230 1213/4231/4231 1214/4232/4232
f 1215/4233/4233 1211/4234/4234 1214/4235/4235 1216/4236/4236
f 1217/4237/4237 1215/4238/4238 1216/4239/4239 1218/4240/4240
usemtl phongE10SG1
f 1212/4241/4241 1217/4242/4242 1218/4243/4243 1213/4244/4244
usemtl phongE2SG1
f 1219/4245/4245 1212/4246/4246 1211/4247/4247 1220/4248/4248
f 1217/4249/4249 1221/4250/4250 1222/4251/4251 1215/4252/4252
f 1219/4253/4253 1221/4254/4254 1217/4255/4255 1212/4256/4256
f 1203/4257/4257 1206/4258/4258 1222/4259/4259 1221/4260/4260 1219/4261/4261 1220/4262/4262 1209/4263/4263 1210/4264/4264
f 1205/4265/4265 1208/4266/4266 1209/4267/4267 1220/4268/4268 1211/4269/4269 1215/4270/4270 1222/4271/4271 1206/4272/4272
usemtl phongE10SG1
f 1213/4273/4273 1218/4274/4274 1216/4275/4275 1214/4276/4276
f 1304/4277/4277 1303/4278/4278 1305/4279/4279 1306/4280/4280
f 1276/4281/4281 1275/4282/4282 1277/4283/4283 1278/4284/4284
f 1280/4285/4285 1279/4286/4286 1281/4287/4287 1282/4288/4288
f 1292/4289/4289 1291/4290/4290 1293/4291/4291 1294/4292/4292
f 1284/4293/4293 1283/4294/4294 1285/4295/4295 1286/4296/4296
f 1320/4297/4297 1319/4298/4298 1321/4299/4299 1322/4300/4300
f 1311/4301/4301 1312/4302/4302 1313/4303/4303 1314/4304/4304
f 1296/4305/4305 1295/4306/4306 1297/4307/4307 1298/4308/4308
f 1316/4309/4309 1315/4310/4310 1317/4311/4311 1318/4312/4312
f 1300/4313/4313 1299/4314/4314 1301/4315/4315 1302/4316/4316
f 1288/4317/4317 1287/4318/4318 1289/4319/4319 1290/4320/4320
f 1324/4321/4321 1323/4322/4322 1325/4323/4323 1326/4324/4324
f 1308/4325/4325 1307/4326/4326 1309/4327/4327 1310/4328/4328
usemtl initialShadingGroup
f 1230/4329/4329 1245/4330/4330 1249/4331/4331 1247/4332/4332
f 1246/4333/4333 1232/4334/4334 1248/4335/4335 1250/4336/4336
f 1233/4337/4337 1207/4338/4338 1253/4339/4339 1251/4340/4340
usemtl phongE10SG1
f 1207/4341/4341 1204/4342/4342 1254/4343/4343 1253/4344/4344
usemtl initialShadingGroup
f 1204/4345/4345 1234/4346/4346 1252/4347/4347 1254/4348/4348
f 1234/4346/4349 1227/4349/4350 1255/4350/4351 1252/4347/4352
f 1226/4351/4353 1233/4337/4354 1251/4340/4355 1256/4352/4356
f 1235/4353/4357 1224/4354/4358 1259/4355/4359 1257/4356/4360
f 1223/4357/4361 1229/4358/4362 1258/4359/4363 1260/4360/4364
f 1227/4349/4365 1241/4361/4366 1261/4362/4367 1255/4350/4368
f 1242/4363/4369 1226/4351/4370 1256/4352/4371 1262/4364/4372
f 1236/4365/4373 1243/4366/4374 1265/4367/4375 1263/4368/4376
f 1244/4369/4377 1231/4370/4378 1264/4371/4379 1266/4372/4380
f 1228/4373/4381 1237/4374/4382 1269/4375/4383 1268/4376/4384
f 1238/4377/4385 1225/4378/4386 1267/4379/4387 1270/4380/4388
f 1224/4354/4389 1239/4381/4390 1271/4382/4391 1259/4355/4392
f 1240/4383/4393 1223/4357/4394 1260/4360/4395 1272/4384/4396
f 1231/4370/4397 1238/4377/4398 1270/4380/4399 1264/4371/4400
f 1237/4374/4401 1236/4365/4402 1263/4368/4403 1269/4375/4404
f 1232/4334/4405 1240/4383/4406 1272/4384/4407 1248/4335/4408
f 1239/4381/4409 1230/4329/4410 1247/4332/4411 1271/4382/4412
f 1229/4358/4413 1242/4363/4414 1262/4364/4415 1258/4359/4416
f 1241/4361/4417 1235/4353/4418 1257/4356/4419 1261/4362/4420
f 1243/4385/4421 1203/4386/4422 1273/4387/4423 1265/4388/4424
f 1203/4389/4425 1210/4390/4426 1274/4391/4427 1273/4392/4428
f 1210/4393/4429 1244/4394/4430 1266/4395/4431 1274/4396/4432
f 1225/4378/4433 1246/4333/4434 1250/4336/4435 1267/4379/4436
f 1245/4330/4437 1228/4373/4438 1268/4376/4439 1249/4331/4440
usemtl phongE10SG1
f 1252/4397/4441 1251/4398/4442 1275/4399/4443 1276/4400/4444
usemtl initialShadingGroup
f 1251/4401/4445 1253/4402/4446 1277/4403/4447 1275/4404/4448
usemtl phongE10SG1
f 1253/4405/4449 1254/4406/4450 1278/4407/4451 1277/4408/4452
usemtl initialShadingGroup
f 1254/4409/4453 1252/4410/4454 1276/4411/4455 1278/4412/4456
f 1252/4413/4457 1255/4414/4458 1279/4415/4459 1280/4416/4460
usemtl phongE10SG1
f 1255/4417/4461 1256/4418/4462 1281/4419/4463 1279/4420/4464
usemtl initialShadingGroup
f 1256/4421/4465 1251/4422/4466 1282/4423/4467 1281/4424/4468
usemtl phongE10SG1
f 1251/4425/4469 1252/4426/4470 1280/4427/4471 1282/4428/4472
f 1256/4429/4473 1255/4430/4474 1283/4431/4475 1284/4432/4476
usemtl initialShadingGroup
f 1255/4433/4477 1261/4434/4478 1285/4435/4479 1283/4436/4480
usemtl phongE10SG1
f 1261/4437/4481 1262/4438/4482 1286/4439/4483 1285/4440/4484
usemtl initialShadingGroup
f 1262/4441/4485 1256/4442/4486 1284/4443/4487 1286/4444/4488
f 1258/4445/4489 1262/4446/4490 1287/4447/4491 1288/4448/4492
usemtl phongE10SG1
f 1262/4449/4493 1261/4450/4494 1289/4451/4495 1287/4452/4496
usemtl initialShadingGroup
f 1261/4453/4497 1257/4454/4498 1290/4455/4499 1289/4456/4500
usemtl phongE10SG1
f 1257/4457/4501 1258/4458/4502 1288/4459/4503 1290/4460/4504
f 1258/4461/4505 1257/4462/4506 1291/4463/4507 1292/4464/4508
usemtl initialShadingGroup
f 1257/4465/4509 1259/4466/4510 1293/4467/4511 1291/4468/4512
usemtl phongE10SG1
f 1259/4469/4513 1260/4470/4514 1294/4471/4515 1293/4472/4516
usemtl initialShadingGroup
f 1260/4473/4517 1258/4474/4518 1292/4475/4519 1294/4476/4520
usemtl phongE10SG1
f 1260/4477/4521 1259/4478/4522 1295/4479/4523 1296/4480/4524
usemtl initialShadingGroup
f 1259/4481/4525 1271/4482/4526 1297/4483/4527 1295/4484/4528
usemtl phongE10SG1
f 1271/4485/4529 1272/4486/4530 1298/4487/4531 1297/4488/4532
usemtl initialShadingGroup
f 1272/4489/4533 1260/4490/4534 1296/4491/4535 1298/4492/4536
f 1248/4493/4537 1272/4494/4538 1299/4495/4539 1300/4496/4540
usemtl phongE10SG1
f 1272/4497/4541 1271/4498/4542 1301/4499/4543 1299/4500/4544
usemtl initialShadingGroup
f 1271/4501/4545 1247/4502/4546 1302/4503/4547 1301/4504/4548
usemtl phongE10SG1
f 1247/4505/4549 1248/4506/4550 1300/4507/4551 1302/4508/4552
f 1248/4509/4553 1247/4510/4554 1303/4511/4555 1304/4512/4556
usemtl initialShadingGroup
f 1247/4513/4557 1249/4514/4558 1305/4515/4559 1303/4516/4560
usemtl phongE10SG1
f 1249/4517/4561 1250/4518/4562 1306/4519/4563 1305/4520/4564
usemtl initialShadingGroup
f 1250/4521/4565 1248/4522/4566 1304/4523/4567 1306/4524/4568
f 1267/4525/4569 1250/4526/4570 1307/4527/4571 1308/4528/4572
usemtl phongE10SG1
f 1250/4529/4573 1249/4530/4574 1309/4531/4575 1307/4532/4576
usemtl initialShadingGroup
f 1249/4533/4577 1268/4534/4578 1310/4535/4579 1309/4536/4580
usemtl phongE10SG1
f 1268/4537/4581 1267/4538/4582 1308/4539/4583 1310/4540/4584
f 1267/4541/4585 1268/4542/4586 1312/4543/4587 1311/4544/4588
usemtl initialShadingGroup
f 1268/4545/4589 1269/4546/4590 1313/4547/4591 1312/4548/4592
usemtl phongE10SG1
f 1269/4549/4593 1270/4550/4594 1314/4551/4595 1313/4552/4596
usemtl initialShadingGroup
f 1270/4553/4597 1267/4554/4598 1311/4555/4599 1314/4556/4600
f 1264/4557/4601 1270/4558/4602 1315/4559/4603 1316/4560/4604
usemtl phongE10SG1
f 1270/4561/4605 1269/4562/4606 1317/4563/4607 1315/4564/4608
usemtl initialShadingGroup
f 1269/4565/4609 1263/4566/4610 1318/4567/4611 1317/4568/4612
usemtl phongE10SG1
f 1263/4569/4613 1264/4570/4614 1316/4571/4615 1318/4572/4616
f 1264/4573/4617 1263/4574/4618 1319/4575/4619 1320/4576/4620
usemtl initialShadingGroup
f 1263/4577/4621 1265/4578/4622 1321/4579/4623 1319/4580/4624
usemtl phongE10SG1
f 1265/4581/4625 1266/4582/4626 1322/4583/4627 1321/4584/4628
usemtl initialShadingGroup
f 1266/4585/4629 1264/4586/4630 1320/4587/4631 1322/4588/4632
f 1265/4589/4633 1273/4590/4634 1323/4591/4635 1324/4592/4636
usemtl phongE10SG1
f 1273/4593/4637 1274/4594/4638 1325/4595/4639 1323/4596/4640
usemtl initialShadingGroup
f 1274/4396/4641 1266/4395/4642 1326/4597/4643 1325/4598/4644
usemtl phongE10SG1
f 1266/4599/4645 1265/4600/4646 1324/4601/4647 1326/4602/4648
usemtl phongE3SG1
f 1327/4603/4649 1328/4604/4650 1329/4605/4651
f 1328/4606/4652 1327/4607/4653 1330/4608/4654 1331/4609/4655 1332/4610/4656 1333/4611/4657
f 1333/4612/4658 1332/4613/4659 1331/4614/4660 1334/4615/4661 1335/4616/4662 1336/4617/4663 1337/4618/4664 1338/4619/4665 1339/4620/4666 1340/4621/4667 1341/4622/4668 1342/4623/4669 1343/4624/4670 1344/4625/4671 1345/4626/4672 1346/4627/4673 1347/4628/4674 1348/4629/4675 1349/4630/4676 1350/4631/4677 1351/4632/4678 1352/4633/4679 1353/4634/4680 1354/4635/4681 1355/4636/4682 1356/4637/4683 1357/4638/4684 1358/4639/4685 1359/4640/4686 1360/4641/4687
s 1000
f 1361/4642/4688 1362/4643/4689 1363/4644/4690 1364/4645/4691
f 1365/4646/4692 1366/4647/4693 1362/4648/4689 1361/4649/4688
s 1001
f 1367/4650/4694 1368/4651/4695 1369/4652/4696
f 1370/4653/4697 1367/4654/4694 1369/4655/4696
f 1371/4656/4698 1370/4657/4697 1369/4658/4696
f 1372/4659/4699 1371/4660/4698 1369/4661/4696
f 1373/4662/4700 1372/4663/4699 1369/4664/4696
f 1374/4665/4701 1373/4666/4700 1369/4667/4696
f 1375/4668/4702 1374/4669/4701 1369/4670/4696
f 1376/4671/4703 1375/4672/4702 1369/4673/4696
f 1377/4674/4704 1376/4675/4703 1369/4676/4696
f 1378/4677/4705 1377/4678/4704 1369/4679/4696
f 1379/4680/4706 1378/4681/4705 1369/4682/4696
f 1368/4683/4695 1379/4684/4706 1369/4685/4696
s 1002
f 1380/4686/4707 1381/4687/4708 1382/4688/4709
f 1381/4689/4708 1383/4690/4710 1382/4691/4709
f 1383/4692/4710 1384/4693/4711 1382/4694/4709
f 1384/4695/4711 1385/4696/4712 1382/4697/4709
f 1385/4698/4712 1386/4699/4713 1382/4700/4709
f 1386/4701/4713 1387/4702/4714 1382/4703/4709
f 1387/4704/4714 1388/4705/4715 1382/4706/4709
f 1388/4707/4715 1363/4708/4716 1382/4709/4709
f 1363/4710/4716 1362/4711/4717 1382/4712/4709
f 1362/4713/4717 1366/4714/4718 1382/4715/4709
f 1366/4716/4718 1389/4717/4719 1382/4718/4709
f 1389/4719/4719 1380/4720/4707 1382/4721/4709
s 1000
f 1343/4722/4720 1342/4723/4721 1381/4724/4722 1380/4725/4723
s 1003
f 1390/4726/4724 1391/4727/4725 1367/4728/4726 1370/4729/4727
f 1392/4730/4728 1390/4731/4724 1370/4732/4727 1371/4733/4729
s 1000
f 1340/4734/4730 1339/4735/4731 1385/4736/4732 1384/4737/4733
f 1339/4738/4731 1338/4739/4734 1386/4740/4735 1385/4741/4732
f 1338/4742/4734 1337/4743/4736 1387/4744/4737 1386/4745/4735
f 1337/4746/4736 1336/4747/4738 1388/4748/4739 1387/4749/4737
f 1336/4750/4738 1335/4751/4740 1393/4752/4741 1364/4753/4691 1363/4754/4690 1388/4755/4739
s 1003
f 1394/4756/4742 1376/4757/4743 1377/4758/4744 1395/4759/4745
f 1395/4760/4745 1377/4761/4744 1378/4762/4746 1396/4763/4747
s 1000
f 1345/4764/4748 1344/4765/4749 1389/4766/4750 1366/4767/4693 1365/4768/4692 1397/4769/4751
f 1344/4770/4749 1343/4771/4720 1380/4772/4723 1389/4773/4750
s 1004
f 1398/4774/4752 1397/4775/4753 1365/4776/4754 1361/4777/4755 1364/4778/4756 1393/4779/4757 1399/4780/4758 1400/4781/4759
s off
f 1401/4782/4760 1402/4783/4761 1403/4784/4762 1404/4785/4763
s 1006
f 1405/4786/4764 1394/4787/4765 1395/4788/4766 1396/4789/4767 1406/4790/4768 1407/4791/4769 1408/4792/4770 1409/4793/4771
s off
f 1346/4794/4772 1345/4795/4773 1397/4796/4774 1398/4797/4775
s 1008
f 1359/4798/4776 1358/4799/4777 1400/4800/4778 1399/4801/4779
s 1004
f 1410/4802/4780 1411/4803/4781 1398/4804/4752 1400/4805/4759
s 1008
f 1358/4806/4777 1357/4807/4782 1410/4808/4783 1400/4809/4778
s 1006
f 1412/4810/4784 1413/4811/4785 1408/4812/4770 1407/4813/4769
s off
f 1347/4814/4786 1346/4815/4787 1398/4816/4788 1411/4817/4789
f 1413/4818/4790 1412/4819/4791 1414/4820/4792 1415/4821/4793
f 1416/4822/4794 1417/4823/4795 1418/4824/4796 1419/4825/4797
f 1355/4826/4798 1354/4827/4799 1420/4828/4800 1421/4829/4801
f 1357/4830/4802 1356/4831/4803 1422/4832/4804 1410/4833/4805
f 1411/4834/4806 1410/4835/4807 1422/4836/4808 1423/4837/4809
f 1420/4838/4810 1424/4839/4811 1425/4840/4812 1421/4841/4813
f 1348/4842/4814 1347/4843/4815 1411/4844/4816 1423/4845/4817
f 1350/4846/4818 1349/4847/4819 1425/4848/4820 1424/4849/4821
f 1419/4850/4822 1418/4851/4823 1415/4852/4824 1414/4853/4825
f 1356/4854/4826 1355/4855/4827 1421/4856/4828 1422/4857/4829
f 1422/4858/4830 1421/4859/4831 1425/4860/4832 1423/4861/4833
f 1349/4862/4834 1348/4863/4835 1423/4864/4836 1425/4865/4837
f 1420/4866/4838 1426/4867/4839 1427/4868/4840 1424/4869/4841
f 1428/4870/4842 1417/4871/4843 1416/4872/4844 1429/4873/4845
f 1430/4874/4846 1431/4875/4847 1417/4876/4848 1428/4877/4849 1426/4878/4850 1420/4879/4851 1354/4880/4852 1353/4881/4853
f 1432/4882/4854 1351/4883/4855 1350/4884/4856 1424/4885/4857 1427/4886/4858 1429/4887/4859 1416/4888/4860 1433/4889/4861
f 1426/4890/4862 1428/4891/4863 1429/4892/4864 1427/4893/4865
f 1330/4894/4866 1434/4895/4867 1435/4896/4868 1405/4897/4869 1436/4898/4870 1437/4899/4871 1393/4900/4872 1335/4901/4873 1334/4902/4874 1331/4903/4875
s 1006
f 1405/4904/4764 1409/4905/4771 1438/4906/4876 1436/4907/4877
s 1008
f 1328/4908/4878 1333/4909/4879 1360/4910/4880 1359/4911/4776 1399/4912/4779 1439/4913/4881 1438/4914/4882 1409/4915/4883 1440/4916/4884 1329/4917/4885
s 1004
f 1399/4918/4758 1393/4919/4757 1437/4920/4886 1439/4921/4887
s off
f 1437/4922/4888 1436/4923/4889 1402/4924/4890 1401/4925/4891
s 1006
f 1436/4926/4877 1438/4927/4876 1403/4928/4892 1402/4929/4893
s off
f 1438/4930/4894 1439/4931/4895 1404/4932/4896 1403/4933/4897
s 1004
f 1439/4934/4887 1437/4935/4886 1401/4936/4898 1404/4937/4899
s 1003
f 1441/4938/4900 1392/4939/4728 1371/4940/4729 1372/4941/4901
s 1000
f 1342/4942/4721 1341/4943/4902 1383/4944/4903 1381/4945/4722
f 1341/4946/4902 1340/4947/4730 1384/4948/4733 1383/4949/4903
s 1003
f 1391/4950/4725 1442/4951/4904 1368/4952/4905 1367/4953/4726
f 1442/4954/4904 1443/4955/4906 1379/4956/4907 1368/4957/4905
s 1008
f 1444/4958/4908 1440/4959/4884 1409/4960/4883 1408/4961/4909
s 1003
f 1435/4962/4910 1445/4963/4911 1375/4964/4912 1376/4965/4743 1394/4966/4742 1405/4967/4913
s off
f 1446/4968/4914 1433/4969/4915 1416/4970/4916 1419/4971/4917
f 1431/4972/4918 1447/4973/4919 1418/4974/4920 1417/4975/4921
f 1448/4976/4922 1446/4977/4923 1419/4978/4924 1414/4979/4925
f 1449/4980/4926 1448/4981/4927 1414/4982/4928 1412/4983/4929
f 1447/4984/4930 1450/4985/4931 1415/4986/4932 1418/4987/4933
f 1450/4988/4934 1451/4989/4935 1413/4990/4936 1415/4991/4937
f 1452/4992/4938 1449/4993/4939 1412/4994/4940 1407/4995/4941
s 1008
f 1451/4996/4942 1444/4997/4908 1408/4998/4909 1413/4999/4943
s off
f 1453/5000/4944 1452/5001/4945 1407/5002/4946 1406/5003/4947
s 1003
f 1443/5004/4906 1453/5005/4948 1406/5006/4949 1396/5007/4747 1378/5008/4746 1379/5009/4907
f 1445/5010/4911 1454/5011/4950 1374/5012/4951 1375/5013/4912
f 1454/5014/4950 1455/5015/4952 1373/5016/4953 1374/5017/4951
f 1455/5018/4952 1441/5019/4900 1372/5020/4901 1373/5021/4953
s off
f 1352/5022/4954 1351/5023/4955 1432/5024/4956 1456/5025/4957 1430/5026/4958 1353/5027/4959
f 1455/5028/4960 1454/5029/4961 1445/5030/4962 1435/5031/4963 1434/5032/4964 1330/5033/4965 1327/5034/4966 1329/5035/4967 1440/5036/4968 1444/5037/4969 1451/5038/4970 1450/5039/4971 1447/5040/4972 1431/5041/4973 1430/5042/4974 1456/5043/4975 1432/5044/4976 1433/5045/4977 1446/5046/4978 1448/5047/4979 1449/5048/4980 1452/5049/4981 1453/5050/4982 1443/5051/4983 1442/5052/4984 1391/5053/4985 1390/5054/4986 1392/5055/4987 1441/5056/4988
s 1040
usemtl phongE6SG1
f 1458/5057/4989 1457/5058/4990 1477/5059/4991 1478/5060/4992
f 1459/5061/4993 1458/5062/4989 1478/5063/4992 1479/5064/4994
f 1460/5065/4995 1459/5066/4993 1479/5067/4994 1480/5068/4996
f 1461/5069/4997 1460/5070/4995 1480/5071/4996 1481/5072/4998
f 1462/5073/4999 1461/5074/4997 1481/5075/4998 1482/5076/5000
f 1463/5077/5001 1462/5078/4999 1482/5079/5000 1483/5080/5002
f 1464/5081/5003 1463/5082/5001 1483/5083/5002 1484/5084/5004
f 1465/5085/5005 1464/5086/5003 1484/5087/5004 1485/5088/5006
f 1466/5089/5007 1465/5090/5005 1485/5091/5006 1486/5092/5008
f 1467/5093/5009 1466/5094/5007 1486/5095/5008 1487/5096/5010
f 1468/5097/5011 1467/5098/5009 1487/5099/5010 1488/5100/5012
f 1469/5101/5013 1468/5102/5011 1488/5103/5012 1489/5104/5014
f 1470/5105/5015 1469/5106/5013 1489/5107/5014 1490/5108/5016
f 1471/5109/5017 1470/5110/5015 1490/5111/5016 1491/5112/5018
f 1472/5113/5019 1471/5114/5017 1491/5115/5018 1492/5116/5020
f 1473/5117/5021 1472/5118/5019 1492/5119/5020 1493/5120/5022
f 1474/5121/5023 1473/5122/5021 1493/5123/5022 1494/5124/5024
f 1475/5125/5025 1474/5126/5023 1494/5127/5024 1495/5128/5026
f 1476/5129/5027 1475/5130/5025 1495/5131/5026 1496/5132/5028
f 1457/5133/4990 1476/5134/5027 1496/5135/5028 1477/5136/4991
f 1478/5137/4992 1477/5138/4991 1497/5139/5029 1498/5140/5030
f 1479/5141/4994 1478/5142/4992 1498/5143/5030 1499/5144/5031
f 1480/5145/4996 1479/5146/4994 1499/5147/5031 1500/5148/5032
f 1481/5149/4998 1480/5150/4996 1500/5151/5032 1501/5152/5033
f 1482/5153/5000 1481/5154/4998 1501/5155/5033 1502/5156/5034
f 1483/5157/5002 1482/5158/5000 1502/5159/5034 1503/5160/5035
f 1484/5161/5004 1483/5162/5002 1503/5163/5035 1504/5164/5036
f 1485/5165/5006 1484/5166/5004 1504/5167/5036 1505/5168/5037
f 1486/5169/5008 1485/5170/5006 1505/5171/5037 1506/5172/5038
f 1487/5173/5010 1486/5174/5008 1506/5175/5038 1507/5176/5039
f 1488/5177/5012 1487/5178/5010 1507/5179/5039 1508/5180/5040
f 1489/5181/5014 1488/5182/5012 1508/5183/5040 1509/5184/5041
f 1490/5185/5016 1489/5186/5014 1509/5187/5041 1510/5188/5042
f 1491/5189/5018 1490/5190/5016 1510/5191/5042 1511/5192/5043
f 1492/5193/5020 1491/5194/5018 1511/5195/5043 1512/5196/5044
f 1493/5197/5022 1492/5198/5020 1512/5199/5044 1513/5200/5045
f 1494/5201/5024 1493/5202/5022 1513/5203/5045 1514/5204/5046
f 1495/5205/5026 1494/5206/5024 1514/5207/5046 1515/5208/5047
f 1496/5209/5028 1495/5210/5026 1515/5211/5047 1516/5212/5048
f 1477/5213/4991 1496/5214/5028 1516/5215/5048 1497/5216/5029
f 1498/5217/5030 1497/5218/5029 1517/5219/5049 1518/5220/5050
f 1499/5221/5031 1498/5222/5030 1518/5223/5050 1519/5224/5051
f 1500/5225/5032 1499/5226/5031 1519/5227/5051 1520/5228/5052
f 1501/5229/5033 1500/5230/5032 1520/5231/5052 1521/5232/5053
f 1502/5233/5034 1501/5234/5033 1521/5235/5053 1522/5236/5054
f 1503/5237/5035 1502/5238/5034 1522/5239/5054 1523/5240/5055
f 1504/5241/5036 1503/5242/5035 1523/5243/5055 1524/5244/5056
f 1505/5245/5037 1504/5246/5036 1524/5247/5056 1525/5248/5057
f 1506/5249/5038 1505/5250/5037 1525/5251/5057 1526/5252/5058
f 1507/5253/5039 1506/5254/5038 1526/5255/5058 1527/5256/5059
f 1508/5257/5040 1507/5258/5039 1527/5259/5059 1528/5260/5060
f 1509/5261/5041 1508/5262/5040 1528/5263/5060 1529/5264/5061
f 1510/5265/5042 1509/5266/5041 1529/5267/5061 1530/5268/5062
f 1511/5269/5043 1510/5270/5042 1530/5271/5062 1531/5272/5063
f 1512/5273/5044 1511/5274/5043 1531/5275/5063 1532/5276/5064
f 1513/5277/5045 1512/5278/5044 1532/5279/5064 1533/5280/5065
f 1514/5281/5046 1513/5282/5045 1533/5283/5065 1534/5284/5066
f 1515/5285/5047 1514/5286/5046 1534/5287/5066 1535/5288/5067
f 1516/5289/5048 1515/5290/5047 1535/5291/5067 1536/5292/5068
f 1497/5293/5029 1516/5294/5048 1536/5295/5068 1517/5296/5049
f 1518/5297/5050 1517/5298/5049 1457/5299/4990 1458/5300/4989
f 1519/5301/5051 1518/5302/5050 1458/5303/4989 1459/5304/4993
f 1520/5305/5052 1519/5306/5051 1459/5307/4993 1460/5308/4995
f 1521/5309/5053 1520/5310/5052 1460/5311/4995 1461/5312/4997
f 1522/5313/5054 1521/5314/5053 1461/5315/4997 1462/5316/4999
f 1523/5317/5055 1522/5318/5054 1462/5319/4999 1463/5320/5001
f 1524/5321/5056 1523/5322/5055 1463/5323/5001 1464/5324/5003
f 1525/5325/5057 1524/5326/5056 1464/5327/5003 1465/5328/5005
f 1526/5329/5058 1525/5330/5057 1465/5331/5005 1466/5332/5007
f 1527/5333/5059 1526/5334/5058 1466/5335/5007 1467/5336/5009
f 1528/5337/5060 1527/5338/5059 1467/5339/5009 1468/5340/5011
f 1529/5341/5061 1528/5342/5060 1468/5343/5011 1469/5344/5013
f 1530/5345/5062 1529/5346/5061 1469/5347/5013 1470/5348/5015
f 1531/5349/5063 1530/5350/5062 1470/5351/5015 1471/5352/5017
f 1532/5353/5064 1531/5354/5063 1471/5355/5017 1472/5356/5019
f 1533/5357/5065 1532/5358/5064 1472/5359/5019 1473/5360/5021
f 1534/5361/5066 1533/5362/5065 1473/5363/5021 1474/5364/5023
f 1535/5365/5067 1534/5366/5066 1474/5367/5023 1475/5368/5025
f 1536/5369/5068 1535/5370/5067 1475/5371/5025 1476/5372/5027
f 1517/5373/5049 1536/5374/5068 1476/5375/5027 1457/5376/4990
s 1041
f 1537/5377/5069 1538/5378/5070 1558/5379/5071 1557/5380/5072
f 1538/5381/5070 1539/5382/5073 1559/5383/5074 1558/5384/5071
f 1539/5385/5073 1540/5386/5075 1560/5387/5076 1559/5388/5074
f 1540/5389/5075 1541/5390/5077 1561/5391/5078 1560/5392/5076
f 1541/5393/5077 1542/5394/5079 1562/5395/5080 1561/5396/5078
f 1542/5397/5079 1543/5398/5081 1563/5399/5082 1562/5400/5080
f 1543/5401/5081 1544/5402/5083 1564/5403/5084 1563/5404/5082
f 1544/5405/5083 1545/5406/5085 1565/5407/5086 1564/5408/5084
f 1545/5409/5085 1546/5410/5087 1566/5411/5088 1565/5412/5086
f 1546/5413/5087 1547/5414/5089 1567/5415/5090 1566/5416/5088
f 1547/5417/5089 1548/5418/5091 1568/5419/5092 1567/5420/5090
f 1548/5421/5091 1549/5422/5093 1569/5423/5094 1568/5424/5092
f 1549/5425/5093 1550/5426/5095 1570/5427/5096 1569/5428/5094
f 1550/5429/5095 1551/5430/5097 1571/5431/5098 1570/5432/5096
f 1551/5433/5097 1552/5434/5099 1572/5435/5100 1571/5436/5098
f 1552/5437/5099 1553/5438/5101 1573/5439/5102 1572/5440/5100
f 1553/5441/5101 1554/5442/5103 1574/5443/5104 1573/5444/5102
f 1554/5445/5103 1555/5446/5105 1575/5447/5106 1574/5448/5104
f 1555/5449/5105 1556/5450/5107 1576/5451/5108 1575/5452/5106
f 1556/5453/5107 1537/5454/5069 1557/5455/5072 1576/5456/5108
f 1557/5457/5072 1558/5458/5071 1578/5459/5109 1577/5460/5110
f 1558/5461/5071 1559/5462/5074 1579/5463/5111 1578/5464/5109
f 1559/5465/5074 1560/5466/5076 1580/5467/5112 1579/5468/5111
f 1560/5469/5076 1561/5470/5078 1581/5471/5113 1580/5472/5112
f 1561/5473/5078 1562/5474/5080 1582/5475/5114 1581/5476/5113
f 1562/5477/5080 1563/5478/5082 1583/5479/5115 1582/5480/5114
f 1563/5481/5082 1564/5482/5084 1584/5483/5116 1583/5484/5115
f 1564/5485/5084 1565/5486/5086 1585/5487/5117 1584/5488/5116
f 1565/5489/5086 1566/5490/5088 1586/5491/5118 1585/5492/5117
f 1566/5493/5088 1567/5494/5090 1587/5495/5119 1586/5496/5118
f 1567/5497/5090 1568/5498/5092 1588/5499/5120 1587/5500/5119
f 1568/5501/5092 1569/5502/5094 1589/5503/5121 1588/5504/5120
f 1569/5505/5094 1570/5506/5096 1590/5507/5122 1589/5508/5121
f 1570/5509/5096 1571/5510/5098 1591/5511/5123 1590/5512/5122
f 1571/5513/5098 1572/5514/5100 1592/5515/5124 1591/5516/5123
f 1572/5517/5100 1573/5518/5102 1593/5519/5125 1592/5520/5124
f 1573/5521/5102 1574/5522/5104 1594/5523/5126 1593/5524/5125
f 1574/5525/5104 1575/5526/5106 1595/5527/5127 1594/5528/5126
f 1575/5529/5106 1576/5530/5108 1596/5531/5128 1595/5532/5127
f 1576/5533/5108 1557/5534/5072 1577/5535/5110 1596/5536/5128
f 1577/5537/5110 1578/5538/5109 1598/5539/5129 1597/5540/5130
f 1578/5541/5109 1579/5542/5111 1599/5543/5131 1598/5544/5129
f 1579/5545/5111 1580/5546/5112 1600/5547/5132 1599/5548/5131
f 1580/5549/5112 1581/5550/5113 1601/5551/5133 1600/5552/5132
f 1581/5553/5113 1582/5554/5114 1602/5555/5134 1601/5556/5133
f 1582/5557/5114 1583/5558/5115 1603/5559/5135 1602/5560/5134
f 1583/5561/5115 1584/5562/5116 1604/5563/5136 1603/5564/5135
f 1584/5565/5116 1585/5566/5117 1605/5567/5137 1604/5568/5136
f 1585/5569/5117 1586/5570/5118 1606/5571/5138 1605/5572/5137
f 1586/5573/5118 1587/5574/5119 1607/5575/5139 1606/5576/5138
f 1587/5577/5119 1588/5578/5120 1608/5579/5140 1607/5580/5139
f 1588/5581/5120 1589/5582/5121 1609/5583/5141 1608/5584/5140
f 1589/5585/5121 1590/5586/5122 1610/5587/5142 1609/5588/5141
f 1590/5589/5122 1591/5590/5123 1611/5591/5143 1610/5592/5142
f 1591/5593/5123 1592/5594/5124 1612/5595/5144 1611/5596/5143
f 1592/5597/5124 1593/5598/5125 1613/5599/5145 1612/5600/5144
f 1593/5601/5125 1594/5602/5126 1614/5603/5146 1613/5604/5145
f 1594/5605/5126 1595/5606/5127 1615/5607/5147 1614/5608/5146
f 1595/5609/5127 1596/5610/5128 1616/5611/5148 1615/5612/5147
f 1596/5613/5128 1577/5614/5110 1597/5615/5130 1616/5616/5148
f 1597/5617/5130 1598/5618/5129 1618/5619/5149 1617/5620/5150
f 1598/5621/5129 1599/5622/5131 1619/5623/5151 1618/5624/5149
f 1599/5625/5131 1600/5626/5132 1620/5627/5152 1619/5628/5151
f 1600/5629/5132 1601/5630/5133 1621/5631/5153 1620/5632/5152
f 1601/5633/5133 1602/5634/5134 1622/5635/5154 1621/5636/5153
f 1602/5637/5134 1603/5638/5135 1623/5639/5155 1622/5640/5154
f 1603/5641/5135 1604/5642/5136 1624/5643/5156 1623/5644/5155
f 1604/5645/5136 1605/5646/5137 1625/5647/5157 1624/5648/5156
f 1605/5649/5137 1606/5650/5138 1626/5651/5158 1625/5652/5157
f 1606/5653/5138 1607/5654/5139 1627/5655/5159 1626/5656/5158
f 1607/5657/5139 1608/5658/5140 1628/5659/5160 1627/5660/5159
f 1608/5661/5140 1609/5662/5141 1629/5663/5161 1628/5664/5160
f 1609/5665/5141 1610/5666/5142 1630/5667/5162 1629/5668/5161
f 1610/5669/5142 1611/5670/5143 1631/5671/5163 1630/5672/5162
f 1611/5673/5143 1612/5674/5144 1632/5675/5164 1631/5676/5163
f 1612/5677/5144 1613/5678/5145 1633/5679/5165 1632/5680/5164
f 1613/5681/5145 1614/5682/5146 1634/5683/5166 1633/5684/5165
f 1614/5685/5146 1615/5686/5147 1635/5687/5167 1634/5688/5166
f 1615/5689/5147 1616/5690/5148 1636/5691/5168 1635/5692/5167
f 1616/5693/5148 1597/5694/5130 1617/5695/5150 1636/5696/5168
f 1617/5697/5150 1618/5698/5149 1638/5699/5169 1637/5700/5170
f 1618/5701/5149 1619/5702/5151 1639/5703/5171 1638/5704/5169
f 1619/5705/5151 1620/5706/5152 1640/5707/5172 1639/5708/5171
f 1620/5709/5152 1621/5710/5153 1641/5711/5173 1640/5712/5172
f 1621/5713/5153 1622/5714/5154 1642/5715/5174 1641/5716/5173
f 1622/5717/5154 1623/5718/5155 1643/5719/5175 1642/5720/5174
f 1623/5721/5155 1624/5722/5156 1644/5723/5176 1643/5724/5175
f 1624/5725/5156 1625/5726/5157 1645/5727/5177 1644/5728/5176
f 1625/5729/5157 1626/5730/5158 1646/5731/5178 1645/5732/5177
f 1626/5733/5158 1627/5734/5159 1647/5735/5179 1646/5736/5178
f 1627/5737/5159 1628/5738/5160 1648/5739/5180 1647/5740/5179
f 1628/5741/5160 1629/5742/5161 1649/5743/5181 1648/5744/5180
f 1629/5745/5161 1630/5746/5162 1650/5747/5182 1649/5748/5181
f 1630/5749/5162 1631/5750/5163 1651/5751/5183 1650/5752/5182
f 1631/5753/5163 1632/5754/5164 1652/5755/5184 1651/5756/5183
f 1632/5757/5164 1633/5758/5165 1653/5759/5185 1652/5760/5184
f 1633/5761/5165 1634/5762/5166 1654/5763/5186 1653/5764/5185
f 1634/5765/5166 1635/5766/5167 1655/5767/5187 1654/5768/5186
f 1635/5769/5167 1636/5770/5168 1656/5771/5188 1655/5772/5187
f 1636/5773/5168 1617/5774/5150 1637/5775/5170 1656/5776/5188
f 1637/5777/5170 1638/5778/5169 1658/5779/5189 1657/5780/5190
f 1638/5781/5169 1639/5782/5171 1659/5783/5191 1658/5784/5189
f 1639/5785/5171 1640/5786/5172 1660/5787/5192 1659/5788/5191
f 1640/5789/5172 1641/5790/5173 1661/5791/5193 1660/5792/5192
f 1641/5793/5173 1642/5794/5174 1662/5795/5194 1661/5796/5193
f 1642/5797/5174 1643/5798/5175 1663/5799/5195 1662/5800/5194
f 1643/5801/5175 1644/5802/5176 1664/5803/5196 1663/5804/5195
f 1644/5805/5176 1645/5806/5177 1665/5807/5197 1664/5808/5196
f 1645/5809/5177 1646/5810/5178 1666/5811/5198 1665/5812/5197
f 1646/5813/5178 1647/5814/5179 1667/5815/5199 1666/5816/5198
f 1647/5817/5179 1648/5818/5180 1668/5819/5200 1667/5820/5199
f 1648/5821/5180 1649/5822/5181 1669/5823/5201 1668/5824/5200
f 1649/5825/5181 1650/5826/5182 1670/5827/5202 1669/5828/5201
f 1650/5829/5182 1651/5830/5183 1671/5831/5203 1670/5832/5202
f 1651/5833/5183 1652/5834/5184 1672/5835/5204 1671/5836/5203
f 1652/5837/5184 1653/5838/5185 1673/5839/5205 1672/5840/5204
f 1653/5841/5185 1654/5842/5186 1674/5843/5206 1673/5844/5205
f 1654/5845/5186 1655/5846/5187 1675/5847/5207 1674/5848/5206
f 1655/5849/5187 1656/5850/5188 1676/5851/5208 1675/5852/5207
f 1656/5853/5188 1637/5854/5170 1657/5855/5190 1676/5856/5208
f 1657/5857/5190 1658/5858/5189 1678/5859/5209 1677/5860/5210
f 1658/5861/5189 1659/5862/5191 1679/5863/5211 1678/5864/5209
f 1659/5865/5191 1660/5866/5192 1680/5867/5212 1679/5868/5211
f 1660/5869/5192 1661/5870/5193 1681/5871/5213 1680/5872/5212
f 1661/5873/5193 1662/5874/5194 1682/5875/5214 1681/5876/5213
f 1662/5877/5194 1663/5878/5195 1683/5879/5215 1682/5880/5214
f 1663/5881/5195 1664/5882/5196 1684/5883/5216 1683/5884/5215
f 1664/5885/5196 1665/5886/5197 1685/5887/5217 1684/5888/5216
f 1665/5889/5197 1666/5890/5198 1686/5891/5218 1685/5892/5217
f 1666/5893/5198 1667/5894/5199 1687/5895/5219 1686/5896/5218
f 1667/5897/5199 1668/5898/5200 1688/5899/5220 1687/5900/5219
f 1668/5901/5200 1669/5902/5201 1689/5903/5221 1688/5904/5220
f 1669/5905/5201 1670/5906/5202 1690/5907/5222 1689/5908/5221
f 1670/5909/5202 1671/5910/5203 1691/5911/5223 1690/5912/5222
f 1671/5913/5203 1672/5914/5204 1692/5915/5224 1691/5916/5223
f 1672/5917/5204 1673/5918/5205 1693/5919/5225 1692/5920/5224
f 1673/5921/5205 1674/5922/5206 1694/5923/5226 1693/5924/5225
f 1674/5925/5206 1675/5926/5207 1695/5927/5227 1694/5928/5226
f 1675/5929/5207 1676/5930/5208 1696/5931/5228 1695/5932/5227
f 1676/5933/5208 1657/5934/5190 1677/5935/5210 1696/5936/5228
f 1677/5937/5210 1678/5938/5209 1698/5939/5229 1697/5940/5230
f 1678/5941/5209 1679/5942/5211 1699/5943/5231 1698/5944/5229
f 1679/5945/5211 1680/5946/5212 1700/5947/5232 1699/5948/5231
f 1680/5949/5212 1681/5950/5213 1701/5951/5233 1700/5952/5232
f 1681/5953/5213 1682/5954/5214 1702/5955/5234 1701/5956/5233
f 1682/5957/5214 1683/5958/5215 1703/5959/5235 1702/5960/5234
f 1683/5961/5215 1684/5962/5216 1704/5963/5236 1703/5964/5235
f 1684/5965/5216 1685/5966/5217 1705/5967/5237 1704/5968/5236
f 1685/5969/5217 1686/5970/5218 1706/5971/5238 1705/5972/5237
f 1686/5973/5218 1687/5974/5219 1707/5975/5239 1706/5976/5238
f 1687/5977/5219 1688/5978/5220 1708/5979/5240 1707/5980/5239
f 1688/5981/5220 1689/5982/5221 1709/5983/5241 1708/5984/5240
f 1689/5985/5221 1690/5986/5222 1710/5987/5242 1709/5988/5241
f 1690/5989/5222 1691/5990/5223 1711/5991/5243 1710/5992/5242
f 1691/5993/5223 1692/5994/5224 1712/5995/5244 1711/5996/5243
f 1692/5997/5224 1693/5998/5225 1713/5999/5245 1712/6000/5244
f 1693/6001/5225 1694/6002/5226 1714/6003/5246 1713/6004/5245
f 1694/6005/5226 1695/6006/5227 1715/6007/5247 1714/6008/5246
f 1695/6009/5227 1696/6010/5228 1716/6011/5248 1715/6012/5247
f 1696/6013/5228 1677/6014/5210 1697/6015/5230 1716/6016/5248
f 1697/6017/5230 1698/6018/5229 1718/6019/5249 1717/6020/5250
f 1698/6021/5229 1699/6022/5231 1719/6023/5251 1718/6024/5249
f 1699/6025/5231 1700/6026/5232 1720/6027/5252 1719/6028/5251
f 1700/6029/5232 1701/6030/5233 1721/6031/5253 1720/6032/5252
f 1701/6033/5233 1702/6034/5234 1722/6035/5254 1721/6036/5253
f 1702/6037/5234 1703/6038/5235 1723/6039/5255 1722/6040/5254
f 1703/6041/5235 1704/6042/5236 1724/6043/5256 1723/6044/5255
f 1704/6045/5236 1705/6046/5237 1725/6047/5257 1724/6048/5256
f 1705/6049/5237 1706/6050/5238 1726/6051/5258 1725/6052/5257
f 1706/6053/5238 1707/6054/5239 1727/6055/5259 1726/6056/5258
f 1707/6057/5239 1708/6058/5240 1728/6059/5260 1727/6060/5259
f 1708/6061/5240 1709/6062/5241 1729/6063/5261 1728/6064/5260
f 1709/6065/5241 1710/6066/5242 1730/6067/5262 1729/6068/5261
f 1710/6069/5242 1711/6070/5243 1731/6071/5263 1730/6072/5262
f 1711/6073/5243 1712/6074/5244 1732/6075/5264 1731/6076/5263
f 1712/6077/5244 1713/6078/5245 1733/6079/5265 1732/6080/5264
f 1713/6081/5245 1714/6082/5246 1734/6083/5266 1733/6084/5265
f 1714/6085/5246 1715/6086/5247 1735/6087/5267 1734/6088/5266
f 1715/6089/5247 1716/6090/5248 1736/6091/5268 1735/6092/5267
f 1716/6093/5248 1697/6094/5230 1717/6095/5250 1736/6096/5268
f 1717/6097/5250 1718/6098/5249 1738/6099/5269 1737/6100/5270
f 1718/6101/5249 1719/6102/5251 1739/6103/5271 1738/6104/5269
f 1719/6105/5251 1720/6106/5252 1740/6107/5272 1739/6108/5271
f 1720/6109/5252 1721/6110/5253 1741/6111/5273 1740/6112/5272
f 1721/6113/5253 1722/6114/5254 1742/6115/5274 1741/6116/5273
f 1722/6117/5254 1723/6118/5255 1743/6119/5275 1742/6120/5274
f 1723/6121/5255 1724/6122/5256 1744/6123/5276 1743/6124/5275
f 1724/6125/5256 1725/6126/5257 1745/6127/5277 1744/6128/5276
f 1725/6129/5257 1726/6130/5258 1746/6131/5278 1745/6132/5277
f 1726/6133/5258 1727/6134/5259 1747/6135/5279 1746/6136/5278
f 1727/6137/5259 1728/6138/5260 1748/6139/5280 1747/6140/5279
f 1728/6141/5260 1729/6142/5261 1749/6143/5281 1748/6144/5280
f 1729/6145/5261 1730/6146/5262 1750/6147/5282 1749/6148/5281
f 1730/6149/5262 1731/6150/5263 1751/6151/5283 1750/6152/5282
f 1731/6153/5263 1732/6154/5264 1752/6155/5284 1751/6156/5283
f 1732/6157/5264 1733/6158/5265 1753/6159/5285 1752/6160/5284
f 1733/6161/5265 1734/6162/5266 1754/6163/5286 1753/6164/5285
f 1734/6165/5266 1735/6166/5267 1755/6167/5287 1754/6168/5286
f 1735/6169/5267 1736/6170/5268 1756/6171/5288 1755/6172/5287
f 1736/6173/5268 1717/6174/5250 1737/6175/5270 1756/6176/5288
f 1737/6177/5270 1738/6178/5269 1758/6179/5289 1757/6180/5290
f 1738/6181/5269 1739/6182/5271 1759/6183/5291 1758/6184/5289
f 1739/6185/5271 1740/6186/5272 1760/6187/5292 1759/6188/5291
f 1740/6189/5272 1741/6190/5273 1761/6191/5293 1760/6192/5292
f 1741/6193/5273 1742/6194/5274 1762/6195/5294 1761/6196/5293
f 1742/6197/5274 1743/6198/5275 1763/6199/5295 1762/6200/5294
f 1743/6201/5275 1744/6202/5276 1764/6203/5296 1763/6204/5295
f 1744/6205/5276 1745/6206/5277 1765/6207/5297 1764/6208/5296
f 1745/6209/5277 1746/6210/5278 1766/6211/5298 1765/6212/5297
f 1746/6213/5278 1747/6214/5279 1767/6215/5299 1766/6216/5298
f 1747/6217/5279 1748/6218/5280 1768/6219/5300 1767/6220/5299
f 1748/6221/5280 1749/6222/5281 1769/6223/5301 1768/6224/5300
f 1749/6225/5281 1750/6226/5282 1770/6227/5302 1769/6228/5301
f 1750/6229/5282 1751/6230/5283 1771/6231/5303 1770/6232/5302
f 1751/6233/5283 1752/6234/5284 1772/6235/5304 1771/6236/5303
f 1752/6237/5284 1753/6238/5285 1773/6239/5305 1772/6240/5304
f 1753/6241/5285 1754/6242/5286 1774/6243/5306 1773/6244/5305
f 1754/6245/5286 1755/6246/5287 1775/6247/5307 1774/6248/5306
f 1755/6249/5287 1756/6250/5288 1776/6251/5308 1775/6252/5307
f 1756/6253/5288 1737/6254/5270 1757/6255/5290 1776/6256/5308
f 1757/6257/5290 1758/6258/5289 1778/6259/5309 1777/6260/5310
f 1758/6261/5289 1759/6262/5291 1779/6263/5311 1778/6264/5309
f 1759/6265/5291 1760/6266/5292 1780/6267/5312 1779/6268/5311
f 1760/6269/5292 1761/6270/5293 1781/6271/5313 1780/6272/5312
f 1761/6273/5293 1762/6274/5294 1782/6275/5314 1781/6276/5313
f 1762/6277/5294 1763/6278/5295 1783/6279/5315 1782/6280/5314
f 1763/6281/5295 1764/6282/5296 1784/6283/5316 1783/6284/5315
f 1764/6285/5296 1765/6286/5297 1785/6287/5317 1784/6288/5316
f 1765/6289/5297 1766/6290/5298 1786/6291/5318 1785/6292/5317
f 1766/6293/5298 1767/6294/5299 1787/6295/5319 1786/6296/5318
f 1767/6297/5299 1768/6298/5300 1788/6299/5320 1787/6300/5319
f 1768/6301/5300 1769/6302/5301 1789/6303/5321 1788/6304/5320
f 1769/6305/5301 1770/6306/5302 1790/6307/5322 1789/6308/5321
f 1770/6309/5302 1771/6310/5303 1791/6311/5323 1790/6312/5322
f 1771/6313/5303 1772/6314/5304 1792/6315/5324 1791/6316/5323
f 1772/6317/5304 1773/6318/5305 1793/6319/5325 1792/6320/5324
f 1773/6321/5305 1774/6322/5306 1794/6323/5326 1793/6324/5325
f 1774/6325/5306 1775/6326/5307 1795/6327/5327 1794/6328/5326
f 1775/6329/5307 1776/6330/5308 1796/6331/5328 1795/6332/5327
f 1776/6333/5308 1757/6334/5290 1777/6335/5310 1796/6336/5328
f 1777/6337/5310 1778/6338/5309 1798/6339/5329 1797/6340/5330
f 1778/6341/5309 1779/6342/5311 1799/6343/5331 1798/6344/5329
f 1779/6345/5311 1780/6346/5312 1800/6347/5332 1799/6348/5331
f 1780/6349/5312 1781/6350/5313 1801/6351/5333 1800/6352/5332
f 1781/6353/5313 1782/6354/5314 1802/6355/5334 1801/6356/5333
f 1782/6357/5314 1783/6358/5315 1803/6359/5335 1802/6360/5334
f 1783/6361/5315 1784/6362/5316 1804/6363/5336 1803/6364/5335
f 1784/6365/5316 1785/6366/5317 1805/6367/5337 1804/6368/5336
f 1785/6369/5317 1786/6370/5318 1806/6371/5338 1805/6372/5337
f 1786/6373/5318 1787/6374/5319 1807/6375/5339 1806/6376/5338
f 1787/6377/5319 1788/6378/5320 1808/6379/5340 1807/6380/5339
f 1788/6381/5320 1789/6382/5321 1809/6383/5341 1808/6384/5340
f 1789/6385/5321 1790/6386/5322 1810/6387/5342 1809/6388/5341
f 1790/6389/5322 1791/6390/5323 1811/6391/5343 1810/6392/5342
f 1791/6393/5323 1792/6394/5324 1812/6395/5344 1811/6396/5343
f 1792/6397/5324 1793/6398/5325 1813/6399/5345 1812/6400/5344
f 1793/6401/5325 1794/6402/5326 1814/6403/5346 1813/6404/5345
f 1794/6405/5326 1795/6406/5327 1815/6407/5347 1814/6408/5346
f 1795/6409/5327 1796/6410/5328 1816/6411/5348 1815/6412/5347
f 1796/6413/5328 1777/6414/5310 1797/6415/5330 1816/6416/5348
f 1797/6417/5330 1798/6418/5329 1818/6419/5349 1817/6420/5350
f 1798/6421/5329 1799/6422/5331 1819/6423/5351 1818/6424/5349
f 1799/6425/5331 1800/6426/5332 1820/6427/5352 1819/6428/5351
f 1800/6429/5332 1801/6430/5333 1821/6431/5353 1820/6432/5352
f 1801/6433/5333 1802/6434/5334 1822/6435/5354 1821/6436/5353
f 1802/6437/5334 1803/6438/5335 1823/6439/5355 1822/6440/5354
f 1803/6441/5335 1804/6442/5336 1824/6443/5356 1823/6444/5355
f 1804/6445/5336 1805/6446/5337 1825/6447/5357 1824/6448/5356
f 1805/6449/5337 1806/6450/5338 1826/6451/5358 1825/6452/5357
f 1806/6453/5338 1807/6454/5339 1827/6455/5359 1826/6456/5358
f 1807/6457/5339 1808/6458/5340 1828/6459/5360 1827/6460/5359
f 1808/6461/5340 1809/6462/5341 1829/6463/5361 1828/6464/5360
f 1809/6465/5341 1810/6466/5342 1830/6467/5362 1829/6468/5361
f 1810/6469/5342 1811/6470/5343 1831/6471/5363 1830/6472/5362
f 1811/6473/5343 1812/6474/5344 1832/6475/5364 1831/6476/5363
f 1812/6477/5344 1813/6478/5345 1833/6479/5365 1832/6480/5364
f 1813/6481/5345 1814/6482/5346 1834/6483/5366 1833/6484/5365
f 1814/6485/5346 1815/6486/5347 1835/6487/5367 1834/6488/5366
f 1815/6489/5347 1816/6490/5348 1836/6491/5368 1835/6492/5367
f 1816/6493/5348 1797/6494/5330 1817/6495/5350 1836/6496/5368
f 1817/6497/5350 1818/6498/5349 1838/6499/5369 1837/6500/5370
f 1818/6501/5349 1819/6502/5351 1839/6503/5371 1838/6504/5369
f 1819/6505/5351 1820/6506/5352 1840/6507/5372 1839/6508/5371
f 1820/6509/5352 1821/6510/5353 1841/6511/5373 1840/6512/5372
f 1821/6513/5353 1822/6514/5354 1842/6515/5374 1841/6516/5373
f 1822/6517/5354 1823/6518/5355 1843/6519/5375 1842/6520/5374
f 1823/6521/5355 1824/6522/5356 1844/6523/5376 1843/6524/5375
f 1824/6525/5356 1825/6526/5357 1845/6527/5377 1844/6528/5376
f 1825/6529/5357 1826/6530/5358 1846/6531/5378 1845/6532/5377
f 1826/6533/5358 1827/6534/5359 1847/6535/5379 1846/6536/5378
f 1827/6537/5359 1828/6538/5360 1848/6539/5380 1847/6540/5379
f 1828/6541/5360 1829/6542/5361 1849/6543/5381 1848/6544/5380
f 1829/6545/5361 1830/6546/5362 1850/6547/5382 1849/6548/5381
f 1830/6549/5362 1831/6550/5363 1851/6551/5383 1850/6552/5382
f 1831/6553/5363 1832/6554/5364 1852/6555/5384 1851/6556/5383
f 1832/6557/5364 1833/6558/5365 1853/6559/5385 1852/6560/5384
f 1833/6561/5365 1834/6562/5366 1854/6563/5386 1853/6564/5385
f 1834/6565/5366 1835/6566/5367 1855/6567/5387 1854/6568/5386
f 1835/6569/5367 1836/6570/5368 1856/6571/5388 1855/6572/5387
f 1836/6573/5368 1817/6574/5350 1837/6575/5370 1856/6576/5388
f 1837/6577/5370 1838/6578/5369 1858/6579/5389 1857/6580/5390
f 1838/6581/5369 1839/6582/5371 1859/6583/5391 1858/6584/5389
f 1839/6585/5371 1840/6586/5372 1860/6587/5392 1859/6588/5391
f 1840/6589/5372 1841/6590/5373 1861/6591/5393 1860/6592/5392
f 1841/6593/5373 1842/6594/5374 1862/6595/5394 1861/6596/5393
f 1842/6597/5374 1843/6598/5375 1863/6599/5395 1862/6600/5394
f 1843/6601/5375 1844/6602/5376 1864/6603/5396 1863/6604/5395
f 1844/6605/5376 1845/6606/5377 1865/6607/5397 1864/6608/5396
f 1845/6609/5377 1846/6610/5378 1866/6611/5398 1865/6612/5397
f 1846/6613/5378 1847/6614/5379 1867/6615/5399 1866/6616/5398
f 1847/6617/5379 1848/6618/5380 1868/6619/5400 1867/6620/5399
f 1848/6621/5380 1849/6622/5381 1869/6623/5401 1868/6624/5400
f 1849/6625/5381 1850/6626/5382 1870/6627/5402 1869/6628/5401
f 1850/6629/5382 1851/6630/5383 1871/6631/5403 1870/6632/5402
f 1851/6633/5383 1852/6634/5384 1872/6635/5404 1871/6636/5403
f 1852/6637/5384 1853/6638/5385 1873/6639/5405 1872/6640/5404
f 1853/6641/5385 1854/6642/5386 1874/6643/5406 1873/6644/5405
f 1854/6645/5386 1855/6646/5387 1875/6647/5407 1874/6648/5406
f 1855/6649/5387 1856/6650/5388 1876/6651/5408 1875/6652/5407
f 1856/6653/5388 1837/6654/5370 1857/6655/5390 1876/6656/5408
f 1857/6657/5390 1858/6658/5389 1878/6659/5409 1877/6660/5410
f 1858/6661/5389 1859/6662/5391 1879/6663/5411 1878/6664/5409
f 1859/6665/5391 1860/6666/5392 1880/6667/5412 1879/6668/5411
f 1860/6669/5392 1861/6670/5393 1881/6671/5413 1880/6672/5412
f 1861/6673/5393 1862/6674/5394 1882/6675/5414 1881/6676/5413
f 1862/6677/5394 1863/6678/5395 1883/6679/5415 1882/6680/5414
f 1863/6681/5395 1864/6682/5396 1884/6683/5416 1883/6684/5415
f 1864/6685/5396 1865/6686/5397 1885/6687/5417 1884/6688/5416
f 1865/6689/5397 1866/6690/5398 1886/6691/5418 1885/6692/5417
f 1866/6693/5398 1867/6694/5399 1887/6695/5419 1886/6696/5418
f 1867/6697/5399 1868/6698/5400 1888/6699/5420 1887/6700/5419
f 1868/6701/5400 1869/6702/5401 1889/6703/5421 1888/6704/5420
f 1869/6705/5401 1870/6706/5402 1890/6707/5422 1889/6708/5421
f 1870/6709/5402 1871/6710/5403 1891/6711/5423 1890/6712/5422
f 1871/6713/5403 1872/6714/5404 1892/6715/5424 1891/6716/5423
f 1872/6717/5404 1873/6718/5405 1893/6719/5425 1892/6720/5424
f 1873/6721/5405 1874/6722/5406 1894/6723/5426 1893/6724/5425
f 1874/6725/5406 1875/6726/5407 1895/6727/5427 1894/6728/5426
f 1875/6729/5407 1876/6730/5408 1896/6731/5428 1895/6732/5427
f 1876/6733/5408 1857/6734/5390 1877/6735/5410 1896/6736/5428
f 1877/6737/5410 1878/6738/5409 1898/6739/5429 1897/6740/5430
f 1878/6741/5409 1879/6742/5411 1899/6743/5431 1898/6744/5429
f 1879/6745/5411 1880/6746/5412 1900/6747/5432 1899/6748/5431
f 1880/6749/5412 1881/6750/5413 1901/6751/5433 1900/6752/5432
f 1881/6753/5413 1882/6754/5414 1902/6755/5434 1901/6756/5433
f 1882/6757/5414 1883/6758/5415 1903/6759/5435 1902/6760/5434
f 1883/6761/5415 1884/6762/5416 1904/6763/5436 1903/6764/5435
f 1884/6765/5416 1885/6766/5417 1905/6767/5437 1904/6768/5436
f 1885/6769/5417 1886/6770/5418 1906/6771/5438 1905/6772/5437
f 1886/6773/5418 1887/6774/5419 1907/6775/5439 1906/6776/5438
f 1887/6777/5419 1888/6778/5420 1908/6779/5440 1907/6780/5439
f 1888/6781/5420 1889/6782/5421 1909/6783/5441 1908/6784/5440
f 1889/6785/5421 1890/6786/5422 1910/6787/5442 1909/6788/5441
f 1890/6789/5422 1891/6790/5423 1911/6791/5443 1910/6792/5442
f 1891/6793/5423 1892/6794/5424 1912/6795/5444 1911/6796/5443
f 1892/6797/5424 1893/6798/5425 1913/6799/5445 1912/6800/5444
f 1893/6801/5425 1894/6802/5426 1914/6803/5446 1913/6804/5445
f 1894/6805/5426 1895/6806/5427 1915/6807/5447 1914/6808/5446
f 1895/6809/5427 1896/6810/5428 1916/6811/5448 1915/6812/5447
f 1896/6813/5428 1877/6814/5410 1897/6815/5430 1916/6816/5448
f 1538/6817/5070 1537/6818/5069 1917/6819/5449
f 1539/6820/5073 1538/6821/5070 1917/6822/5449
f 1540/6823/5075 1539/6824/5073 1917/6825/5449
f 1541/6826/5077 1540/6827/5075 1917/6828/5449
f 1542/6829/5079 1541/6830/5077 1917/6831/5449
f 1543/6832/5081 1542/6833/5079 1917/6834/5449
f 1544/6835/5083 1543/6836/5081 1917/6837/5449
f 1545/6838/5085 1544/6839/5083 1917/6840/5449
f 1546/6841/5087 1545/6842/5085 1917/6843/5449
f 1547/6844/5089 1546/6845/5087 1917/6846/5449
f 1548/6847/5091 1547/6848/5089 1917/6849/5449
f 1549/6850/5093 1548/6851/5091 1917/6852/5449
f 1550/6853/5095 1549/6854/5093 1917/6855/5449
f 1551/6856/5097 1550/6857/5095 1917/6858/5449
f 1552/6859/5099 1551/6860/5097 1917/6861/5449
f 1553/6862/5101 1552/6863/5099 1917/6864/5449
f 1554/6865/5103 1553/6866/5101 1917/6867/5449
f 1555/6868/5105 1554/6869/5103 1917/6870/5449
f 1556/6871/5107 1555/6872/5105 1917/6873/5449
f 1537/6874/5069 1556/6875/5107 1917/6876/5449
f 1897/6877/5430 1898/6878/5429 1918/6879/5450
f 1898/6880/5429 1899/6881/5431 1918/6882/5450
f 1899/6883/5431 1900/6884/5432 1918/6885/5450
f 1900/6886/5432 1901/6887/5433 1918/6888/5450
f 1901/6889/5433 1902/6890/5434 1918/6891/5450
f 1902/6892/5434 1903/6893/5435 1918/6894/5450
f 1903/6895/5435 1904/6896/5436 1918/6897/5450
f 1904/6898/5436 1905/6899/5437 1918/6900/5450
f 1905/6901/5437 1906/6902/5438 1918/6903/5450
f 1906/6904/5438 1907/6905/5439 1918/6906/5450
f 1907/6907/5439 1908/6908/5440 1918/6909/5450
f 1908/6910/5440 1909/6911/5441 1918/6912/5450
f 1909/6913/5441 1910/6914/5442 1918/6915/5450
f 1910/6916/5442 1911/6917/5443 1918/6918/5450
f 1911/6919/5443 1912/6920/5444 1918/6921/5450
f 1912/6922/5444 1913/6923/5445 1918/6924/5450
f 1913/6925/5445 1914/6926/5446 1918/6927/5450
f 1914/6928/5446 1915/6929/5447 1918/6930/5450
f 1915/6931/5447 1916/6932/5448 1918/6933/5450
f 1916/6934/5448 1897/6935/5430 1918/6936/5450
s off
f 2037/6937/5451 2038/6938/5452 1921/6939/5453 1922/6940/5454
f 2036/6941/5455 2037/6942/5456 1922/6943/5457 1924/6944/5458
f 2035/6945/5459 2036/6946/5460 1924/6947/5461 1926/6948/5462
f 2038/6949/5463 2035/6950/5464 1926/6951/5465 1921/6952/5466
f 1927/6953/5467 1928/6954/5468 1920/6955/5469 1919/6956/5470
f 1929/6957/5471 1927/6958/5472 1919/6959/5473 1923/6960/5474
f 1930/6961/5475 1929/6962/5476 1923/6963/5477 1925/6964/5478
f 1928/6965/5479 1930/6966/5480 1925/6967/5481 1920/6968/5482
f 1931/6969/5483 1932/6970/5484 1933/6971/5485 1934/6972/5486
f 1935/6973/5487 1936/6974/5488 1937/6975/5489 1938/6976/5490
f 1936/6977/5491 1931/6978/5492 1934/6979/5493 1937/6980/5494
f 1932/6981/5495 1935/6982/5496 1938/6983/5497 1933/6984/5498
f 1939/6985/5499 1940/6986/5500 1941/6987/5501 1942/6988/5502
f 1943/6989/5503 1944/6990/5504 1945/6991/5505 1946/6992/5506
f 1944/6993/5507 1939/6994/5508 1942/6995/5509 1945/6996/5510
f 1940/6997/5511 1943/6998/5512 1946/6999/5513 1941/7000/5514
f 1947/7001/5515 1948/7002/5516 1949/7003/5517 1950/7004/5518
f 1951/7005/5519 1952/7006/5520 1953/7007/5521 1954/7008/5522
f 1952/7009/5523 1947/7010/5524 1950/7011/5525 1953/7012/5526
f 1948/7013/5527 1951/7014/5528 1954/7015/5529 1949/7016/5530
f 1955/7017/5531 1956/7018/5532 1957/7019/5533 1958/7020/5534
f 1959/7021/5535 1960/7022/5536 1961/7023/5537 1962/7024/5538
f 1960/7025/5539 1955/7026/5540 1958/7027/5541 1961/7028/5542
f 1956/7029/5543 1959/7030/5544 1962/7031/5545 1957/7032/5546
f 1963/7033/5547 1964/7034/5548 1965/7035/5549 1966/7036/5550
f 1967/7037/5551 1968/7038/5552 1969/7039/5553 1970/7040/5554
f 1968/7041/5555 1963/7042/5556 1966/7043/5557 1969/7044/5558
f 1964/7045/5559 1967/7046/5560 1970/7047/5561 1965/7048/5562
f 1971/7049/5563 1972/7050/5564 1973/7051/5565 1974/7052/5566
f 1975/7053/5567 1976/7054/5568 1977/7055/5569 1978/7056/5570
f 1979/7057/5571 1980/7058/5572 1981/7059/5573 1982/7060/5574
f 1983/7061/5575 1984/7062/5576 1985/7063/5577 1986/7064/5578
f 1980/7065/5579 1975/7066/5580 1978/7067/5581 1981/7068/5582
f 1972/7069/5583 1983/7070/5584 1986/7071/5585 1973/7072/5586
f 1984/7073/5587 1971/7074/5588 1974/7075/5589 1985/7076/5590
f 1976/7077/5591 1979/7078/5592 1982/7079/5593 1977/7080/5594
f 1976/7081/5595 1975/7082/5596 1987/7083/5597 1988/7084/5598
f 1989/7085/5599 1990/7086/5600 1991/7087/5601 1992/7088/5602
f 1993/7089/5603 1994/7090/5604 1995/7091/5605 1996/7092/5606
f 1980/7093/5607 1979/7094/5608 1997/7095/5609 1998/7096/5610
f 1994/7097/5611 1989/7098/5612 1992/7099/5613 1995/7100/5614
f 1975/7101/5615 1980/7102/5616 1998/7103/5617 1987/7104/5618
f 1979/7105/5619 1976/7106/5620 1988/7107/5621 1997/7108/5622
f 1990/7109/5623 1993/7110/5624 1996/7111/5625 1991/7112/5626
f 1989/7113/5627 1999/7114/5628 2000/7115/5629 1990/7116/5630
f 1987/7117/5631 1992/7118/5632 1991/7119/5633 1988/7120/5634
f 1973/7121/5635 1978/7122/5636 1977/7123/5637 1974/7124/5638
f 1963/7125/5639 1972/7126/5640 1971/7127/5641 1964/7128/5642
f 1955/7129/5643 1966/7130/5644 1965/7131/5645 1956/7132/5646
f 1947/7133/5647 1958/7134/5648 1957/7135/5649 1948/7136/5650
f 1939/7137/5651 1950/7138/5652 1949/7139/5653 1940/7140/5654
f 1931/7141/5655 1942/7142/5656 1941/7143/5657 1932/7144/5658
f 1927/7145/5659 1934/7146/5660 1933/7147/5661 1928/7148/5662
f 2001/7149/5663 1994/7150/5664 1993/7151/5665 2002/7152/5666
f 1995/7153/5667 1998/7154/5668 1997/7155/5669 1996/7156/5670
f 1981/7157/5671 1986/7158/5672 1985/7159/5673 1982/7160/5674
f 1983/7161/5675 1968/7162/5676 1967/7163/5677 1984/7164/5678
f 1969/7165/5679 1960/7166/5680 1959/7167/5681 1970/7168/5682
f 1961/7169/5683 1952/7170/5684 1951/7171/5685 1962/7172/5686
f 1953/7173/5687 1944/7174/5688 1943/7175/5689 1954/7176/5690
f 1945/7177/5691 1936/7178/5692 1935/7179/5693 1946/7180/5694
f 1937/7181/5695 1929/7182/5696 1930/7183/5697 1938/7184/5698
f 1989/7185/5699 1994/7186/5700 2001/7187/5701 1999/7188/5702
f 1987/7189/5703 1998/7190/5704 1995/7191/5705 1992/7192/5706
f 1973/7193/5707 1986/7194/5708 1981/7195/5709 1978/7196/5710
f 1963/7197/5711 1968/7198/5712 1983/7199/5713 1972/7200/5714
f 1955/7201/5715 1960/7202/5716 1969/7203/5717 1966/7204/5718
f 1947/7205/5719 1952/7206/5720 1961/7207/5721 1958/7208/5722
f 1939/7209/5723 1944/7210/5724 1953/7211/5725 1950/7212/5726
f 1931/7213/5727 1936/7214/5728 1945/7215/5729 1942/7216/5730
f 1927/7217/5731 1929/7218/5732 1937/7219/5733 1934/7220/5734
f 1921/7221/5735 1926/7222/5736 1924/7223/5737 1922/7224/5738 2003/7225/5739 2004/7226/5740 2005/7227/5741 2006/7228/5742 2007/7229/5743 2008/7230/5744 2009/7231/5745 2010/7232/5746 2011/7233/5747 2012/7234/5748 2013/7235/5749 2014/7236/5750 2015/7237/5751 2016/7238/5752 2017/7239/5753 2018/7240/5754
f 1933/7241/5755 1938/7242/5756 1930/7243/5757 1928/7244/5758
f 1941/7245/5759 1946/7246/5760 1935/7247/5761 1932/7248/5762
f 1949/7249/5763 1954/7250/5764 1943/7251/5765 1940/7252/5766
f 1957/7253/5767 1962/7254/5768 1951/7255/5769 1948/7256/5770
f 1965/7257/5771 1970/7258/5772 1959/7259/5773 1956/7260/5774
f 1971/7261/5775 1984/7262/5776 1967/7263/5777 1964/7264/5778
f 1977/7265/5779 1982/7266/5780 1985/7267/5781 1974/7268/5782
f 1991/7269/5783 1996/7270/5784 1997/7271/5785 1988/7272/5786
f 2000/7273/5787 2002/7274/5788 1993/7275/5789 1990/7276/5790
f 1999/7277/5791 2001/7278/5792 2002/7279/5793 2000/7280/5794
f 2016/7281/5795 2015/7282/5796 2019/7283/5797 2020/7284/5798
f 2018/7285/5799 2017/7286/5800 2021/7287/5801 2022/7288/5802
f 2017/7289/5803 2016/7290/5804 2020/7291/5805 2021/7292/5806
f 2019/7293/5807 2022/7294/5808 2021/7295/5809 2020/7296/5810
f 2015/7297/5811 2018/7298/5812 2022/7299/5813 2019/7300/5814
f 2012/7301/5815 2011/7302/5816 2023/7303/5817 2024/7304/5818
f 2014/7305/5819 2013/7306/5820 2025/7307/5821 2026/7308/5822
f 2013/7309/5823 2012/7310/5824 2024/7311/5825 2025/7312/5826
f 2023/7313/5827 2026/7314/5828 2025/7315/5829 2024/7316/5830
f 2011/7317/5831 2014/7318/5832 2026/7319/5833 2023/7320/5834
f 2010/7321/5835 2009/7322/5836 2027/7323/5837 2028/7324/5838
f 2008/7325/5839 2007/7326/5840 2029/7327/5841 2030/7328/5842
f 2007/7329/5843 2010/7330/5844 2028/7331/5845 2029/7332/5846
f 2027/7333/5847 2030/7334/5848 2029/7335/5849 2028/7336/5850
f 2009/7337/5851 2008/7338/5852 2030/7339/5853 2027/7340/5854
f 2006/7341/5855 2005/7342/5856 2031/7343/5857 2032/7344/5858
f 2004/7345/5859 2003/7346/5860 2033/7347/5861 2034/7348/5862
f 2003/7349/5863 2006/7350/5864 2032/7351/5865 2033/7352/5866
f 2031/7353/5867 2034/7354/5868 2033/7355/5869 2032/7356/5870
f 2005/7357/5871 2004/7358/5872 2034/7359/5873 2031/7360/5874
f 2039/7361/5875 2040/7362/5876 2036/7363/5877 2035/7364/5878
f 2040/7365/5879 2041/7366/5880 2037/7367/5881 2036/7368/5882
f 2041/7369/5883 2042/7370/5884 2038/7371/5885 2037/7372/5886
f 2042/7373/5887 2039/7374/5888 2035/7375/5889 2038/7376/5890
f 1925/7377/5891 1923/7378/5892 2040/7379/5893 2039/7380/5894
f 1923/7381/5895 1919/7382/5896 2041/7383/5897 2040/7384/5898
f 1919/7385/5899 1920/7386/5900 2042/7387/5901 2041/7388/5902
f 1920/7389/5903 1925/7390/5904 2039/7391/5905 2042/7392/5906
s 1152
usemtl phongE5SG1
f 2044/7393/5907 2043/7394/5908 2063/7395/5909 2064/7396/5910
f 2045/7397/5911 2044/7398/5907 2064/7399/5910 2065/7400/5912
f 2046/7401/5913 2045/7402/5911 2065/7403/5912 2066/7404/5914
f 2047/7405/5915 2046/7406/5913 2066/7407/5914 2067/7408/5916
f 2048/7409/5917 2047/7410/5915 2067/7411/5916 2068/7412/5918
f 2049/7413/5919 2048/7414/5917 2068/7415/5918 2069/7416/5920
f 2050/7417/5921 2049/7418/5919 2069/7419/5920 2070/7420/5922
f 2051/7421/5923 2050/7422/5921 2070/7423/5922 2071/7424/5924
f 2052/7425/5925 2051/7426/5923 2071/7427/5924 2072/7428/5926
f 2053/7429/5927 2052/7430/5925 2072/7431/5926 2073/7432/5928
f 2054/7433/5929 2053/7434/5927 2073/7435/5928 2074/7436/5930
f 2055/7437/5931 2054/7438/5929 2074/7439/5930 2075/7440/5932
f 2056/7441/5933 2055/7442/5931 2075/7443/5932 2076/7444/5934
f 2057/7445/5935 2056/7446/5933 2076/7447/5934 2077/7448/5936
f 2058/7449/5937 2057/7450/5935 2077/7451/5936 2078/7452/5938
f 2059/7453/5939 2058/7454/5937 2078/7455/5938 2079/7456/5940
f 2060/7457/5941 2059/7458/5939 2079/7459/5940 2080/7460/5942
f 2061/7461/5943 2060/7462/5941 2080/7463/5942 2081/7464/5944
f 2062/7465/5945 2061/7466/5943 2081/7467/5944 2082/7468/5946
f 2043/7469/5908 2062/7470/5945 2082/7471/5946 2063/7472/5909
f 2064/7473/5910 2063/7474/5909 2083/7475/5947 2084/7476/5948
f 2065/7477/5912 2064/7478/5910 2084/7479/5948 2085/7480/5949
f 2066/7481/5914 2065/7482/5912 2085/7483/5949 2086/7484/5950
f 2067/7485/5916 2066/7486/5914 2086/7487/5950 2087/7488/5951
f 2068/7489/5918 2067/7490/5916 2087/7491/5951 2088/7492/5952
f 2069/7493/5920 2068/7494/5918 2088/7495/5952 2089/7496/5953
f 2070/7497/5922 2069/7498/5920 2089/7499/5953 2090/7500/5954
f 2071/7501/5924 2070/7502/5922 2090/7503/5954 2091/7504/5955
f 2072/7505/5926 2071/7506/5924 2091/7507/5955 2092/7508/5956
f 2073/7509/5928 2072/7510/5926 2092/7511/5956 2093/7512/5957
f 2074/7513/5930 2073/7514/5928 2093/7515/5957 2094/7516/5958
f 2075/7517/5932 2074/7518/5930 2094/7519/5958 2095/7520/5959
f 2076/7521/5934 2075/7522/5932 2095/7523/5959 2096/7524/5960
f 2077/7525/5936 2076/7526/5934 2096/7527/5960 2097/7528/5961
f 2078/7529/5938 2077/7530/5936 2097/7531/5961 2098/7532/5962
f 2079/7533/5940 2078/7534/5938 2098/7535/5962 2099/7536/5963
f 2080/7537/5942 2079/7538/5940 2099/7539/5963 2100/7540/5964
f 2081/7541/5944 2080/7542/5942 2100/7543/5964 2101/7544/5965
f 2082/7545/5946 2081/7546/5944 2101/7547/5965 2102/7548/5966
f 2063/7549/5909 2082/7550/5946 2102/7551/5966 2083/7552/5947
f 2084/7553/5948 2083/7554/5947 2103/7555/5967 2104/7556/5968
f 2085/7557/5949 2084/7558/5948 2104/7559/5968 2105/7560/5969
f 2086/7561/5950 2085/7562/5949 2105/7563/5969 2106/7564/5970
f 2087/7565/5951 2086/7566/5950 2106/7567/5970 2107/7568/5971
f 2088/7569/5952 2087/7570/5951 2107/7571/5971 2108/7572/5972
f 2089/7573/5953 2088/7574/5952 2108/7575/5972 2109/7576/5973
f 2090/7577/5954 2089/7578/5953 2109/7579/5973 2110/7580/5974
f 2091/7581/5955 2090/7582/5954 2110/7583/5974 2111/7584/5975
f 2092/7585/5956 2091/7586/5955 2111/7587/5975 2112/7588/5976
f 2093/7589/5957 2092/7590/5956 2112/7591/5976 2113/7592/5977
f 2094/7593/5958 2093/7594/5957 2113/7595/5977 2114/7596/5978
f 2095/7597/5959 2094/7598/5958 2114/7599/5978 2115/7600/5979
f 2096/7601/5960 2095/7602/5959 2115/7603/5979 2116/7604/5980
f 2097/7605/5961 2096/7606/5960 2116/7607/5980 2117/7608/5981
f 2098/7609/5962 2097/7610/5961 2117/7611/5981 2118/7612/5982
f 2099/7613/5963 2098/7614/5962 2118/7615/5982 2119/7616/5983
f 2100/7617/5964 2099/7618/5963 2119/7619/5983 2120/7620/5984
f 2101/7621/5965 2100/7622/5964 2120/7623/5984 2121/7624/5985
f 2102/7625/5966 2101/7626/5965 2121/7627/5985 2122/7628/5986
f 2083/7629/5947 2102/7630/5966 2122/7631/5986 2103/7632/5967
f 2104/7633/5968 2103/7634/5967 2043/7635/5908 2044/7636/5907
f 2105/7637/5969 2104/7638/5968 2044/7639/5907 2045/7640/5911
f 2106/7641/5970 2105/7642/5969 2045/7643/5911 2046/7644/5913
f 2107/7645/5971 2106/7646/5970 2046/7647/5913 2047/7648/5915
f 2108/7649/5972 2107/7650/5971 2047/7651/5915 2048/7652/5917
f 2109/7653/5973 2108/7654/5972 2048/7655/5917 2049/7656/5919
f 2110/7657/5974 2109/7658/5973 2049/7659/5919 2050/7660/5921
f 2111/7661/5975 2110/7662/5974 2050/7663/5921 2051/7664/5923
f 2112/7665/5976 2111/7666/5975 2051/7667/5923 2052/7668/5925
f 2113/7669/5977 2112/7670/5976 2052/7671/5925 2053/7672/5927
f 2114/7673/5978 2113/7674/5977 2053/7675/5927 2054/7676/5929
f 2115/7677/5979 2114/7678/5978 2054/7679/5929 2055/7680/5931
f 2116/7681/5980 2115/7682/5979 2055/7683/5931 2056/7684/5933
f 2117/7685/5981 2116/7686/5980 2056/7687/5933 2057/7688/5935
f 2118/7689/5982 2117/7690/5981 2057/7691/5935 2058/7692/5937
f 2119/7693/5983 2118/7694/5982 2058/7695/5937 2059/7696/5939
f 2120/7697/5984 2119/7698/5983 2059/7699/5939 2060/7700/5941
f 2121/7701/5985 2120/7702/5984 2060/7703/5941 2061/7704/5943
f 2122/7705/5986 2121/7706/5985 2061/7707/5943 2062/7708/5945
f 2103/7709/5967 2122/7710/5986 2062/7711/5945 2043/7712/5908
s 1153
f 2123/7713/5987 2124/7714/5988 2144/7715/5989 2143/7716/5990
f 2124/7717/5988 2125/7718/5991 2145/7719/5992 2144/7720/5989
f 2125/7721/5991 2126/7722/5993 2146/7723/5994 2145/7724/5992
f 2126/7725/5993 2127/7726/5995 2147/7727/5996 2146/7728/5994
f 2127/7729/5995 2128/7730/5997 2148/7731/5998 2147/7732/5996
f 2128/7733/5997 2129/7734/5999 2149/7735/6000 2148/7736/5998
f 2129/7737/5999 2130/7738/6001 2150/7739/6002 2149/7740/6000
f 2130/7741/6001 2131/7742/6003 2151/7743/6004 2150/7744/6002
f 2131/7745/6003 2132/7746/6005 2152/7747/6006 2151/7748/6004
f 2132/7749/6005 2133/7750/6007 2153/7751/6008 2152/7752/6006
f 2133/7753/6007 2134/7754/6009 2154/7755/6010 2153/7756/6008
f 2134/7757/6009 2135/7758/6011 2155/7759/6012 2154/7760/6010
f 2135/7761/6011 2136/7762/6013 2156/7763/6014 2155/7764/6012
f 2136/7765/6013 2137/7766/6015 2157/7767/6016 2156/7768/6014
f 2137/7769/6015 2138/7770/6017 2158/7771/6018 2157/7772/6016
f 2138/7773/6017 2139/7774/6019 2159/7775/6020 2158/7776/6018
f 2139/7777/6019 2140/7778/6021 2160/7779/6022 2159/7780/6020
f 2140/7781/6021 2141/7782/6023 2161/7783/6024 2160/7784/6022
f 2141/7785/6023 2142/7786/6025 2162/7787/6026 2161/7788/6024
f 2142/7789/6025 2123/7790/5987 2143/7791/5990 2162/7792/6026
f 2143/7793/5990 2144/7794/5989 2164/7795/6027 2163/7796/6028
f 2144/7797/5989 2145/7798/5992 2165/7799/6029 2164/7800/6027
f 2145/7801/5992 2146/7802/5994 2166/7803/6030 2165/7804/6029
f 2146/7805/5994 2147/7806/5996 2167/7807/6031 2166/7808/6030
f 2147/7809/5996 2148/7810/5998 2168/7811/6032 2167/7812/6031
f 2148/7813/5998 2149/7814/6000 2169/7815/6033 2168/7816/6032
f 2149/7817/6000 2150/7818/6002 2170/7819/6034 2169/7820/6033
f 2150/7821/6002 2151/7822/6004 2171/7823/6035 2170/7824/6034
f 2151/7825/6004 2152/7826/6006 2172/7827/6036 2171/7828/6035
f 2152/7829/6006 2153/7830/6008 2173/7831/6037 2172/7832/6036
f 2153/7833/6008 2154/7834/6010 2174/7835/6038 2173/7836/6037
f 2154/7837/6010 2155/7838/6012 2175/7839/6039 2174/7840/6038
f 2155/7841/6012 2156/7842/6014 2176/7843/6040 2175/7844/6039
f 2156/7845/6014 2157/7846/6016 2177/7847/6041 2176/7848/6040
f 2157/7849/6016 2158/7850/6018 2178/7851/6042 2177/7852/6041
f 2158/7853/6018 2159/7854/6020 2179/7855/6043 2178/7856/6042
f 2159/7857/6020 2160/7858/6022 2180/7859/6044 2179/7860/6043
f 2160/7861/6022 2161/7862/6024 2181/7863/6045 2180/7864/6044
f 2161/7865/6024 2162/7866/6026 2182/7867/6046 2181/7868/6045
f 2162/7869/6026 2143/7870/5990 2163/7871/6028 2182/7872/6046
f 2163/7873/6028 2164/7874/6027 2184/7875/6047 2183/7876/6048
f 2164/7877/6027 2165/7878/6029 2185/7879/6049 2184/7880/6047
f 2165/7881/6029 2166/7882/6030 2186/7883/6050 2185/7884/6049
f 2166/7885/6030 2167/7886/6031 2187/7887/6051 2186/7888/6050
f 2167/7889/6031 2168/7890/6032 2188/7891/6052 2187/7892/6051
f 2168/7893/6032 2169/7894/6033 2189/7895/6053 2188/7896/6052
f 2169/7897/6033 2170/7898/6034 2190/7899/6054 2189/7900/6053
f 2170/7901/6034 2171/7902/6035 2191/7903/6055 2190/7904/6054
f 2171/7905/6035 2172/7906/6036 2192/7907/6056 2191/7908/6055
f 2172/7909/6036 2173/7910/6037 2193/7911/6057 2192/7912/6056
f 2173/7913/6037 2174/7914/6038 2194/7915/6058 2193/7916/6057
f 2174/7917/6038 2175/7918/6039 2195/7919/6059 2194/7920/6058
f 2175/7921/6039 2176/7922/6040 2196/7923/6060 2195/7924/6059
f 2176/7925/6040 2177/7926/6041 2197/7927/6061 2196/7928/6060
f 2177/7929/6041 2178/7930/6042 2198/7931/6062 2197/7932/6061
f 2178/7933/6042 2179/7934/6043 2199/7935/6063 2198/7936/6062
f 2179/7937/6043 2180/7938/6044 2200/7939/6064 2199/7940/6063
f 2180/7941/6044 2181/7942/6045 2201/7943/6065 2200/7944/6064
f 2181/7945/6045 2182/7946/6046 2202/7947/6066 2201/7948/6065
f 2182/7949/6046 2163/7950/6028 2183/7951/6048 2202/7952/6066
f 2183/7953/6048 2184/7954/6047 2204/7955/6067 2203/7956/6068
f 2184/7957/6047 2185/7958/6049 2205/7959/6069 2204/7960/6067
f 2185/7961/6049 2186/7962/6050 2206/7963/6070 2205/7964/6069
f 2186/7965/6050 2187/7966/6051 2207/7967/6071 2206/7968/6070
f 2187/7969/6051 2188/7970/6052 2208/7971/6072 2207/7972/6071
f 2188/7973/6052 2189/7974/6053 2209/7975/6073 2208/7976/6072
f 2189/7977/6053 2190/7978/6054 2210/7979/6074 2209/7980/6073
f 2190/7981/6054 2191/7982/6055 2211/7983/6075 2210/7984/6074
f 2191/7985/6055 2192/7986/6056 2212/7987/6076 2211/7988/6075
f 2192/7989/6056 2193/7990/6057 2213/7991/6077 2212/7992/6076
f 2193/7993/6057 2194/7994/6058 2214/7995/6078 2213/7996/6077
f 2194/7997/6058 2195/7998/6059 2215/7999/6079 2214/8000/6078
f 2195/8001/6059 2196/8002/6060 2216/8003/6080 2215/8004/6079
f 2196/8005/6060 2197/8006/6061 2217/8007/6081 2216/8008/6080
f 2197/8009/6061 2198/8010/6062 2218/8011/6082 2217/8012/6081
f 2198/8013/6062 2199/8014/6063 2219/8015/6083 2218/8016/6082
f 2199/8017/6063 2200/8018/6064 2220/8019/6084 2219/8020/6083
f 2200/8021/6064 2201/8022/6065 2221/8023/6085 2220/8024/6084
f 2201/8025/6065 2202/8026/6066 2222/8027/6086 2221/8028/6085
f 2202/8029/6066 2183/8030/6048 2203/8031/6068 2222/8032/6086
f 2203/8033/6068 2204/8034/6067 2224/8035/6087 2223/8036/6088
f 2204/8037/6067 2205/8038/6069 2225/8039/6089 2224/8040/6087
f 2205/8041/6069 2206/8042/6070 2226/8043/6090 2225/8044/6089
f 2206/8045/6070 2207/8046/6071 2227/8047/6091 2226/8048/6090
f 2207/8049/6071 2208/8050/6072 2228/8051/6092 2227/8052/6091
f 2208/8053/6072 2209/8054/6073 2229/8055/6093 2228/8056/6092
f 2209/8057/6073 2210/8058/6074 2230/8059/6094 2229/8060/6093
f 2210/8061/6074 2211/8062/6075 2231/8063/6095 2230/8064/6094
f 2211/8065/6075 2212/8066/6076 2232/8067/6096 2231/8068/6095
f 2212/8069/6076 2213/8070/6077 2233/8071/6097 2232/8072/6096
f 2213/8073/6077 2214/8074/6078 2234/8075/6098 2233/8076/6097
f 2214/8077/6078 2215/8078/6079 2235/8079/6099 2234/8080/6098
f 2215/8081/6079 2216/8082/6080 2236/8083/6100 2235/8084/6099
f 2216/8085/6080 2217/8086/6081 2237/8087/6101 2236/8088/6100
f 2217/8089/6081 2218/8090/6082 2238/8091/6102 2237/8092/6101
f 2218/8093/6082 2219/8094/6083 2239/8095/6103 2238/8096/6102
f 2219/8097/6083 2220/8098/6084 2240/8099/6104 2239/8100/6103
f 2220/8101/6084 2221/8102/6085 2241/8103/6105 2240/8104/6104
f 2221/8105/6085 2222/8106/6086 2242/8107/6106 2241/8108/6105
f 2222/8109/6086 2203/8110/6068 2223/8111/6088 2242/8112/6106
f 2223/8113/6088 2224/8114/6087 2244/8115/6107 2243/8116/6108
f 2224/8117/6087 2225/8118/6089 2245/8119/6109 2244/8120/6107
f 2225/8121/6089 2226/8122/6090 2246/8123/6110 2245/8124/6109
f 2226/8125/6090 2227/8126/6091 2247/8127/6111 2246/8128/6110
f 2227/8129/6091 2228/8130/6092 2248/8131/6112 2247/8132/6111
f 2228/8133/6092 2229/8134/6093 2249/8135/6113 2248/8136/6112
f 2229/8137/6093 2230/8138/6094 2250/8139/6114 2249/8140/6113
f 2230/8141/6094 2231/8142/6095 2251/8143/6115 2250/8144/6114
f 2231/8145/6095 2232/8146/6096 2252/8147/6116 2251/8148/6115
f 2232/8149/6096 2233/8150/6097 2253/8151/6117 2252/8152/6116
f 2233/8153/6097 2234/8154/6098 2254/8155/6118 2253/8156/6117
f 2234/8157/6098 2235/8158/6099 2255/8159/6119 2254/8160/6118
f 2235/8161/6099 2236/8162/6100 2256/8163/6120 2255/8164/6119
f 2236/8165/6100 2237/8166/6101 2257/8167/6121 2256/8168/6120
f 2237/8169/6101 2238/8170/6102 2258/8171/6122 2257/8172/6121
f 2238/8173/6102 2239/8174/6103 2259/8175/6123 2258/8176/6122
f 2239/8177/6103 2240/8178/6104 2260/8179/6124 2259/8180/6123
f 2240/8181/6104 2241/8182/6105 2261/8183/6125 2260/8184/6124
f 2241/8185/6105 2242/8186/6106 2262/8187/6126 2261/8188/6125
f 2242/8189/6106 2223/8190/6088 2243/8191/6108 2262/8192/6126
f 2243/8193/6108 2244/8194/6107 2264/8195/6127 2263/8196/6128
f 2244/8197/6107 2245/8198/6109 2265/8199/6129 2264/8200/6127
f 2245/8201/6109 2246/8202/6110 2266/8203/6130 2265/8204/6129
f 2246/8205/6110 2247/8206/6111 2267/8207/6131 2266/8208/6130
f 2247/8209/6111 2248/8210/6112 2268/8211/6132 2267/8212/6131
f 2248/8213/6112 2249/8214/6113 2269/8215/6133 2268/8216/6132
f 2249/8217/6113 2250/8218/6114 2270/8219/6134 2269/8220/6133
f 2250/8221/6114 2251/8222/6115 2271/8223/6135 2270/8224/6134
f 2251/8225/6115 2252/8226/6116 2272/8227/6136 2271/8228/6135
f 2252/8229/6116 2253/8230/6117 2273/8231/6137 2272/8232/6136
f 2253/8233/6117 2254/8234/6118 2274/8235/6138 2273/8236/6137
f 2254/8237/6118 2255/8238/6119 2275/8239/6139 2274/8240/6138
f 2255/8241/6119 2256/8242/6120 2276/8243/6140 2275/8244/6139
f 2256/8245/6120 2257/8246/6121 2277/8247/6141 2276/8248/6140
f 2257/8249/6121 2258/8250/6122 2278/8251/6142 2277/8252/6141
f 2258/8253/6122 2259/8254/6123 2279/8255/6143 2278/8256/6142
f 2259/8257/6123 2260/8258/6124 2280/8259/6144 2279/8260/6143
f 2260/8261/6124 2261/8262/6125 2281/8263/6145 2280/8264/6144
f 2261/8265/6125 2262/8266/6126 2282/8267/6146 2281/8268/6145
f 2262/8269/6126 2243/8270/6108 2263/8271/6128 2282/8272/6146
f 2263/8273/6128 2264/8274/6127 2284/8275/6147 2283/8276/6148
f 2264/8277/6127 2265/8278/6129 2285/8279/6149 2284/8280/6147
f 2265/8281/6129 2266/8282/6130 2286/8283/6150 2285/8284/6149
f 2266/8285/6130 2267/8286/6131 2287/8287/6151 2286/8288/6150
f 2267/8289/6131 2268/8290/6132 2288/8291/6152 2287/8292/6151
f 2268/8293/6132 2269/8294/6133 2289/8295/6153 2288/8296/6152
f 2269/8297/6133 2270/8298/6134 2290/8299/6154 2289/8300/6153
f 2270/8301/6134 2271/8302/6135 2291/8303/6155 2290/8304/6154
f 2271/8305/6135 2272/8306/6136 2292/8307/6156 2291/8308/6155
f 2272/8309/6136 2273/8310/6137 2293/8311/6157 2292/8312/6156
f 2273/8313/6137 2274/8314/6138 2294/8315/6158 2293/8316/6157
f 2274/8317/6138 2275/8318/6139 2295/8319/6159 2294/8320/6158
f 2275/8321/6139 2276/8322/6140 2296/8323/6160 2295/8324/6159
f 2276/8325/6140 2277/8326/6141 2297/8327/6161 2296/8328/6160
f 2277/8329/6141 2278/8330/6142 2298/8331/6162 2297/8332/6161
f 2278/8333/6142 2279/8334/6143 2299/8335/6163 2298/8336/6162
f 2279/8337/6143 2280/8338/6144 2300/8339/6164 2299/8340/6163
f 2280/8341/6144 2281/8342/6145 2301/8343/6165 2300/8344/6164
f 2281/8345/6145 2282/8346/6146 2302/8347/6166 2301/8348/6165
f 2282/8349/6146 2263/8350/6128 2283/8351/6148 2302/8352/6166
f 2283/8353/6148 2284/8354/6147 2304/8355/6167 2303/8356/6168
f 2284/8357/6147 2285/8358/6149 2305/8359/6169 2304/8360/6167
f 2285/8361/6149 2286/8362/6150 2306/8363/6170 2305/8364/6169
f 2286/8365/6150 2287/8366/6151 2307/8367/6171 2306/8368/6170
f 2287/8369/6151 2288/8370/6152 2308/8371/6172 2307/8372/6171
f 2288/8373/6152 2289/8374/6153 2309/8375/6173 2308/8376/6172
f 2289/8377/6153 2290/8378/6154 2310/8379/6174 2309/8380/6173
f 2290/8381/6154 2291/8382/6155 2311/8383/6175 2310/8384/6174
f 2291/8385/6155 2292/8386/6156 2312/8387/6176 2311/8388/6175
f 2292/8389/6156 2293/8390/6157 2313/8391/6177 2312/8392/6176
f 2293/8393/6157 2294/8394/6158 2314/8395/6178 2313/8396/6177
f 2294/8397/6158 2295/8398/6159 2315/8399/6179 2314/8400/6178
f 2295/8401/6159 2296/8402/6160 2316/8403/6180 2315/8404/6179
f 2296/8405/6160 2297/8406/6161 2317/8407/6181 2316/8408/6180
f 2297/8409/6161 2298/8410/6162 2318/8411/6182 2317/8412/6181
f 2298/8413/6162 2299/8414/6163 2319/8415/6183 2318/8416/6182
f 2299/8417/6163 2300/8418/6164 2320/8419/6184 2319/8420/6183
f 2300/8421/6164 2301/8422/6165 2321/8423/6185 2320/8424/6184
f 2301/8425/6165 2302/8426/6166 2322/8427/6186 2321/8428/6185
f 2302/8429/6166 2283/8430/6148 2303/8431/6168 2322/8432/6186
f 2303/8433/6168 2304/8434/6167 2324/8435/6187 2323/8436/6188
f 2304/8437/6167 2305/8438/6169 2325/8439/6189 2324/8440/6187
f 2305/8441/6169 2306/8442/6170 2326/8443/6190 2325/8444/6189
f 2306/8445/6170 2307/8446/6171 2327/8447/6191 2326/8448/6190
f 2307/8449/6171 2308/8450/6172 2328/8451/6192 2327/8452/6191
f 2308/8453/6172 2309/8454/6173 2329/8455/6193 2328/8456/6192
f 2309/8457/6173 2310/8458/6174 2330/8459/6194 2329/8460/6193
f 2310/8461/6174 2311/8462/6175 2331/8463/6195 2330/8464/6194
f 2311/8465/6175 2312/8466/6176 2332/8467/6196 2331/8468/6195
f 2312/8469/6176 2313/8470/6177 2333/8471/6197 2332/8472/6196
f 2313/8473/6177 2314/8474/6178 2334/8475/6198 2333/8476/6197
f 2314/8477/6178 2315/8478/6179 2335/8479/6199 2334/8480/6198
f 2315/8481/6179 2316/8482/6180 2336/8483/6200 2335/8484/6199
f 2316/8485/6180 2317/8486/6181 2337/8487/6201 2336/8488/6200
f 2317/8489/6181 2318/8490/6182 2338/8491/6202 2337/8492/6201
f 2318/8493/6182 2319/8494/6183 2339/8495/6203 2338/8496/6202
f 2319/8497/6183 2320/8498/6184 2340/8499/6204 2339/8500/6203
f 2320/8501/6184 2321/8502/6185 2341/8503/6205 2340/8504/6204
f 2321/8505/6185 2322/8506/6186 2342/8507/6206 2341/8508/6205
f 2322/8509/6186 2303/8510/6168 2323/8511/6188 2342/8512/6206
f 2323/8513/6188 2324/8514/6187 2344/8515/6207 2343/8516/6208
f 2324/8517/6187 2325/8518/6189 2345/8519/6209 2344/8520/6207
f 2325/8521/6189 2326/8522/6190 2346/8523/6210 2345/8524/6209
f 2326/8525/6190 2327/8526/6191 2347/8527/6211 2346/8528/6210
f 2327/8529/6191 2328/8530/6192 2348/8531/6212 2347/8532/6211
f 2328/8533/6192 2329/8534/6193 2349/8535/6213 2348/8536/6212
f 2329/8537/6193 2330/8538/6194 2350/8539/6214 2349/8540/6213
f 2330/8541/6194 2331/8542/6195 2351/8543/6215 2350/8544/6214
f 2331/8545/6195 2332/8546/6196 2352/8547/6216 2351/8548/6215
f 2332/8549/6196 2333/8550/6197 2353/8551/6217 2352/8552/6216
f 2333/8553/6197 2334/8554/6198 2354/8555/6218 2353/8556/6217
f 2334/8557/6198 2335/8558/6199 2355/8559/6219 2354/8560/6218
f 2335/8561/6199 2336/8562/6200 2356/8563/6220 2355/8564/6219
f 2336/8565/6200 2337/8566/6201 2357/8567/6221 2356/8568/6220
f 2337/8569/6201 2338/8570/6202 2358/8571/6222 2357/8572/6221
f 2338/8573/6202 2339/8574/6203 2359/8575/6223 2358/8576/6222
f 2339/8577/6203 2340/8578/6204 2360/8579/6224 2359/8580/6223
f 2340/8581/6204 2341/8582/6205 2361/8583/6225 2360/8584/6224
f 2341/8585/6205 2342/8586/6206 2362/8587/6226 2361/8588/6225
f 2342/8589/6206 2323/8590/6188 2343/8591/6208 2362/8592/6226
f 2343/8593/6208 2344/8594/6207 2364/8595/6227 2363/8596/6228
f 2344/8597/6207 2345/8598/6209 2365/8599/6229 2364/8600/6227
f 2345/8601/6209 2346/8602/6210 2366/8603/6230 2365/8604/6229
f 2346/8605/6210 2347/8606/6211 2367/8607/6231 2366/8608/6230
f 2347/8609/6211 2348/8610/6212 2368/8611/6232 2367/8612/6231
f 2348/8613/6212 2349/8614/6213 2369/8615/6233 2368/8616/6232
f 2349/8617/6213 2350/8618/6214 2370/8619/6234 2369/8620/6233
f 2350/8621/6214 2351/8622/6215 2371/8623/6235 2370/8624/6234
f 2351/8625/6215 2352/8626/6216 2372/8627/6236 2371/8628/6235
f 2352/8629/6216 2353/8630/6217 2373/8631/6237 2372/8632/6236
f 2353/8633/6217 2354/8634/6218 2374/8635/6238 2373/8636/6237
f 2354/8637/6218 2355/8638/6219 2375/8639/6239 2374/8640/6238
f 2355/8641/6219 2356/8642/6220 2376/8643/6240 2375/8644/6239
f 2356/8645/6220 2357/8646/6221 2377/8647/6241 2376/8648/6240
f 2357/8649/6221 2358/8650/6222 2378/8651/6242 2377/8652/6241
f 2358/8653/6222 2359/8654/6223 2379/8655/6243 2378/8656/6242
f 2359/8657/6223 2360/8658/6224 2380/8659/6244 2379/8660/6243
f 2360/8661/6224 2361/8662/6225 2381/8663/6245 2380/8664/6244
f 2361/8665/6225 2362/8666/6226 2382/8667/6246 2381/8668/6245
f 2362/8669/6226 2343/8670/6208 2363/8671/6228 2382/8672/6246
f 2363/8673/6228 2364/8674/6227 2384/8675/6247 2383/8676/6248
f 2364/8677/6227 2365/8678/6229 2385/8679/6249 2384/8680/6247
f 2365/8681/6229 2366/8682/6230 2386/8683/6250 2385/8684/6249
f 2366/8685/6230 2367/8686/6231 2387/8687/6251 2386/8688/6250
f 2367/8689/6231 2368/8690/6232 2388/8691/6252 2387/8692/6251
f 2368/8693/6232 2369/8694/6233 2389/8695/6253 2388/8696/6252
f 2369/8697/6233 2370/8698/6234 2390/8699/6254 2389/8700/6253
f 2370/8701/6234 2371/8702/6235 2391/8703/6255 2390/8704/6254
f 2371/8705/6235 2372/8706/6236 2392/8707/6256 2391/8708/6255
f 2372/8709/6236 2373/8710/6237 2393/8711/6257 2392/8712/6256
f 2373/8713/6237 2374/8714/6238 2394/8715/6258 2393/8716/6257
f 2374/8717/6238 2375/8718/6239 2395/8719/6259 2394/8720/6258
f 2375/8721/6239 2376/8722/6240 2396/8723/6260 2395/8724/6259
f 2376/8725/6240 2377/8726/6241 2397/8727/6261 2396/8728/6260
f 2377/8729/6241 2378/8730/6242 2398/8731/6262 2397/8732/6261
f 2378/8733/6242 2379/8734/6243 2399/8735/6263 2398/8736/6262
f 2379/8737/6243 2380/8738/6244 2400/8739/6264 2399/8740/6263
f 2380/8741/6244 2381/8742/6245 2401/8743/6265 2400/8744/6264
f 2381/8745/6245 2382/8746/6246 2402/8747/6266 2401/8748/6265
f 2382/8749/6246 2363/8750/6228 2383/8751/6248 2402/8752/6266
f 2383/8753/6248 2384/8754/6247 2404/8755/6267 2403/8756/6268
f 2384/8757/6247 2385/8758/6249 2405/8759/6269 2404/8760/6267
f 2385/8761/6249 2386/8762/6250 2406/8763/6270 2405/8764/6269
f 2386/8765/6250 2387/8766/6251 2407/8767/6271 2406/8768/6270
f 2387/8769/6251 2388/8770/6252 2408/8771/6272 2407/8772/6271
f 2388/8773/6252 2389/8774/6253 2409/8775/6273 2408/8776/6272
f 2389/8777/6253 2390/8778/6254 2410/8779/6274 2409/8780/6273
f 2390/8781/6254 2391/8782/6255 2411/8783/6275 2410/8784/6274
f 2391/8785/6255 2392/8786/6256 2412/8787/6276 2411/8788/6275
f 2392/8789/6256 2393/8790/6257 2413/8791/6277 2412/8792/6276
f 2393/8793/6257 2394/8794/6258 2414/8795/6278 2413/8796/6277
f 2394/8797/6258 2395/8798/6259 2415/8799/6279 2414/8800/6278
f 2395/8801/6259 2396/8802/6260 2416/8803/6280 2415/8804/6279
f 2396/8805/6260 2397/8806/6261 2417/8807/6281 2416/8808/6280
f 2397/8809/6261 2398/8810/6262 2418/8811/6282 2417/8812/6281
f 2398/8813/6262 2399/8814/6263 2419/8815/6283 2418/8816/6282
f 2399/8817/6263 2400/8818/6264 2420/8819/6284 2419/8820/6283
f 2400/8821/6264 2401/8822/6265 2421/8823/6285 2420/8824/6284
f 2401/8825/6265 2402/8826/6266 2422/8827/6286 2421/8828/6285
f 2402/8829/6266 2383/8830/6248 2403/8831/6268 2422/8832/6286
f 2403/8833/6268 2404/8834/6267 2424/8835/6287 2423/8836/6288
f 2404/8837/6267 2405/8838/6269 2425/8839/6289 2424/8840/6287
f 2405/8841/6269 2406/8842/6270 2426/8843/6290 2425/8844/6289
f 2406/8845/6270 2407/8846/6271 2427/8847/6291 2426/8848/6290
f 2407/8849/6271 2408/8850/6272 2428/8851/6292 2427/8852/6291
f 2408/8853/6272 2409/8854/6273 2429/8855/6293 2428/8856/6292
f 2409/8857/6273 2410/8858/6274 2430/8859/6294 2429/8860/6293
f 2410/8861/6274 2411/8862/6275 2431/8863/6295 2430/8864/6294
f 2411/8865/6275 2412/8866/6276 2432/8867/6296 2431/8868/6295
f 2412/8869/6276 2413/8870/6277 2433/8871/6297 2432/8872/6296
f 2413/8873/6277 2414/8874/6278 2434/8875/6298 2433/8876/6297
f 2414/8877/6278 2415/8878/6279 2435/8879/6299 2434/8880/6298
f 2415/8881/6279 2416/8882/6280 2436/8883/6300 2435/8884/6299
f 2416/8885/6280 2417/8886/6281 2437/8887/6301 2436/8888/6300
f 2417/8889/6281 2418/8890/6282 2438/8891/6302 2437/8892/6301
f 2418/8893/6282 2419/8894/6283 2439/8895/6303 2438/8896/6302
f 2419/8897/6283 2420/8898/6284 2440/8899/6304 2439/8900/6303
f 2420/8901/6284 2421/8902/6285 2441/8903/6305 2440/8904/6304
f 2421/8905/6285 2422/8906/6286 2442/8907/6306 2441/8908/6305
f 2422/8909/6286 2403/8910/6268 2423/8911/6288 2442/8912/6306
f 2423/8913/6288 2424/8914/6287 2444/8915/6307 2443/8916/6308
f 2424/8917/6287 2425/8918/6289 2445/8919/6309 2444/8920/6307
f 2425/8921/6289 2426/8922/6290 2446/8923/6310 2445/8924/6309
f 2426/8925/6290 2427/8926/6291 2447/8927/6311 2446/8928/6310
f 2427/8929/6291 2428/8930/6292 2448/8931/6312 2447/8932/6311
f 2428/8933/6292 2429/8934/6293 2449/8935/6313 2448/8936/6312
f 2429/8937/6293 2430/8938/6294 2450/8939/6314 2449/8940/6313
f 2430/8941/6294 2431/8942/6295 2451/8943/6315 2450/8944/6314
f 2431/8945/6295 2432/8946/6296 2452/8947/6316 2451/8948/6315
f 2432/8949/6296 2433/8950/6297 2453/8951/6317 2452/8952/6316
f 2433/8953/6297 2434/8954/6298 2454/8955/6318 2453/8956/6317
f 2434/8957/6298 2435/8958/6299 2455/8959/6319 2454/8960/6318
f 2435/8961/6299 2436/8962/6300 2456/8963/6320 2455/8964/6319
f 2436/8965/6300 2437/8966/6301 2457/8967/6321 2456/8968/6320
f 2437/8969/6301 2438/8970/6302 2458/8971/6322 2457/8972/6321
f 2438/8973/6302 2439/8974/6303 2459/8975/6323 2458/8976/6322
f 2439/8977/6303 2440/8978/6304 2460/8979/6324 2459/8980/6323
f 2440/8981/6304 2441/8982/6305 2461/8983/6325 2460/8984/6324
f 2441/8985/6305 2442/8986/6306 2462/8987/6326 2461/8988/6325
f 2442/8989/6306 2423/8990/6288 2443/8991/6308 2462/8992/6326
f 2443/8993/6308 2444/8994/6307 2464/8995/6327 2463/8996/6328
f 2444/8997/6307 2445/8998/6309 2465/8999/6329 2464/9000/6327
f 2445/9001/6309 2446/9002/6310 2466/9003/6330 2465/9004/6329
f 2446/9005/6310 2447/9006/6311 2467/9007/6331 2466/9008/6330
f 2447/9009/6311 2448/9010/6312 2468/9011/6332 2467/9012/6331
f 2448/9013/6312 2449/9014/6313 2469/9015/6333 2468/9016/6332
f 2449/9017/6313 2450/9018/6314 2470/9019/6334 2469/9020/6333
f 2450/9021/6314 2451/9022/6315 2471/9023/6335 2470/9024/6334
f 2451/9025/6315 2452/9026/6316 2472/9027/6336 2471/9028/6335
f 2452/9029/6316 2453/9030/6317 2473/9031/6337 2472/9032/6336
f 2453/9033/6317 2454/9034/6318 2474/9035/6338 2473/9036/6337
f 2454/9037/6318 2455/9038/6319 2475/9039/6339 2474/9040/6338
f 2455/9041/6319 2456/9042/6320 2476/9043/6340 2475/9044/6339
f 2456/9045/6320 2457/9046/6321 2477/9047/6341 2476/9048/6340
f 2457/9049/6321 2458/9050/6322 2478/9051/6342 2477/9052/6341
f 2458/9053/6322 2459/9054/6323 2479/9055/6343 2478/9056/6342
f 2459/9057/6323 2460/9058/6324 2480/9059/6344 2479/9060/6343
f 2460/9061/6324 2461/9062/6325 2481/9063/6345 2480/9064/6344
f 2461/9065/6325 2462/9066/6326 2482/9067/6346 2481/9068/6345
f 2462/9069/6326 2443/9070/6308 2463/9071/6328 2482/9072/6346
f 2463/9073/6328 2464/9074/6327 2484/9075/6347 2483/9076/6348
f 2464/9077/6327 2465/9078/6329 2485/9079/6349 2484/9080/6347
f 2465/9081/6329 2466/9082/6330 2486/9083/6350 2485/9084/6349
f 2466/9085/6330 2467/9086/6331 2487/9087/6351 2486/9088/6350
f 2467/9089/6331 2468/9090/6332 2488/9091/6352 2487/9092/6351
f 2468/9093/6332 2469/9094/6333 2489/9095/6353 2488/9096/6352
f 2469/9097/6333 2470/9098/6334 2490/9099/6354 2489/9100/6353
f 2470/9101/6334 2471/9102/6335 2491/9103/6355 2490/9104/6354
f 2471/9105/6335 2472/9106/6336 2492/9107/6356 2491/9108/6355
f 2472/9109/6336 2473/9110/6337 2493/9111/6357 2492/9112/6356
f 2473/9113/6337 2474/9114/6338 2494/9115/6358 2493/9116/6357
f 2474/9117/6338 2475/9118/6339 2495/9119/6359 2494/9120/6358
f 2475/9121/6339 2476/9122/6340 2496/9123/6360 2495/9124/6359
f 2476/9125/6340 2477/9126/6341 2497/9127/6361 2496/9128/6360
f 2477/9129/6341 2478/9130/6342 2498/9131/6362 2497/9132/6361
f 2478/9133/6342 2479/9134/6343 2499/9135/6363 2498/9136/6362
f 2479/9137/6343 2480/9138/6344 2500/9139/6364 2499/9140/6363
f 2480/9141/6344 2481/9142/6345 2501/9143/6365 2500/9144/6364
f 2481/9145/6345 2482/9146/6346 2502/9147/6366 2501/9148/6365
f 2482/9149/6346 2463/9150/6328 2483/9151/6348 2502/9152/6366
f 2124/9153/5988 2123/9154/5987 2503/9155/6367
f 2125/9156/5991 2124/9157/5988 2503/9158/6367
f 2126/9159/5993 2125/9160/5991 2503/9161/6367
f 2127/9162/5995 2126/9163/5993 2503/9164/6367
f 2128/9165/5997 2127/9166/5995 2503/9167/6367
f 2129/9168/5999 2128/9169/5997 2503/9170/6367
f 2130/9171/6001 2129/9172/5999 2503/9173/6367
f 2131/9174/6003 2130/9175/6001 2503/9176/6367
f 2132/9177/6005 2131/9178/6003 2503/9179/6367
f 2133/9180/6007 2132/9181/6005 2503/9182/6367
f 2134/9183/6009 2133/9184/6007 2503/9185/6367
f 2135/9186/6011 2134/9187/6009 2503/9188/6367
f 2136/9189/6013 2135/9190/6011 2503/9191/6367
f 2137/9192/6015 2136/9193/6013 2503/9194/6367
f 2138/9195/6017 2137/9196/6015 2503/9197/6367
f 2139/9198/6019 2138/9199/6017 2503/9200/6367
f 2140/9201/6021 2139/9202/6019 2503/9203/6367
f 2141/9204/6023 2140/9205/6021 2503/9206/6367
f 2142/9207/6025 2141/9208/6023 2503/9209/6367
f 2123/9210/5987 2142/9211/6025 2503/9212/6367
f 2483/9213/6348 2484/9214/6347 2504/9215/6368
f 2484/9216/6347 2485/9217/6349 2504/9218/6368
f 2485/9219/6349 2486/9220/6350 2504/9221/6368
f 2486/9222/6350 2487/9223/6351 2504/9224/6368
f 2487/9225/6351 2488/9226/6352 2504/9227/6368
f 2488/9228/6352 2489/9229/6353 2504/9230/6368
f 2489/9231/6353 2490/9232/6354 2504/9233/6368
f 2490/9234/6354 2491/9235/6355 2504/9236/6368
f 2491/9237/6355 2492/9238/6356 2504/9239/6368
f 2492/9240/6356 2493/9241/6357 2504/9242/6368
f 2493/9243/6357 2494/9244/6358 2504/9245/6368
f 2494/9246/6358 2495/9247/6359 2504/9248/6368
f 2495/9249/6359 2496/9250/6360 2504/9251/6368
f 2496/9252/6360 2497/9253/6361 2504/9254/6368
f 2497/9255/6361 2498/9256/6362 2504/9257/6368
f 2498/9258/6362 2499/9259/6363 2504/9260/6368
f 2499/9261/6363 2500/9262/6364 2504/9263/6368
f 2500/9264/6364 2501/9265/6365 2504/9266/6368
f 2501/9267/6365 2502/9268/6366 2504/9269/6368
f 2502/9270/6366 2483/9271/6348 2504/9272/6368
s off
f 2505/9273/6369 2506/9274/6370 2508/9275/6371 2507/9276/6372
f 2585/9277/6373 2586/9278/6374 2587/9279/6375 2588/9280/6376
f 2509/9281/6377 2510/9282/6378 2512/9283/6379 2511/9284/6380
f 2511/9285/6381 2512/9286/6382 2506/9287/6383 2505/9288/6384
f 2506/9289/6385 2512/9290/6386 2510/9291/6387 2508/9292/6388
f 2511/9293/6389 2505/9294/6390 2507/9295/6391 2509/9296/6392
f 2569/9297/6393 2570/9298/6394 2571/9299/6395 2572/9300/6396
f 2570/9301/6397 2573/9302/6398 2574/9303/6399 2571/9304/6400
f 2573/9305/6401 2575/9306/6402 2576/9307/6403 2574/9308/6404
f 2575/9309/6405 2569/9310/6406 2572/9311/6407 2576/9312/6408
f 2513/9313/6409 2514/9314/6410 2518/9315/6411 2517/9316/6412
f 2514/9317/6413 2515/9318/6414 2519/9319/6415 2518/9320/6416
f 2515/9321/6417 2516/9322/6418 2520/9323/6419 2519/9324/6420
f 2516/9325/6421 2513/9326/6422 2517/9327/6423 2520/9328/6424
f 2517/9329/6425 2518/9330/6426 2522/9331/6427 2521/9332/6428
f 2518/9333/6429 2519/9334/6430 2523/9335/6431 2522/9336/6432
f 2519/9337/6433 2520/9338/6434 2524/9339/6435 2523/9340/6436
f 2520/9341/6437 2517/9342/6438 2521/9343/6439 2524/9344/6440
f 2521/9345/6441 2522/9346/6442 2526/9347/6443 2525/9348/6444
f 2522/9349/6445 2523/9350/6446 2527/9351/6447 2526/9352/6448
f 2523/9353/6449 2524/9354/6450 2528/9355/6451 2527/9356/6452
f 2524/9357/6453 2521/9358/6454 2525/9359/6455 2528/9360/6456
f 2525/9361/6457 2526/9362/6458 2530/9363/6459 2529/9364/6460
f 2526/9365/6461 2527/9366/6462 2531/9367/6463 2530/9368/6464
f 2527/9369/6465 2528/9370/6466 2532/9371/6467 2531/9372/6468
f 2528/9373/6469 2525/9374/6470 2529/9375/6471 2532/9376/6472
f 2529/9377/6473 2530/9378/6474 2534/9379/6475 2533/9380/6476
f 2530/9381/6477 2531/9382/6478 2535/9383/6479 2534/9384/6480
f 2531/9385/6481 2532/9386/6482 2536/9387/6483 2535/9388/6484
f 2532/9389/6485 2529/9390/6486 2533/9391/6487 2536/9392/6488
f 2533/9393/6489 2534/9394/6490 2538/9395/6491 2537/9396/6492
f 2534/9397/6493 2535/9398/6494 2539/9399/6495 2538/9400/6496
f 2535/9401/6497 2536/9402/6498 2540/9403/6499 2539/9404/6500
f 2536/9405/6501 2533/9406/6502 2537/9407/6503 2540/9408/6504
f 2545/9409/6505 2546/9410/6506 2547/9411/6507 2548/9412/6508
f 2546/9413/6509 2549/9414/6510 2550/9415/6511 2547/9416/6512
f 2549/9417/6513 2551/9418/6514 2552/9419/6515 2550/9420/6516
f 2551/9421/6517 2545/9422/6518 2548/9423/6519 2552/9424/6520
f 2537/9425/6521 2538/9426/6522 2546/9427/6523 2545/9428/6524
f 2542/9429/6525 2541/9430/6526 2548/9431/6527 2547/9432/6528
f 2538/9433/6529 2539/9434/6530 2549/9435/6531 2546/9436/6532
f 2543/9437/6533 2542/9438/6534 2547/9439/6535 2550/9440/6536
f 2539/9441/6537 2540/9442/6538 2551/9443/6539 2549/9444/6540
f 2544/9445/6541 2543/9446/6542 2550/9447/6543 2552/9448/6544
f 2540/9449/6545 2537/9450/6546 2545/9451/6547 2551/9452/6548
f 2541/9453/6549 2544/9454/6550 2552/9455/6551 2548/9456/6552
f 2541/9457/6553 2542/9458/6554 2554/9459/6555 2553/9460/6556
f 2542/9461/6557 2543/9462/6558 2555/9463/6559 2554/9464/6560
f 2543/9465/6561 2544/9466/6562 2556/9467/6563 2555/9468/6564
f 2544/9469/6565 2541/9470/6566 2553/9471/6567 2556/9472/6568
f 2561/9473/6569 2562/9474/6570 2563/9475/6571 2564/9476/6572
f 2562/9477/6573 2565/9478/6574 2566/9479/6575 2563/9480/6576
f 2565/9481/6577 2567/9482/6578 2568/9483/6579 2566/9484/6580
f 2567/9485/6581 2561/9486/6582 2564/9487/6583 2568/9488/6584
f 2553/9489/6585 2554/9490/6586 2562/9491/6587 2561/9492/6588
f 2558/9493/6589 2557/9494/6590 2564/9495/6591 2563/9496/6592
f 2554/9497/6593 2555/9498/6594 2565/9499/6595 2562/9500/6596
f 2559/9501/6597 2558/9502/6598 2563/9503/6599 2566/9504/6600
f 2555/9505/6601 2556/9506/6602 2567/9507/6603 2565/9508/6604
f 2560/9509/6605 2559/9510/6606 2566/9511/6607 2568/9512/6608
f 2556/9513/6609 2553/9514/6610 2561/9515/6611 2567/9516/6612
f 2557/9517/6613 2560/9518/6614 2568/9519/6615 2564/9520/6616
f 2507/9521/6617 2508/9522/6618 2570/9523/6619 2569/9524/6620
f 2514/9525/6621 2513/9526/6622 2572/9527/6623 2571/9528/6624
f 2508/9529/6625 2510/9530/6626 2573/9531/6627 2570/9532/6628
f 2515/9533/6629 2514/9534/6630 2571/9535/6631 2574/9536/6632
f 2510/9537/6633 2509/9538/6634 2575/9539/6635 2573/9540/6636
f 2516/9541/6637 2515/9542/6638 2574/9543/6639 2576/9544/6640
f 2509/9545/6641 2507/9546/6642 2569/9547/6643 2575/9548/6644
f 2513/9549/6645 2516/9550/6646 2576/9551/6647 2572/9552/6648
f 2557/9553/6649 2558/9554/6650 2578/9555/6651 2577/9556/6652
f 2558/9557/6653 2559/9558/6654 2579/9559/6655 2578/9560/6656
f 2559/9561/6657 2560/9562/6658 2580/9563/6659 2579/9564/6660
f 2560/9565/6661 2557/9566/6662 2577/9567/6663 2580/9568/6664
f 2577/9569/6665 2578/9570/6666 2582/9571/6667 2581/9572/6668
f 2578/9573/6669 2579/9574/6670 2583/9575/6671 2582/9576/6672
f 2579/9577/6673 2580/9578/6674 2584/9579/6675 2583/9580/6676
f 2580/9581/6677 2577/9582/6678 2581/9583/6679 2584/9584/6680
f 2581/9585/6681 2582/9586/6682 2586/9587/6683 2585/9588/6684
f 2582/9589/6685 2583/9590/6686 2587/9591/6687 2586/9592/6688
f 2583/9593/6689 2584/9594/6690 2588/9595/6691 2587/9596/6692
f 2584/9597/6693 2581/9598/6694 2585/9599/6695 2588/9600/6696
s 1236
usemtl phongE8SG1
f 2589/9601/6697 2590/9602/6698 2602/9603/6699 2601/9604/6700
f 2590/9602/6698 2591/9605/6701 2603/9606/6702 2602/9603/6699
f 2591/9605/6701 2592/9607/6703 2604/9608/6704 2603/9606/6702
f 2592/9607/6703 2593/9609/6705 2605/9610/6706 2604/9608/6704
f 2593/9609/6705 2594/9611/6707 2606/9612/6708 2605/9610/6706
f 2594/9611/6707 2595/9613/6709 2607/9614/6710 2606/9612/6708
f 2595/9615/6709 2596/9616/6711 2608/9617/6712 2607/9618/6710
f 2596/9616/6711 2597/9619/6713 2609/9620/6714 2608/9617/6712
f 2597/9619/6713 2598/9621/6715 2610/9622/6716 2609/9620/6714
f 2598/9621/6715 2599/9623/6717 2611/9624/6718 2610/9622/6716
f 2599/9623/6717 2600/9625/6719 2612/9626/6720 2611/9624/6718
f 2600/9625/6721 2589/9601/6697 2601/9604/6700 2612/9626/6722
s 1237
f 2590/9602/6723 2589/9601/6724 2613/9627/6725
f 2591/9605/6726 2590/9602/6723 2613/9627/6725
f 2592/9607/6727 2591/9605/6726 2613/9627/6725
f 2593/9609/6728 2592/9607/6727 2613/9627/6725
f 2594/9611/6729 2593/9609/6728 2613/9627/6725
f 2595/9613/6730 2594/9611/6729 2613/9627/6725
f 2596/9616/6731 2595/9615/6730 2613/9628/6725
f 2597/9619/6732 2596/9616/6731 2613/9628/6725
f 2598/9621/6733 2597/9619/6732 2613/9628/6725
f 2599/9623/6734 2598/9621/6733 2613/9628/6725
f 2600/9625/6735 2599/9623/6734 2613/9628/6725
f 2589/9601/6724 2600/9625/6735 2613/9628/6725
s 1238
f 2601/9604/6736 2602/9603/6737 2614/9629/6738
f 2602/9603/6737 2603/9606/6739 2614/9629/6738
f 2603/9606/6739 2604/9608/6740 2614/9629/6738
f 2604/9608/6740 2605/9610/6741 2614/9629/6738
f 2605/9610/6741 2606/9612/6742 2614/9629/6738
f 2606/9612/6742 2607/9614/6743 2614/9629/6738
f 2607/9614/6743 2608/9630/6744 2614/9629/6738
f 2608/9617/6744 2609/9620/6745 2614/9629/6738
f 2609/9620/6745 2610/9622/6746 2614/9629/6738
f 2610/9622/6746 2611/9624/6747 2614/9629/6738
f 2611/9624/6747 2612/9626/6748 2614/9629/6738
f 2612/9626/6748 2601/9604/6736 2614/9629/6738
s 1239
f 2615/9631/6749 2616/9632/6750 2628/9633/6751 2627/9634/6752
f 2616/9632/6750 2617/9635/6753 2629/9636/6754 2628/9633/6751
f 2617/9635/6753 2618/9637/6755 2630/9638/6756 2629/9636/6754
f 2618/9637/6755 2619/9639/6757 2631/9640/6758 2630/9638/6756
f 2619/9639/6757 2620/9641/6759 2632/9642/6760 2631/9640/6758
f 2620/9641/6759 2621/9643/6761 2633/9644/6762 2632/9642/6760
f 2621/9645/6761 2622/9646/6763 2634/9647/6764 2633/9648/6762
f 2622/9646/6763 2623/9649/6765 2635/9650/6766 2634/9647/6764
f 2623/9649/6765 2624/9651/6767 2636/9652/6768 2635/9650/6766
f 2624/9651/6767 2625/9653/6769 2637/9654/6770 2636/9652/6768
f 2625/9653/6769 2626/9655/6771 2638/9656/6772 2637/9654/6770
f 2626/9655/6773 2615/9631/6749 2627/9634/6752 2638/9656/6774
s 1240
f 2616/9632/6775 2615/9631/6776 2639/9657/6777
f 2617/9635/6778 2616/9632/6775 2639/9657/6777
f 2618/9637/6779 2617/9635/6778 2639/9657/6777
f 2619/9639/6780 2618/9637/6779 2639/9657/6777
f 2620/9641/6781 2619/9639/6780 2639/9657/6777
f 2621/9643/6782 2620/9641/6781 2639/9657/6777
f 2622/9646/6783 2621/9645/6782 2639/9658/6777
f 2623/9649/6784 2622/9646/6783 2639/9658/6777
f 2624/9651/6785 2623/9649/6784 2639/9658/6777
f 2625/9653/6786 2624/9651/6785 2639/9658/6777
f 2626/9655/6787 2625/9653/6786 2639/9658/6777
f 2615/9631/6776 2626/9655/6787 2639/9658/6777
s 1241
f 2627/9634/6788 2628/9633/6789 2640/9659/6790
f 2628/9633/6789 2629/9636/6791 2640/9659/6790
f 2629/9636/6791 2630/9638/6792 2640/9659/6790
f 2630/9638/6792 2631/9640/6793 2640/9659/6790
f 2631/9640/6793 2632/9642/6794 2640/9659/6790
f 2632/9642/6794 2633/9644/6795 2640/9659/6790
f 2633/9644/6795 2634/9660/6796 2640/9659/6790
f 2634/9647/6796 2635/9650/6797 2640/9659/6790
f 2635/9650/6797 2636/9652/6798 2640/9659/6790
f 2636/9652/6798 2637/9654/6799 2640/9659/6790
f 2637/9654/6799 2638/9656/6800 2640/9659/6790
f 2638/9656/6800 2627/9634/6788 2640/9659/6790
s 1242
f 2641/9661/6801 2642/9662/6802 2654/9663/6803 2653/9664/6804
f 2642/9662/6802 2643/9665/6805 2655/9666/6806 2654/9663/6803
f 2643/9665/6805 2644/9667/6807 2656/9668/6808 2655/9666/6806
f 2644/9667/6807 2645/9669/6809 2657/9670/6810 2656/9668/6808
f 2645/9669/6809 2646/9671/6811 2658/9672/6812 2657/9670/6810
f 2646/9673/6811 2647/9674/6813 2659/9675/6814 2658/9676/6812
f 2647/9674/6813 2648/9677/6815 2660/9678/6816 2659/9675/6814
f 2648/9677/6815 2649/9679/6817 2661/9680/6818 2660/9678/6816
f 2649/9679/6817 2650/9681/6819 2662/9682/6820 2661/9680/6818
f 2650/9681/6819 2651/9683/6821 2663/9684/6822 2662/9682/6820
f 2651/9683/6821 2652/9685/6823 2664/9686/6824 2663/9684/6822
f 2652/9685/6825 2641/9661/6801 2653/9664/6804 2664/9686/6826
s 1243
f 2642/9662/6827 2641/9661/6828 2665/9687/6829
f 2643/9665/6830 2642/9662/6827 2665/9687/6829
f 2644/9667/6831 2643/9665/6830 2665/9687/6829
f 2645/9669/6832 2644/9667/6831 2665/9687/6829
f 2646/9671/6833 2645/9669/6832 2665/9687/6829
f 2647/9674/6834 2646/9673/6833 2665/9688/6829
f 2648/9677/6835 2647/9674/6834 2665/9688/6829
f 2649/9679/6836 2648/9677/6835 2665/9688/6829
f 2650/9681/6837 2649/9679/6836 2665/9688/6829
f 2651/9683/6838 2650/9681/6837 2665/9688/6829
f 2652/9685/6839 2651/9683/6838 2665/9688/6829
f 2641/9661/6828 2652/9685/6839 2665/9688/6829
s 1244
f 2653/9664/6840 2654/9663/6841 2666/9689/6842
f 2654/9663/6841 2655/9666/6843 2666/9689/6842
f 2655/9666/6843 2656/9668/6844 2666/9689/6842
f 2656/9668/6844 2657/9670/6845 2666/9689/6842
f 2657/9670/6845 2658/9672/6846 2666/9689/6842
f 2658/9672/6846 2659/9690/6847 2666/9689/6842
f 2659/9690/6847 2660/9691/6848 2666/9689/6842
f 2660/9678/6848 2661/9680/6849 2666/9689/6842
f 2661/9680/6849 2662/9682/6850 2666/9689/6842
f 2662/9682/6850 2663/9684/6851 2666/9689/6842
f 2663/9684/6851 2664/9686/6852 2666/9689/6842
f 2664/9686/6852 2653/9664/6840 2666/9689/6842
s 1245
f 2667/9692/6853 2668/9693/6854 2680/9694/6855 2679/9695/6856
f 2668/9693/6854 2669/9696/6857 2681/9697/6858 2680/9694/6855
f 2669/9696/6857 2670/9698/6859 2682/9699/6860 2681/9697/6858
f 2670/9698/6859 2671/9700/6861 2683/9701/6862 2682/9699/6860
f 2671/9700/6861 2672/9702/6863 2684/9703/6864 2683/9701/6862
f 2672/9702/6863 2673/9704/6865 2685/9705/6866 2684/9703/6864
f 2673/9706/6865 2674/9707/6867 2686/9708/6868 2685/9709/6866
f 2674/9707/6867 2675/9710/6869 2687/9711/6870 2686/9708/6868
f 2675/9710/6869 2676/9712/6871 2688/9713/6872 2687/9711/6870
f 2676/9712/6871 2677/9714/6873 2689/9715/6874 2688/9713/6872
f 2677/9714/6873 2678/9716/6875 2690/9717/6876 2689/9715/6874
f 2678/9716/6877 2667/9692/6853 2679/9695/6856 2690/9717/6878
s 1246
f 2668/9693/6879 2667/9692/6880 2691/9718/6881
f 2669/9696/6882 2668/9693/6879 2691/9718/6881
f 2670/9698/6883 2669/9696/6882 2691/9718/6881
f 2671/9700/6884 2670/9698/6883 2691/9718/6881
f 2672/9702/6885 2671/9700/6884 2691/9718/6881
f 2673/9704/6886 2672/9702/6885 2691/9718/6881
f 2674/9707/6887 2673/9706/6886 2691/9719/6881
f 2675/9710/6888 2674/9707/6887 2691/9719/6881
f 2676/9712/6889 2675/9710/6888 2691/9719/6881
f 2677/9714/6890 2676/9712/6889 2691/9719/6881
f 2678/9716/6891 2677/9714/6890 2691/9719/6881
f 2667/9692/6880 2678/9716/6891 2691/9719/6881
s 1247
f 2679/9695/6892 2680/9694/6893 2692/9720/6894
f 2680/9694/6893 2681/9697/6895 2692/9720/6894
f 2681/9697/6895 2682/9699/6896 2692/9720/6894
f 2682/9699/6896 2683/9701/6897 2692/9720/6894
f 2683/9701/6897 2684/9703/6898 2692/9720/6894
f 2684/9703/6898 2685/9705/6899 2692/9720/6894
f 2685/9705/6899 2686/9721/6900 2692/9720/6894
f 2686/9708/6900 2687/9711/6901 2692/9720/6894
f 2687/9711/6901 2688/9713/6902 2692/9720/6894
f 2688/9713/6902 2689/9715/6903 2692/9720/6894
f 2689/9715/6903 2690/9717/6904 2692/9720/6894
f 2690/9717/6904 2679/9695/6892 2692/9720/6894
s 1248
f 2693/9722/6905 2694/9723/6906 2706/9724/6907 2705/9725/6908
f 2694/9723/6906 2695/9726/6909 2707/9727/6910 2706/9724/6907
f 2695/9726/6909 2696/9728/6911 2708/9729/6912 2707/9727/6910
f 2696/9728/6911 2697/9730/6913 2709/9731/6914 2708/9729/6912
f 2697/9730/6913 2698/9732/6915 2710/9733/6916 2709/9731/6914
f 2698/9734/6915 2699/9735/6917 2711/9736/6918 2710/9737/6916
f 2699/9735/6917 2700/9738/6919 2712/9739/6920 2711/9736/6918
f 2700/9738/6919 2701/9740/6921 2713/9741/6922 2712/9739/6920
f 2701/9740/6921 2702/9742/6923 2714/9743/6924 2713/9741/6922
f 2702/9742/6923 2703/9744/6925 2715/9745/6926 2714/9743/6924
f 2703/9744/6925 2704/9746/6927 2716/9747/6928 2715/9745/6926
f 2704/9746/6929 2693/9722/6905 2705/9725/6908 2716/9747/6930
s 1249
f 2694/9723/6931 2693/9722/6932 2717/9748/6933
f 2695/9726/6934 2694/9723/6931 2717/9748/6933
f 2696/9728/6935 2695/9726/6934 2717/9748/6933
f 2697/9730/6936 2696/9728/6935 2717/9748/6933
f 2698/9732/6937 2697/9730/6936 2717/9748/6933
f 2699/9735/6938 2698/9734/6937 2717/9749/6933
f 2700/9738/6939 2699/9735/6938 2717/9749/6933
f 2701/9740/6940 2700/9738/6939 2717/9749/6933
f 2702/9742/6941 2701/9740/6940 2717/9749/6933
f 2703/9744/6942 2702/9742/6941 2717/9749/6933
f 2704/9746/6943 2703/9744/6942 2717/9749/6933
f 2693/9722/6932 2704/9746/6943 2717/9749/6933
s 1250
f 2705/9725/6944 2706/9724/6945 2718/9750/6946
f 2706/9724/6945 2707/9727/6947 2718/9750/6946
f 2707/9727/6947 2708/9729/6948 2718/9750/6946
f 2708/9729/6948 2709/9731/6949 2718/9750/6946
f 2709/9731/6949 2710/9733/6950 2718/9750/6946
f 2710/9733/6950 2711/9751/6951 2718/9750/6946
f 2711/9751/6951 2712/9752/6952 2718/9750/6946
f 2712/9739/6952 2713/9741/6953 2718/9750/6946
f 2713/9741/6953 2714/9743/6954 2718/9750/6946
f 2714/9743/6954 2715/9745/6955 2718/9750/6946
f 2715/9745/6955 2716/9747/6956 2718/9750/6946
f 2716/9747/6956 2705/9725/6944 2718/9750/6946
s 1251
f 2719/9753/6957 2720/9754/6958 2732/9755/6959 2731/9756/6960
f 2720/9754/6958 2721/9757/6961 2733/9758/6962 2732/9755/6959
f 2721/9757/6961 2722/9759/6963 2734/9760/6964 2733/9758/6962
f 2722/9759/6963 2723/9761/6965 2735/9762/6966 2734/9760/6964
f 2723/9761/6965 2724/9763/6967 2736/9764/6968 2735/9762/6966
f 2724/9765/6967 2725/9766/6969 2737/9767/6970 2736/9768/6968
f 2725/9766/6969 2726/9769/6971 2738/9770/6972 2737/9767/6970
f 2726/9769/6971 2727/9771/6973 2739/9772/6974 2738/9770/6972
f 2727/9771/6973 2728/9773/6975 2740/9774/6976 2739/9772/6974
f 2728/9773/6975 2729/9775/6977 2741/9776/6978 2740/9774/6976
f 2729/9775/6977 2730/9777/6979 2742/9778/6980 2741/9776/6978
f 2730/9777/6981 2719/9753/6957 2731/9756/6960 2742/9778/6982
s 1252
f 2720/9754/6983 2719/9753/6984 2743/9779/6985
f 2721/9757/6986 2720/9754/6983 2743/9779/6985
f 2722/9759/6987 2721/9757/6986 2743/9779/6985
f 2723/9761/6988 2722/9759/6987 2743/9779/6985
f 2724/9763/6989 2723/9761/6988 2743/9779/6985
f 2725/9766/6990 2724/9765/6989 2743/9780/6985
f 2726/9769/6991 2725/9766/6990 2743/9780/6985
f 2727/9771/6992 2726/9769/6991 2743/9780/6985
f 2728/9773/6993 2727/9771/6992 2743/9780/6985
f 2729/9775/6994 2728/9773/6993 2743/9780/6985
f 2730/9777/6995 2729/9775/6994 2743/9780/6985
f 2719/9753/6984 2730/9777/6995 2743/9780/6985
s 1253
f 2731/9756/6996 2732/9755/6997 2744/9781/6998
f 2732/9755/6997 2733/9758/6999 2744/9781/6998
f 2733/9758/6999 2734/9760/7000 2744/9781/6998
f 2734/9760/7000 2735/9762/7001 2744/9781/6998
f 2735/9762/7001 2736/9764/7002 2744/9781/6998
f 2736/9764/7002 2737/9782/7003 2744/9781/6998
f 2737/9782/7003 2738/9783/7004 2744/9781/6998
f 2738/9770/7004 2739/9772/7005 2744/9781/6998
f 2739/9772/7005 2740/9774/7006 2744/9781/6998
f 2740/9774/7006 2741/9776/7007 2744/9781/6998
f 2741/9776/7007 2742/9778/7008 2744/9781/6998
f 2742/9778/7008 2731/9756/6996 2744/9781/6998
s 1254
usemtl phongE7SG1
f 2745/9784/7009 2746/9785/7010 2748/9786/7011 2747/9787/7012
f 2829/9788/7013 2830/9789/7014 2831/9790/7015 2832/9791/7016
f 2749/9792/7017 2750/9793/7018 2752/9794/7019 2751/9795/7020
f 2751/9795/7020 2752/9794/7019 2746/9785/7010 2745/9784/7009
f 2746/9785/7010 2752/9794/7019 2750/9793/7018 2748/9786/7011
f 2751/9796/7020 2745/9784/7009 2747/9787/7012 2749/9797/7017
f 2747/9787/7012 2748/9786/7011 2754/9798/7021 2753/9799/7022
f 2748/9786/7011 2750/9793/7018 2755/9800/7023 2754/9798/7021
f 2750/9793/7018 2749/9792/7017 2756/9801/7024 2755/9800/7023
f 2749/9797/7017 2747/9787/7012 2753/9799/7022 2756/9802/7024
f 2753/9799/7022 2754/9798/7021 2758/9803/7025 2757/9804/7026
f 2754/9798/7021 2755/9800/7023 2759/9805/7027 2758/9803/7025
f 2755/9800/7023 2756/9801/7024 2760/9806/7028 2759/9805/7027
f 2756/9802/7024 2753/9799/7022 2757/9804/7026 2760/9807/7028
f 2757/9804/7026 2758/9803/7025 2762/9808/7029 2761/9809/7030
f 2758/9803/7025 2759/9805/7027 2763/9810/7031 2762/9808/7029
f 2759/9805/7027 2760/9806/7028 2764/9811/7032 2763/9810/7031
f 2760/9807/7028 2757/9804/7026 2761/9809/7030 2764/9812/7032
f 2761/9809/7030 2762/9808/7029 2766/9813/7033 2765/9814/7034
f 2762/9808/7029 2763/9810/7031 2767/9815/7035 2766/9813/7033
f 2763/9810/7031 2764/9811/7032 2768/9816/7036 2767/9815/7035
f 2764/9812/7032 2761/9809/7030 2765/9814/7034 2768/9817/7036
f 2765/9814/7034 2766/9813/7033 2770/9818/7037 2769/9819/7038
f 2766/9813/7033 2767/9815/7035 2771/9820/7039 2770/9818/7037
f 2767/9815/7035 2768/9816/7036 2772/9821/7040 2771/9820/7039
f 2768/9817/7036 2765/9814/7034 2769/9819/7038 2772/9822/7040
f 2769/9819/7038 2770/9818/7037 2774/9823/7041 2773/9824/7042
f 2770/9818/7037 2771/9820/7039 2775/9825/7043 2774/9823/7041
f 2771/9820/7039 2772/9821/7040 2776/9826/7044 2775/9825/7043
f 2772/9822/7040 2769/9819/7038 2773/9824/7042 2776/9827/7044
f 2773/9824/7042 2774/9823/7041 2778/9828/7045 2777/9829/7046
f 2774/9823/7041 2775/9825/7043 2779/9830/7047 2778/9828/7045
f 2775/9825/7043 2776/9826/7044 2780/9831/7048 2779/9830/7047
f 2776/9827/7044 2773/9824/7042 2777/9829/7046 2780/9832/7048
f 2777/9829/7046 2778/9828/7045 2782/9833/7049 2781/9834/7050
f 2778/9828/7045 2779/9830/7047 2783/9835/7051 2782/9833/7049
f 2779/9830/7047 2780/9831/7048 2784/9836/7052 2783/9835/7051
f 2780/9832/7048 2777/9829/7046 2781/9834/7050 2784/9837/7052
f 2781/9834/7050 2782/9833/7049 2786/9838/7053 2785/9839/7054
f 2782/9833/7049 2783/9835/7051 2787/9840/7055 2786/9838/7053
f 2783/9835/7051 2784/9836/7052 2788/9841/7056 2787/9840/7055
f 2784/9837/7052 2781/9834/7050 2785/9839/7054 2788/9842/7056
f 2785/9839/7054 2786/9838/7053 2790/9843/7057 2789/9844/7058
f 2786/9838/7053 2787/9840/7055 2791/9845/7059 2790/9843/7057
f 2787/9840/7055 2788/9841/7056 2792/9846/7060 2791/9845/7059
f 2788/9842/7056 2785/9839/7054 2789/9844/7058 2792/9847/7060
f 2789/9844/7058 2790/9843/7057 2794/9848/7061 2793/9849/7062
f 2790/9843/7057 2791/9845/7059 2795/9850/7063 2794/9848/7061
f 2791/9845/7059 2792/9846/7060 2796/9851/7064 2795/9850/7063
f 2792/9847/7060 2789/9844/7058 2793/9849/7062 2796/9852/7064
f 2793/9849/7062 2794/9848/7061 2798/9853/7065 2797/9854/7066
f 2794/9848/7061 2795/9850/7063 2799/9855/7067 2798/9853/7065
f 2795/9850/7063 2796/9851/7064 2800/9856/7068 2799/9855/7067
f 2796/9852/7064 2793/9849/7062 2797/9854/7066 2800/9857/7068
f 2797/9854/7066 2798/9853/7065 2802/9858/7069 2801/9859/7070
f 2798/9853/7065 2799/9855/7067 2803/9860/7071 2802/9858/7069
f 2799/9855/7067 2800/9856/7068 2804/9861/7072 2803/9860/7071
f 2800/9857/7068 2797/9854/7066 2801/9859/7070 2804/9862/7072
f 2801/9859/7070 2802/9858/7069 2806/9863/7073 2805/9864/7074
f 2802/9858/7069 2803/9860/7071 2807/9865/7075 2806/9863/7073
f 2803/9860/7071 2804/9861/7072 2808/9866/7076 2807/9865/7075
f 2804/9862/7072 2801/9859/7070 2805/9864/7074 2808/9867/7076
f 2805/9864/7074 2806/9863/7073 2810/9868/7077 2809/9869/7078
f 2806/9863/7073 2807/9865/7075 2811/9870/7079 2810/9868/7077
f 2807/9865/7075 2808/9866/7076 2812/9871/7080 2811/9870/7079
f 2808/9867/7076 2805/9864/7074 2809/9869/7078 2812/9872/7080
f 2809/9869/7078 2810/9868/7077 2814/9873/7081 2813/9874/7082
f 2810/9868/7077 2811/9870/7079 2815/9875/7083 2814/9873/7081
f 2811/9870/7079 2812/9871/7080 2816/9876/7084 2815/9875/7083
f 2812/9872/7080 2809/9869/7078 2813/9874/7082 2816/9877/7084
f 2813/9874/7082 2814/9873/7081 2818/9878/7085 2817/9879/7086
f 2814/9873/7081 2815/9875/7083 2819/9880/7087 2818/9878/7085
f 2815/9875/7083 2816/9876/7084 2820/9881/7088 2819/9880/7087
f 2816/9877/7084 2813/9874/7082 2817/9879/7086 2820/9882/7088
f 2817/9879/7086 2818/9878/7085 2822/9883/7089 2821/9884/7090
f 2818/9878/7085 2819/9880/7087 2823/9885/7091 2822/9883/7089
f 2819/9880/7087 2820/9881/7088 2824/9886/7092 2823/9885/7091
f 2820/9882/7088 2817/9879/7086 2821/9884/7090 2824/9887/7092
f 2821/9884/7090 2822/9883/7089 2826/9888/7093 2825/9889/7094
f 2822/9883/7089 2823/9885/7091 2827/9890/7095 2826/9888/7093
f 2823/9885/7091 2824/9886/7092 2828/9891/7096 2827/9890/7095
f 2824/9887/7092 2821/9884/7090 2825/9889/7094 2828/9892/7096
f 2825/9889/7094 2826/9888/7093 2830/9893/7014 2829/9894/7013
f 2826/9888/7093 2827/9890/7095 2831/9790/7015 2830/9893/7014
f 2827/9890/7095 2828/9891/7096 2832/9791/7016 2831/9790/7015
f 2828/9892/7096 2825/9889/7094 2829/9894/7013 2832/9895/7016
